{
  "swagger" : "2.0",
  "info" : {
    "title" : " Aadc Utility",
    "version" : "1.0.0",
    "description" : "Aadc Utility Services facilitates bill payments to AADC utility service providers"
  },
  "host" : "api.bankfab.com",
  "schemes" : [ "https" ],
  "basePath" : "/utility/aadc/v1",
  "paths" : {
    "/bills/balance" : {
      "post" : {
        "tags": [
          "Utility-Services"
        ],
        "operationId" : "aadcBalanceEnquiry",
        "responses" : {
          "200" : {
            "description" : "AADC Balance Enquiry operation was successful.",
            "schema" : {
              "$ref" : "#/definitions/commonBalanceEnquiryResponse"
            }
          }
        },
        "consumes" : [ "application/json" ],
        "produces" : [ "application/json" ],
        "summary" : "Retrieve Balance",
        "description" : "Intiate a Balance Enquiry with the AADC service provider",
        "parameters" : [ {
          "name" : "body",
          "in" : "body",
          "schema" : {
            "$ref" : "#/definitions/aadcConsumerRequest"
          },
          "description" : "The request body for the operation",
          "required" : true
        } ]
      }
    },
    "/bills/payment/bycreditcard" : {
      "post" : {
        "tags": [
          "Utility-Services"
        ],
        "operationId" : "aadcCardPayment",
        "responses" : {
          "200" : {
            "description" : "AADC Payment by Card operation was successful.",
            "schema" : {
              "$ref" : "#/definitions/commonPaymentResponse"
            }
          }
        },
        "consumes" : [ "application/json" ],
        "produces" : [ "application/json" ],
        "summary" : "Post Bill Payment by Credit card",
        "description" : "Executes payment with the AADC service provider by using credit card",
        "parameters" : [ {
          "name" : "body",
          "in" : "body",
          "schema" : {
            "$ref" : "#/definitions/aadcCardPaymentReq"
          },
          "description" : "The request body for the operation",
          "required" : true
        } ]
      }
    },
    "/bills/payment/byaccount" : {
      "post" : {
        "tags": [
          "Utility-Services"
        ],
        "operationId" : "aadcAccountPayment",
        "responses" : {
          "200" : {
            "description" : "AADC Payment by Account operation was successful.",
            "schema" : {
              "$ref" : "#/definitions/commonPaymentResponse"
            }
          }
        },
        "consumes" : [ "application/json" ],
        "produces" : [ "application/json" ],
        "summary" : "Post Bill Payment by Account",
        "description" : "Executes payment with the AADC service provider from CASA account",
        "parameters" : [ {
          "name" : "body",
          "in" : "body",
          "schema" : {
            "$ref" : "#/definitions/aadcAccountPaymentReq"
          },
          "description" : "The request body for the operation",
          "required" : true
        } ]
      }
    },
    "/bills/payment/byprepaidcard" : {
      "post" : {
        "tags": [
          "Utility-Services"
        ],
        "operationId" : "aadcPrepaidCardPayment",
        "responses" : {
          "200" : {
            "description" : "AADC Payment by Prepaid Card operation was successful.",
            "schema" : {
              "$ref" : "#/definitions/commonPaymentResponse"
            }
          }
        },
        "consumes" : [ "application/json" ],
        "produces" : [ "application/json" ],
        "summary" : "Post Bill Payment by Prepaid card",
        "description" : "Executes payment with the AADC service provider by using prepaid card",
        "parameters" : [ {
          "name" : "body",
          "in" : "body",
          "schema" : {
            "$ref" : "#/definitions/aadcCardPaymentReq"
          },
          "description" : "The request body for the operation",
          "required" : true
        } ]
      }
    }
  },
  "definitions" : {
    "responseStatus" : {
      "type" : "object",
      "properties" : {
        "status" : {
          "type" : "string",
          "example" : "SUCCESS",
          "description": "Response Status. Values - SUCCESS/ERROR/WARNING"
        },
        "error" : {
          "type" : "object",
          "properties" : {
            "code" : {
              "type" : "string",
              "description": "Code that defines the reason for the error. It is alphanumeric",
              "example": "SYS9999"
            },
            "description" : {
              "type" : "string",
              "description": "Details of the exception that has occurred",
              "example": "Technical Error in Interface"
            }
          }
        }
      },
      "required" : [ "status" ]
    },
    "genericError" : {
      "type" : "object",
      "properties" : {
        "responseStatus" : {
          "$ref" : "#/definitions/diResponseStatus"
        }
      }
    },
    "diResponseStatus" : {
      "type" : "array",
      "items" : {
        "type" : "object",
        "properties" : {
          "status" : {
            "type" : "string",
            "example" : "SUCCESS/ERROR",
            "description" : "response description success or failure"
          },
          "errorCode" : {
            "type" : "string",
            "example" : "SYS001",
            "description" : "Error code"
          },
          "errorDesc" : {
            "type" : "string",
            "example" : "<error description>",
            "description" : "error code description"
          }
        }
      }
    },
    "aadcConsumerRequest" : {
      "type" : "object",
      "properties" : {
        "aadcConsumer" : {
          "$ref" : "#/definitions/commonBalanceEnquiryRequest"
        },
        "customerIdentifier" : {
          "type" : "string",
          "description": "Unique FAB Customer ID number used to identify the end customer and aggregate the end customer's different accounts, bringing those multiple accounts into one value. Note - The Customer ID is a randomly generated number and is created one time only",
          "example" : "1XXXXX7"
        }
      }
    },
    "commonBalanceEnquiryRequest" : {
      "type" : "object",
      "properties" : {
        "agency" : {
          "type" : "string",
          "example" : "AADC",
          "description": "Utility company cide"
        },
        "consumerNo" : {
          "type" : "string",
          "example" : "999XXXX742",
          "description": "Consumer number of the customer for which bills needs to be paid"
        },
        "telephoneNo" : {
          "type" : "string",
          "example" : "056XXXXXXX",
          "description": "Mobile number of the customer for which bills needs to be paid"
        }
      }
    },
    "commonBalanceEnquiryResponse" : {
      "type" : "object",
      "properties" : {
        "amountDue" : {
          "type" : "string",
          "example" : "2000.00",
          "description":"Total Amount Due"
        },
        "minimumAmount" : {
          "type" : "string",
          "example" : "50.00",
          "description" : "Minimum amount to be paid"
        },
        "maximumAmount" : {
          "type" : "string",
          "example" : "2500.00",
          "description": "Maximum amount allowed for payment"
        },
        "inMultiplesOf" : {
          "type" : "string",
          "example" : "10.00",
          "description": "Payment allowed in multiple of 10"
        },
        "responseStatus" : {
          "$ref" : "#/definitions/diResponseStatus"
        }
      }
    },
    "cardPaymentRequest" : {
      "type" : "object",
      "properties" : {
        "accountingUnitIdentifier" : {
          "type" : "string",
          "example" : "AEXX1XXX1",
          "description" : "This is the accounting unit. It specifies that for which instance of core application this customer identifier belong to"
        },
        "creditCardNo" : {
          "type" : "string",
          "example" : "410038XXXXXX7144",
          "description" : "Credit card number from which payment needs to be done"
        },
        "prepaidCardNo" : {
          "type" : "string",
          "example" : "410038XXXXXX7144",
          "description" : "Prepaid card number from which payment needs to be done"
        },
        "currencyCode" : {
          "type" : "string",
          "example" : "AED",
          "description" : "ISO-4217 Currency ccode of source account/Card"
        },
        "transactionAmount" : {
          "type" : "string",
          "example" : "3315.00",
          "description": "transaction amount"
        },
        "transactionId" : {
          "type" : "string",
          "example" : "3637823XXXXX72705",
          "description" : "unique number of transaction request id"
        },
        "amountDue" : {
          "type" : "string",
          "example" : "3315.00",
          "description" : "Amount due after successful payment"
        },
        "availableBalance" : {
          "type" : "string",
          "example" : "3315.00",
          "description" : "Available balance after successful payment"
        },
        "txnRefNo" : {
          "type" : "string",
          "example" : "ATM123658",
          "description" : "Unique Reference number afer payment"
        },
        "paymentDetails" : {
          "type" : "string",
          "example" : "UtilityService",
          "description" :  "Payment detail description"
        },
        "reqDetails" : {
          "type" : "string",
          "example" : "UtilityService",
          "description" :  "Request detail description"
        },
        "billerCode" : {
          "type" : "string",
          "example" : "UtilityService",
          "description" :  "Bill code detail description"
        },
        "senderLocation" : {
          "type" : "string",
          "example" : "UtilityService",
          "description" :  "Sender location detail description"
        },
        "interfaceId" : {
          "type" : "string",
          "example" : "UtilityService",
          "description" :  "Interface id detail description"
        }
      },
      "required" : [ "currencyCode", "transactionAmount" ]
    },
    "accountPaymentRequest" : {
      "type" : "object",
      "properties" : {
        "accountingUnitIdentifier" : {
          "type" : "string",
          "example" : "AEXX1XXX1",
          "description" : "This is the accounting unit. It specifies that for which instance of core application this customer identifier belong to"
        },
        "accountNo" : {
          "type" : "string",
          "example" : "12XXXXXXXXXXXX20",
          "description" : "Account number from which payment needs to be done"
        },
        "accountType" : {
          "type" : "string",
          "example" : "CH",
          "description" : " Type of account : Saving Account (SA), Current Account (CH)"
        },
        "currencyCode" : {
          "type" : "string",
          "example" : "AED",
          "description" : "ISO-4217 Currency ccode of source account"
        },
        "transactionAmount" : {
          "type" : "string",
          "example" : "3315.00",
          "description": "transaction amount"
        },
        "transactionId" : {
          "type" : "string",
          "example" : "3637XXXXX14172705",
          "description" : "unique number of transaction request id"
        },
        "txnRefNo" : {
          "type" : "string",
          "example" : "ATM123658",
          "description" : "Unique transaction Reference number for payment"
        },
        "amountDue" : {
          "type" : "string",
          "example" : "3315.0",
          "description":"Total Amount Due"
        },
        "availableBalance" : {
          "type" : "string",
          "example" : "3315.00",
          "description" : "Available balance after successful payment"
        },
        "paymentDetails" : {
          "type" : "string",
          "example" : "UtilityService",
          "description" :  "Payment detail description"
        },
        "reqDetails" : {
          "type" : "string",
          "example" : "UtilityService",
          "description" :  "Request detail description"
        },
        "billerCode" : {
          "type" : "string",
          "example" : "UtilityService",
          "description" :  "Bill code detail description"
        },
        "senderLocation" : {
          "type" : "string",
          "example" : "UtilityService",
          "description" :  "Sender location detail description"
        },
        "interfaceId" : {
          "type" : "string",
          "example" : "UtilityService",
          "description" :  "Interface id detail description"
        }
      },
      "required" : [ "accountNo", "currencyCode", "transactionAmount" ]
    },
    "aadcAccountPaymentReq" : {
      "type" : "object",
      "properties" : {
        "accountPayment" : {
          "$ref" : "#/definitions/accountPaymentRequest"
        },
        "aadcConsumer" : {
          "$ref" : "#/definitions/commonBalanceEnquiryRequest"
        },
        "customerIdentifier" : {
          "type" : "string",
          "example" : "1XXXXX7",
          "description": "Unique FAB Customer ID number used to identify the end customer and aggregate the end customer's different accounts, bringing those multiple accounts into one value. Note - The Customer ID is a randomly generated number and is created one time only"
        }
      }
    },
    "aadcCardPaymentReq" : {
      "type" : "object",
      "properties" : {
        "cardPayment" : {
          "$ref" : "#/definitions/cardPaymentRequest"
        },
        "aadcConsumer" : {
          "$ref" : "#/definitions/commonBalanceEnquiryRequest"
        },
        "customerIdentifier" : {
          "type" : "string",
          "example" : "1XXXXX7",
          "description": "Unique FAB Customer ID number used to identify the end customer and aggregate the end customer's different accounts, bringing those multiple accounts into one value. Note - The Customer ID is a randomly generated number and is created one time only"
        }
      }
    },
    "commonPaymentResponse" : {
      "type" : "object",
      "properties" : {
        "fgbTransactionRefNo" : {
          "type" : "string",
          "example" : "FT1623XXXX28",
          "description": " Reference number for trasaction"
        },
        "transactionDateTime" : {
          "type" : "string",
          "example" : "17/12/2016 00:22:16"
        },
        "availableBalance" : {
          "type" : "string",
          "example" : "102.00",
          "description" : "Available balance after successful payment"
        },
        "responseStatus" : {
          "$ref" : "#/definitions/diResponseStatus"
        }
      }
    }
  }
}