{
  "swagger" : "2.0",
  "info" : {
    "title" : "Addc Utility",
    "version" : "1.0.0",
    "description" : "Addc Utility Services facilitates bill payments to ADDC utility service providers"
  },
  "host" : "api.bankfab.com",
  "schemes" : [ "https" ],
  "basePath" : "/utility/addc/v1",
  "paths" : {
    "/bills/balance" : {
      "post" : {
        "tags": [
          "Utility-Services"
        ],
        "operationId" : "addcBalanceEnquiry",
        "responses" : {
          "200" : {
            "description" : "ADDC Balance Enquiry operation was successful.",
            "schema" : {
              "$ref" : "#/definitions/commonBalanceEnquiryResponse"
            }
          }
        },
        "consumes" : [ "application/json" ],
        "produces" : [ "application/json" ],
		"summary" : "Retrieve Balance",
        "description" : "Intiate a Balance Enquiry with the ADDC service provider",
        "parameters" : [ {
          "name" : "body",
          "in" : "body",
          "schema" : {
            "$ref" : "#/definitions/addcConsumerRequest"
          },
          "description" : "The request body for the operation",
          "required" : true
        } ]
      }
    },
    "/bills/payment/bycreditcard" : {
      "post" : {
        "tags": [
          "Utility-Services"
        ],
        "operationId" : "addcCardPayment",
        "responses" : {
          "200" : {
            "description" : "ADDC Payment by Card operation was successful.",
            "schema" : {
              "$ref" : "#/definitions/commonPaymentResponse"
            }
          }
        },
        "consumes" : [ "application/json" ],
        "produces" : [ "application/json" ],
		"summary" : "Post Bill Payment by Credit card",
        "description" : "Executes a payment with the ADDC service provider by using credit card",
        "parameters" : [ {
          "name" : "body",
          "in" : "body",
          "schema" : {
            "$ref" : "#/definitions/addcCardPaymentReq"
          },
          "description" : "The request body for the operation",
          "required" : true
        } ]
      }
    },
    "/bills/payment/byaccount" : {
      "post" : {
        "tags": [
          "Utility-Services"
        ],
        "operationId" : "addcAccountPayment",
        "responses" : {
          "200" : {
            "description" : "ADDC Payment by Account operation was successful.",
            "schema" : {
              "$ref" : "#/definitions/commonPaymentResponse"
            }
          }
        },
        "consumes" : [ "application/json" ],
        "produces" : [ "application/json" ],
        "summary" : "Post Bill Payment by Account",
        "description" : "Executes a payment with the ADDC service provider from a CASA account",
        "parameters" : [ {
          "name" : "body",
          "in" : "body",
          "schema" : {
            "$ref" : "#/definitions/addcAccountPaymentReq"
          },
          "description" : "The request body for the operation",
          "required" : true
        } ]
      }
    },
    "/bills/payment/byprepaidcard" : {
      "post" : {
        "tags": [
          "Utility-Services"
        ],
        "operationId" : "addcPrepaidCardPayment",
        "responses" : {
          "200" : {
            "description" : "ADDC Payment by Prepaid Card operation was successful.",
            "schema" : {
              "$ref" : "#/definitions/commonPaymentResponse"
            }
          }
        },
        "consumes" : [ "application/json" ],
        "produces" : [ "application/json" ],
        "summary" : "Post Bill Payment by Prepaid card",
        "description" : "Executes a payment with the ADDC service provider by using prepaid card",
        "parameters" : [ {
          "name" : "body",
          "in" : "body",
          "schema" : {
            "$ref" : "#/definitions/addcCardPaymentReq"
          },
          "description" : "The request body for the operation",
          "required" : true
        } ]
      }
    }
  },
  "definitions" : {
    "responseStatus" : {
      "type" : "object",
      "properties" : {
        "status" : {
          "type" : "string",
          "example" : "SUCCESS",
         "description": "Response Status. Values - SUCCESS/ERROR/WARNING"
        },
        "error" : {
          "type" : "object",
          "properties" : {
            "code" : {
              "type" : "string",
              "description": "Code that defines the reason for the error. It is alphanumeric",
              "example": "SYS9999"
            },
            "description" : {
              "type" : "string",
              "description": "Details of the exception that has occurred",
              "example": "Technical Error in Interface"
            }
          }
        }
      },
      "required" : [ "status" ]
    },
    "genericError" : {
      "type" : "object",
      "properties" : {
        "responseStatus" : {
          "$ref" : "#/definitions/diResponseStatus"
        }
      }
    },
    "diResponseStatus" : {
      "type" : "array",
      "items" : {
        "type" : "object",
        "properties" : {
          "status" : {
            "type" : "string",
          "description" : "Response status. Values - SUCCESS/ERROR/WARNING",
          "example" : "SUCCESS"
          },
          "errorCode" : {
            "type" : "string",
            "description": "Code that defines the reason for the error. It is alphanumeric",
            "example": "SYS9999"
          },
          "errorDesc" : {
            "type" : "string",
            "description": "Details of the exception that has occurred",
            "example": "Technical Error in Interface"
          }
        }
      }
    },
    "addcConsumerRequest" : {
      "type" : "object",
      "properties" : {
        "addcConsumer" : {
          "$ref" : "#/definitions/commonBalanceEnquiryRequest"
        },
        "customerIdentifier" : {
          "type" : "string",
          "example" : "1XXXXX7",
          "description": "Unique FAB Customer ID number used to identify the end customer and aggregate the end customer's different accounts, bringing those multiple accounts into one value. Note - The Customer ID is a randomly generated number and is created one time only"
        }
      }
    },
    "commonBalanceEnquiryRequest" : {
      "type" : "object",
      "properties" : {
        "agency" : {
          "type" : "string",
          "example" : "ADDC/AADC/SEWA/DEWA/ETISALAT",
          "description" : "agency code for utility"
        },
        "consumerNo" : {
          "type" : "string",
          "example" : "999XXXX742",
          "description": "Consumer number of the customer for which bills needs to be paid"
        },
        "telephoneNo" : {
          "type" : "string",
          "example" : "056XXXXXXX",
          "description": "Mobile number of the customer for which bills needs to be paid"
        }
      }
    },
    "commonBalanceEnquiryResponse" : {
      "type" : "object",
      "properties" : {
        "amountDue" : {
          "type" : "string",
          "example" : "2000.00",
          "description":"Total Amount Due"
        },
        "minimumAmount" : {
          "type" : "string",
          "example" : "50.00",
          "description" : "Minimum amount to be paid"
        },
        "maximumAmount" : {
          "type" : "string",
          "example" : "2500.00",
          "description": "Maximum amount allowed for payment"
        },
        "inMultiplesOf" : {
          "type" : "string",
          "example" : "10.00",
          "description": "Payment allowed in multiple of 10"
        },
        "responseStatus" : {
          "$ref" : "#/definitions/diResponseStatus"
        }
      }
    },
    "cardPaymentRequest" : {
      "type" : "object",
      "properties" : {
        "accountingUnitIdentifier" : {
          "type" : "string",
          "example" : "AEXX1XXX1",
          "description" : "This is the accounting unit. It specifies that for which instance of core application this customer identifier belong to"
        },
        "creditCardNo" : {
          "type" : "string",
          "example" : "521314XXXXXX8939",
          "description" : "Credit card number from which payment needs to be done"
        },
        "prepaidCardNo" : {
          "type" : "string",
          "example" : "521314XXXXXX8939",
          "description" : "Prepaid card number from which payment needs to be done"
        },
        "currencyCode" : {
          "type" : "string",
          "example" : "AED",
          "description" : "ISO-4217 Currency ccode of source account/Card"
        },
        "transactionAmount" : {
          "type" : "string",
          "example" : "3315.0",
          "description": "transaction amount"
        },
        "transactionId" : {
          "type" : "string",
          "example" : "3637823XXXXXX2705",
          "description" : "unique number of transaction request id"
        },
        "amountDue" : {
          "type" : "string",
          "example" : "3315.00",
          "description" : "Amount due after successful payment"
        },
        "availableBalance" : {
          "type" : "string",
          "example" : "3315.00",
          "description" : "Available balance after successful payment"
        },
        "txnRefNo" : {
          "type" : "string",
          "example" : "ATM123658",
          "description" : "Unique Reference number afer payment"
        },
        "paymentDetails" : {
          "type" : "string",
          "example" : "UtilityService",
          "description" :  "Payment detail description"
        },
        "reqDetails" : {
          "type" : "string",
          "example" : "UtilityService",
          "description" :  "Request detail description"
        },
        "billerCode" : {
          "type" : "string",
          "example" : "UtilityService",
          "description" :  "Biller code detail description"
        },
        "senderLocation" : {
          "type" : "string",
          "example" : "UtilityService",
          "description" :  "Sender location detail description"
        },
        "interfaceId" : {
          "type" : "string",
          "example" : "UtilityService",
          "description" :  "Interface id detail description"
        }
      },
      "required" : [ "currencyCode", "transactionAmount" ]
    },
    "accountPaymentRequest" : {
      "type" : "object",
      "properties" : {
        "accountingUnitIdentifier" : {
          "type" : "string",
          "example" : "AEXX1XXX1",
          "description" : "This is the accounting unit. It specifies that for which instance of core application this customer identifier belong to"
        },
        "accountNo" : {
          "type" : "string",
          "example" : "12XXXXXXXXXXXX20",
          "description" : "Account number from which payment needs to be done"
        },
        "accountType" : {
          "type" : "string",
          "example" : "CH",
          "description" : " Type of account : Saving Account (SA), Current Account (CH)"
        },
        "currencyCode" : {
          "type" : "string",
          "example" : "AED",
          "description" : "ISO-4217 Currency ccode of source account"
        },
        "transactionAmount" : {
          "type" : "string",
          "example" : "3315.00",
          "description": "transaction amount"
        },
        "transactionId" : {
          "type" : "string",
          "example" : "36378XXXXXX172705",
          "description" : "unique number of transaction request id"
        },
        "txnRefNo" : {
          "type" : "string",
          "example" : "ATM123658",
          "description" : "Unique transaction Reference number for payment"
        },
        "amountDue" : {
          "type" : "string",
          "example" : "3315.00",
          "description":"Total Amount Due"
        },
        "availableBalance" : {
          "type" : "string",
          "example" : "3315.00",
          "description" : "Available balance after successful payment"
        },
        "paymentDetails" : {
          "type" : "string",
          "example" : "UtilityService",
          "description" :  "Payment detail description"
        },
        "reqDetails" : {
          "type" : "string",
          "example" : "UtilityService",
          "description" :  "Request detail description"
        },
        "billerCode" : {
          "type" : "string",
          "example" : "UtilityService",
          "description" :  "Biller code detail description"
        },
        "senderLocation" : {
          "type" : "string",
          "example" : "UtilityService",
          "description" :  "Sender location detail description"
        },
        "interfaceId" : {
          "type" : "string",
          "example" : "UtilityService",
          "description" :  "Interface id detail description"
        }
      },
      "required" : [ "accountNo", "currencyCode", "transactionAmount" ]
    },
    "addcAccountPaymentReq" : {
      "type" : "object",
      "properties" : {
        "accountPayment" : {
          "$ref" : "#/definitions/accountPaymentRequest"
        },
        "addcConsumer" : {
          "$ref" : "#/definitions/commonBalanceEnquiryRequest"
        },
        "customerIdentifier" : {
          "type" : "string",
          "example" : "1XXXXX7",
          "description": "Unique FAB Customer ID number used to identify the end customer and aggregate the end customer's different accounts, bringing those multiple accounts into one value. Note - The Customer ID is a randomly generated number and is created one time only"
        }
      }
    },
    "addcCardPaymentReq" : {
      "type" : "object",
      "properties" : {
        "cardPayment" : {
          "$ref" : "#/definitions/cardPaymentRequest"
        },
        "addcConsumer" : {
          "$ref" : "#/definitions/commonBalanceEnquiryRequest"
        },
        "customerIdentifier" : {
          "type" : "string",
          "example" : "1XXXXX7",
          "description": "Unique FAB Customer ID number used to identify the end customer and aggregate the end customer's different accounts, bringing those multiple accounts into one value. Note - The Customer ID is a randomly generated number and is created one time only"
        }
      }
    },
    "commonPaymentResponse" : {
      "type" : "object",
      "properties" : {
        "fgbTransactionRefNo" : {
          "type" : "string",
          "example" : "FTXXXXX00828",
          "description": " Reference number for trasaction"
        },
        "transactionDateTime" : {
          "type" : "string",
          "example" : "17/12/2016 00:22:16",
          "description" : "Transaction date and time in format : YYYY-MM-DD HH:MM:SS"
        },
        "availableBalance" : {
          "type" : "string",
          "example" : "102.00",
          "description" : "Available balance after successful payment"
        },
        "responseStatus" : {
          "$ref" : "#/definitions/diResponseStatus"
        }
      }
    }
  }
}