{
  "swagger": "2.0",
  "info": {
    "title": "Arrangement Debit Card",
    "version": "1.0.0",
    "description": "Arrangement Debit Card Services handles operations on Debit Card"
  },
  "host": "api.bankfab.com",
  "schemes": [
    "https"
  ],
  "basePath": "/arrangement/debitcard/v1",
  "paths": {
    "/pin/update": {
      "post": {
        "summary": "Debit Card Pin update",
        "description": "Updates the pin for a Debit Card in the Card Management System",
        "operationId": "debitCardPinChange",
        "consumes": [
          "application/json"
        ],
        "produces": [
          "application/json"
        ],
        "parameters": [
          {
            "name": "body",
            "in": "body",
            "description": "The request body for the operation",
            "required": true,
            "schema": {
              "$ref": "#/definitions/debitCardPinRequest"
            }
          }
        ],
        "tags": [
          "Card-Services"
        ],
        "responses": {
          "200": {
            "description": "Debit Card Pin Update",
            "schema": {
              "$ref": "#/definitions/creditDebitCardPinChangeResponse"
            }
          }
        }
      }
    },
    "/activate": {
      "post": {
        "summary": "Activate Debit Card",
        "description": "Activates a Debit Card in the Card Management System",
        "operationId": "activateDebitCard",
        "consumes": [
          "application/json"
        ],
        "produces": [
          "application/json"
        ],
        "parameters": [
          {
            "name": "body",
            "in": "body",
            "schema": {
              "$ref": "#/definitions/activateDebitCardRequest"
            },
            "description": "The request body for the operation",
            "required": true
          }
        ],
        "tags": [
          "Card-Services"
        ],
        "responses": {
          "200": {
            "description": "The operation was successful.",
            "schema": {
              "$ref": "#/definitions/activateDebitCardResponse"
            }
          }
        }
      }
    },
    "/blockCode/update": {
      "post": {
        "summary": "Block or Unblock Debit Card",
        "description": "Updates or Removes the block code for a Debit card in the Card Management System",
        "operationId": "DCBlockCodeUpdate",
        "consumes": [
          "application/json"
        ],
        "produces": [
          "application/json"
        ],
        "tags": [
          "Card-Services"
        ],
        "parameters": [
          {
            "name": "body",
            "in": "body",
            "schema": {
              "$ref": "#/definitions/blockCodeUpdateRequest"
            },
            "description": "The request body for the operation",
            "required": true
          }
        ],
        "responses": {
          "200": {
            "description": "Block Code update was successful.",
            "schema": {
              "$ref": "#/definitions/blockCodeUpdateResponse"
            }
          },
          "default": {
            "description": "Block Code update was failed",
            "schema": {
              "$ref": "#/definitions/Error"
            }
          }
        }
      }
    },
    "/link/card": {
      "post": {
        "summary": "Link/Delink Debit Card",
        "description": "Service to Link a CASA account to Debit Card OR Delink a CASA account from a Debit Card",
        "operationId": "linkcard",
        "consumes": [
          "application/json"
        ],
        "produces": [
          "application/json"
        ],
        "tags": [
          "Card-Services"
        ],
        "parameters": [
          {
            "name": "body",
            "in": "body",
            "schema": {
              "$ref": "#/definitions/linkCardRequest"
            },
            "description": "The request body for the operation",
            "required": true
          }
        ],
        "responses": {
          "200": {
            "description": "Link the DebitCard with T24",
            "schema": {
              "$ref": "#/definitions/linkCardResponse"
            }
          }
        }
      }
    }
  },
  "definitions": {
    "linkCardRequest": {
      "type": "object",
      "properties": {
        "accountNumber": {
          "type": "string",
          "description": "CASA account number to which requested Debit Card is linked to",
          "example": "101******1"
        }
      },
      "required": [
        "accountNumber"
      ]
    },
    "linkCardResponse": {
      "type": "object",
      "properties": {
        "responseStatus": {
          "$ref": "#/definitions/respStatus_RDO"
        }
      }
    },
    "blockCodeUpdateRequest": {
      "type": "object",
      "properties": {
        "debitCardNo": {
          "type": "string",
          "description": "Debit Card number",
          "example": "557661********12"
        },
        "blockCode": {
          "type": "string",
          "description": "Block code to be applied on debit card",
          "example": "D"
        },
        "functionCode": {
          "type": "string",
          "description": "Code that defines action: to block or unblock",
          "example": "B/U"
        },
        "customerIdentifier": {
          "type": "string",
          "description": "Customer Identifier",
          "example": "1234567"
        }
      },
      "required": [
        "debitCardNo",
        "functionCode"
      ]
    },
    "blockCodeUpdateResponse": {
      "type": "object",
      "properties": {
        "responseStatus": {
          "$ref": "#/definitions/respStatus_RDO"
        }
      }
    },
    "responseStatus": {
      "type": "object",
      "properties": {
        "status": {
          "type": "string",
          "description" : "Response status. Values - SUCCESS/ERROR/WARNING",
          "example" : "SUCCESS"
        },
        "error": {
          "type": "object",
          "properties": {
            "code": {
              "type": "string",
              "description": "Code that defines the reason for the error. It is alphanumeric",
              "example": "SYS9999"
            },
            "description": {
              "type": "string",
              "description": "Details of the exception that has occurred",
              "example": "Technical Error in Interface"
            }
          }
        }
      },
      "required": [
        "status"
      ]
    },
    "genericError": {
      "type": "object",
      "properties": {
        "responseStatus": {
          "$ref": "#/definitions/diResponseStatus"
        }
      }
    },
    "diResponseStatus": {
      "type": "array",
      "items": {
        "$ref": "#/definitions/ResponseStatus_RDO"
      }
    },
    "ResponseStatus_RDO": {
      "type": "object",
      "properties": {
        "status": {
          "type": "string",
          "description" : "Response status. Values - SUCCESS/ERROR/WARNING",
          "example" : "SUCCESS"
        },
        "errorCode": {
          "type": "string",
          "description": "Code that defines the reason for the error. It is alphanumeric",
          "example": "SYS9999"
        },
        "errorDesc": {
          "type": "string",
          "description": "Details of the exception that has occurred",
          "example": "Technical Error in Interface"
        }
      }
    },
    "creditDebitCardPinChangeResponse": {
      "type": "object",
      "properties": {
        "responseStatus": {
          "$ref": "#/definitions/diResponseStatus"
        },
        "success": {
          "type": "string",
          "description": "response message",
          "example": "DebitCard pin change successful"
        },
        "transactionDateTime": {
          "type": "string",
          "description": "transaction date & time",
          "example": "<CURRENT DATE TIME>"
        }
      },
      "required": [
        "success"
      ]
    },
    "debitCardPinRequest": {
      "type": "object",
      "properties": {
        "cardNumber": {
          "type": "string",
          "description": "Debit card number",
          "example": "557661XXXX091283"
        },
        "pin": {
          "type": "string",
          "description": "PIN number",
          "example": "XXXX"
        },
        "customerIdentifier": {
          "type": "string",
          "description": "Customer Identifier",
          "example": "1234048"
        },
        "smsLang": {
          "type": "string",
          "description": "Language indicator to trigger SMS: EN, AR",
          "example": "EN"
        }
      },
      "required": [
        "cardNumber",
        "pin"
      ]
    },
    "activateDebitCardRequest": {
      "type": "object",
      "properties": {
        "debitCardNumber": {
          "type": "string",
          "description": "Debit card number",
          "example": "557661XXXXXX1092"
        },
        "pin": {
          "type": "string",
          "description": "PIN number",
          "example": "XXXXX"
        },
        "smsLang": {
          "type": "string",
          "description": "Language indicator to trigger SMS upon successful PIN set/reset",
          "example": "EN"
        },
        "customerIdentifier": {
          "type": "string",
          "description": "customer ID",
          "example": "1XXXXX7"
        }
      },
      "required": [
        "debitCardNumber"
      ]
    },
    "activateDebitCardResponse": {
      "type": "object",
      "properties": {
        "responseStatus": {
          "$ref": "#/definitions/diResponseStatus"
        }
      },
      "required": [
        "responseStatus"
      ]
    },
    "Error": {
      "type": "object",
      "properties": {
        "responseStatus": {
          "$ref": "#/definitions/respStatus_RDO"
        }
      }
    },
    "respStatus_RDO": {
      "type": "object",
      "properties": {
        "status": {
          "type": "string",
          "description" : "Response status. Values - SUCCESS/ERROR/WARNING",
          "example" : "SUCCESS"
        },
        "errorDetails": {
          "type": "array",
          "items": {
            "$ref": "#/definitions/errorDetails_RDO"
          }
        },
        "metaData": {
          "type": "object",
          "properties": {
            "dateFormat": {
              "type": "string",
              "description": "Request date",
              "example": "dd/MM/yyyy"
            }
          }
        }
      }
    },
    "errorDetails_RDO": {
      "type": "object",
      "properties": {
        "errorCode": {
          "type": "string",
          "description": "Code that defines the reason for the error. It is alphanumeric",
          "example": "SYS9999"
        },
        "errorDesc": {
          "type": "string",
          "description": "Details of the exception that has occurred",
          "example": "Technical Error in Interface"
        }
      }
    }
  }
}