{
  "swagger" : "2.0",
  "info" : {
    "title" : "ArrangementPrepaidCard",
    "description" : "This API covers Prepaid card related functions covering the  value chain from sale of a prepaid card, activation to transactions. It also includes APIs to support customer service through channels",
    "version" : "2.0.0"
  },
  "host" : "api.bankfab.com",
  "basePath" : "/arrangement/prepaidcard/v1",
  "schemes" : [ "https" ],
  "consumes" : [ "application/json" ],
  "produces" : [ "application/json" ],
  "paths" : {
    "/carddetails" : {
      "post" : {
        "summary" : "Get Prepaid Card Details",
        "description" : "Service to get Prepaid Card Details",
        "tags" : [ "Card-Information" ],
        "operationId" : "cardDetails",
        "parameters" : [ {
          "name" : "cardDetailsRequest",
          "in" : "body",
          "description" : "Prepaid Card Details Request",
          "required" : true,
          "schema" : {
            "$ref" : "#/definitions/cardDetailsRequest"
          }
        } ],
        "responses" : {
          "200" : {
            "description" : "Prepaid Card Details Response",
            "schema" : {
              "$ref" : "#/definitions/cardDetailsResponse"
            }
          },
          "default" : {
            "description" : "Unexpected error",
            "schema" : {
              "$ref" : "#/definitions/responseStatusObject"
            }
          }
        }
      }
    },
    "/search" : {
      "post" : {
        "summary" : "Search Prepaid card ",
        "description" : "Service to search Prepaid Card Details by Name, Mobile or card number",
        "tags" : [ "Card-Information" ],
        "operationId" : "searchPrepaidCard",
        "parameters" : [ {
          "name" : "searchPrePaidCardRequest",
          "in" : "body",
          "description" : "Search Prepaid Card Request",
          "required" : true,
          "schema" : {
            "$ref" : "#/definitions/searchPrePaidCardRequest"
          }
        } ],
        "responses" : {
          "200" : {
            "description" : "Search Prepaid Card Response",
            "schema" : {
              "$ref" : "#/definitions/searchPrePaidCardResponse"
            }
          },
          "default" : {
            "description" : "Unexpected error",
            "schema" : {
              "$ref" : "#/definitions/responseStatusObject"
            }
          }
        }
      }
    },
    "/processpasscode" : {
      "post" : {
        "tags" : [ "Card-Services" ],
        "operationId" : "processPassCode",
        "responses" : {
          "200" : {
            "description" : "Process pass code successful response",
            "schema" : {
              "$ref" : "#/definitions/processPassCodeResponse"
            }
          },
          "default" : {
            "description" : "Error response",
            "schema" : {
              "$ref" : "#/definitions/responseStatusObject"
            }
          }
        },
        "summary" : "Process Prepaid Card",
        "description" : "Service to process pass code for EDirham card product",
        "parameters" : [ {
          "name" : "body",
          "in" : "body",
          "schema" : {
            "$ref" : "#/definitions/processPassCodeRequest"
          },
          "description" : "Process pass code request",
          "required" : true
        } ]
      }
    },
    "/processshortregistration" : {
      "post" : {
        "tags" : [ "Card-Services" ],
        "operationId" : "processShortRegistration",
        "responses" : {
          "200" : {
            "description" : "Process pass code success response",
            "schema" : {
              "$ref" : "#/definitions/processShortRegistrationResponse"
            }
          },
          "default" : {
            "description" : "Error response",
            "schema" : {
              "$ref" : "#/definitions/responseStatusObject"
            }
          }
        },
        "summary" : "Short Registeration of the card", 
        "description" : "Service to register a customer using name, phone or address. Currently the service is only applicable for EDirham product offering",
        "parameters" : [ {
          "name" : "body",
          "in" : "body",
          "schema" : {
            "$ref" : "#/definitions/processShortRegistrationRequest"
          },
          "description" : "Proess short registration request",
          "required" : true
        } ]
      }
    },
    "/cardtransactionhistory" : {
      "post" : {
        "tags" : [ "Card-Information" ],
        "operationId" : "cardTransactionHistory",
        "responses" : {
          "200" : {
            "description" : "Response for retrieval card transaction history for Prepaid card customers",
            "schema" : {
              "$ref" : "#/definitions/cardtransactionhistoryResponse"
            }
          },
          "default" : {
            "description" : "Error response",
            "schema" : {
              "$ref" : "#/definitions/responseStatusObject"
            }
          }
        },
        "summary" : "Retrieves Transaction history", 
        "description" : "Retrieve card transaction history for Prepaid card customers",
        "parameters" : [ {
          "name" : "body",
          "in" : "body",
          "schema" : {
            "$ref" : "#/definitions/cardtransactionhistoryRequest"
          },
          "description" : "Request to retrieve card transaction history for Prepaid card customers",
          "required" : true
        } ]
      }
    },
    "/processcardstatuschange" : {
      "post" : {
        "summary" : "Prepaid Card Status Change",
        "description" : "Service to process Prepaid Card status change",
        "tags" : [ "Card-Services" ],
        "operationId" : "processCardStatusChange",
        "parameters" : [ {
          "name" : "cardStatusChangeRequest",
          "in" : "body",
          "description" : "Prepaid Card Status Change Request",
          "required" : true,
          "schema" : {
            "$ref" : "#/definitions/cardStatusChangeRequest"
          }
        } ],
        "responses" : {
          "200" : {
            "description" : "Prepaid Card Status Change Response",
            "schema" : {
              "$ref" : "#/definitions/cardStatusChangeResponse"
            }
          },
          "default" : {
            "description" : "Unexpected error",
            "schema" : {
              "$ref" : "#/definitions/responseStatusObject"
            }
          }
        }
      }
    },
    "/customerdetails" : {
      "post" : {
        "summary" : "Get customer details",
        "description" : "Service to Get customer details from Card number / Card ID / CIF",
        "tags" : [ "Card-Information" ],
        "operationId" : "customerDetails",
        "parameters" : [ {
          "name" : "customerDetailsRequest",
          "in" : "body",
          "description" : "Search customer details Request",
          "required" : true,
          "schema" : {
            "$ref" : "#/definitions/customerDetailsRequest"
          }
        } ],
        "responses" : {
          "200" : {
            "description" : "Search customer details Response",
            "schema" : {
              "$ref" : "#/definitions/customerDetailsResponse"
            }
          },
          "default" : {
            "description" : "Unexpected error",
            "schema" : {
              "$ref" : "#/definitions/responseStatusObject"
            }
          }
        }
      }
    },
    "/processcard" : {
      "post" : {
        "summary" : "Modify card details",
        "description" : "Updates or modifies details for a particular prepaid card customer",
        "tags" : [ "Card-Services" ],
        "operationId" : "processCard",
        "parameters" : [ {
          "name" : "processcardRequest",
          "in" : "body",
          "description" : "processcard Request",
          "required" : true,
          "schema" : {
            "$ref" : "#/definitions/processcardRequest"
          }
        } ],
        "responses" : {
          "200" : {
            "description" : "Search customer details Response",
            "schema" : {
              "$ref" : "#/definitions/processcardResponse"
            }
          },
          "default" : {
            "description" : "Unexpected error",
            "schema" : {
              "$ref" : "#/definitions/responseStatusObject"
            }
          }
        }
      }
    },
    "/cardstatement/fetch" : {
      "post" : {
        "summary" : "Fetch Statement",
        "description" : "Service is used to retrieve statement for Prepaid Card.",
        "tags" : [ "getPrepaidCardStatement" ],
        "operationId" : "getPrepaidCardStatement",
        "parameters" : [ {
          "name" : "prepaidCardStatementRequest",
          "in" : "body",
          "description" : "prepaidcardstatement Request",
          "required" : true,
          "schema" : {
            "$ref" : "#/definitions/prepaidCardStatementRequest"
          }
        } ],
        "responses" : {
          "200" : {
            "description" : "Search customer details Response",
            "schema" : {
              "$ref" : "#/definitions/prepaidCardStatementResponse"
            }
          },
          "default" : {
            "description" : "Unexpected error",
            "schema" : {
              "$ref" : "#/definitions/responseStatusObject"
            }
          }
        }
      }
    },
    "/processPPCTopup" : {
      "post" : {
        "operationId" : "ProcessPPCTopup",
        "tags" : [ "Card-Services" ],
        "responses" : {
          "200" : {
            "description" : "The operation was successful.",
            "schema" : {
              "$ref" : "#/definitions/processPPCTopUpRes"
            }
          }
        },
        "consumes" : [ "application/json" ],
        "produces" : [ "application/json" ],
        "summary" : "Card TopUp",
        "description" : "Process Top up for Prepaid Card",
        "parameters" : [ {
          "name" : "body",
          "in" : "body",
          "schema" : {
            "$ref" : "#/definitions/processPPCTopUp"
          },
          "description" : "The request body for the operation to process top up for prepaid card",
          "required" : true
        } ]
      }
    },
    "/validatePPC" : {
      "post" : {
        "operationId" : "ValidatePPC",
        "tags" : [ "Card-Services" ],
        "responses" : {
          "200" : {
            "description" : "The operation was successful.",
            "schema" : {
              "$ref" : "#/definitions/validatePPCRes"
            }
          }
        },
        "consumes" : [ "application/json" ],
        "produces" : [ "application/json" ],
        "summary" : "Validates card transaction",
        "description" : "Operation to validate Prepaid Card transaction",
        "parameters" : [ {
          "name" : "body",
          "in" : "body",
          "schema" : {
            "$ref" : "#/definitions/validatePPC"
          },
          "description" : "The request body for the operation for validatePPC",
          "required" : true
        } ]
      }
    },
    "/processPPCRedemption" : {
      "post" : {
        "operationId" : "ProcessPPCRedemption",
        "tags" : [ "Card-Services" ],
        "responses" : {
          "201" : {
            "description" : "The operation was successful.",
            "schema" : {
              "$ref" : "#/definitions/processRedemptionRes"
            }
          }
        },
        "consumes" : [ "application/json" ],
        "produces" : [ "application/json" ],
        "summary" : "Card Redemption",
        "description" : "Executes a prepaid card redemption",
        "parameters" : [ {
          "name" : "body",
          "in" : "body",
          "schema" : {
            "$ref" : "#/definitions/processRedemption"
          },
          "description" : "The request body for the operation",
          "required" : true
        } ]
      }
    },
    "/processPPCReversal" : {
      "post" : {
        "operationId" : "ProcessPPCReversal",
        "tags" : [ "Card-Services" ],
        "responses" : {
          "200" : {
            "description" : "The operation was successful.",
            "schema" : {
              "$ref" : "#/definitions/processPPCReversalRes"
            }
          }
        },
        "consumes" : [ "application/json" ],
        "produces" : [ "application/json" ],
        "summary" : "Transaction Reversal",
        "description" : "Executes a reversal of the Prepaid Card transaction",
        "parameters" : [ {
          "name" : "body",
          "in" : "body",
          "schema" : {
            "$ref" : "#/definitions/processPPCReversal"
          },
          "description" : "The request body for the operation",
          "required" : true
        } ]
      }
    },
    "/processFundTransferWithPPC" : {
      "post" : {
        "operationId" : "processFundTransferWithPPC",
        "tags" : [ "Card-Services" ],
        "responses" : {
          "200" : {
            "description" : "The operation was successful.",
            "schema" : {
              "$ref" : "#/definitions/processFundTransferWithPPCRes"
            }
          }
        },
        "consumes" : [ "application/json" ],
        "produces" : [ "application/json" ],
        "summary" : "Process Fund Transfer",
        "description" : "Executes a Prepaid Card transaction",
        "parameters" : [ {
          "name" : "body",
          "in" : "body",
          "schema" : {
            "$ref" : "#/definitions/processFundTransferWithPPC"
          },
          "description" : "The request body for the operation",
          "required" : true
        } ]
      }
    },
    "/processPPCSale" : {
      "post" : {
        "operationId" : "processPPCSale",
        "tags" : [ "Card-Services" ],
        "responses" : {
          "200" : {
            "description" : "The operation was successful.",
            "schema" : {
              "$ref" : "#/definitions/processPPCSaleRes"
            }
          }
        },
        "consumes" : [ "application/json" ],
        "produces" : [ "application/json" ],
        "summary" : "Card Sale",
        "description" : "Intiates a Prepaid Card Sale",
        "parameters" : [ {
          "name" : "body",
          "in" : "body",
          "schema" : {
            "$ref" : "#/definitions/processPPCSale"
          },
          "description" : "The request body for the operation for Prepaid Card Sal",
          "required" : true
        } ]
      }
    }
  },
  "definitions" : {
    "cardStatusChangeRequest" : {
      "type" : "object",
      "properties" : {
        "cardNumberOrCardId" : {
          "type" : "string",
          "description":"Prepaid card number or the alternate Card Id associated with card number for which Card Status needs to be updated",
          "example" : "462273xxxxxxxxx"
        },
        "newStatus" : {
          "type" : "number",
          "description":"New Status value that needs to be updated, every status value is associated with number, that number needs to be sent in the request ",
          "example" : "7"
        }
      },
      "required" : [ "cardNumberOrCardId", "newStatus" ]
    },
    "cardStatusChangeResponse" : {
      "type" : "object",
      "properties" : {
        "responseStatus" : {
          "$ref" : "#/definitions/responseStatusObject"
        }
      }
    },
    "cardDetailsRequest" : {
      "type" : "object",
      "properties" : {
        "cardNumberOrCardId" : {
          "type" : "string",
          "description":"Prepaid card number or the alternate Card Id associated with card number for which Card Status needs to be updated",
          "example" : "462273xxxxxxxxx  or M1XXXXXXXXXX"
        }
      },
      "required" : [ "cardNumberOrCardId" ]
    },
    "cardDetailsResponse" : {
      "type" : "object",
      "properties" : {
        "responseStatus" : {
          "$ref" : "#/definitions/responseStatusObject"
        },
        "cardDetails" : {
          "$ref" : "#/definitions/cardDetailsObject"
        },
        "prepaidCardDetails" : {
          "$ref" : "#/definitions/prepaidCardDetailsObject"
        }
      }
    },
    "cardDetailsObject" : {
      "type" : "object",
      "properties" : {
        "cardNumber" : {
          "type" : "string",
          "description":"Prepaid card number",
          "example" : "462273xxxxxx1234"
        },
        "cardStatus" : {
          "type" : "number",
          "description":"Status of the card, every status value is associated with number, that number needs to be sent in the request ",
          "example" : "13"
        },
        "firstNameEnglish" : {
          "type" : "string",
          "description":"First Name of the card holder whose details are requested (in English)",
          "example" : "First Name"
        },
        "middleNameEnglish" : {
          "type" : "string",
          "description":"Middle Name of the card holder whose details are requested(in English)",
          "example" : "Middle Name"
        },
        "lastNameEnglish" : {
          "type" : "string",
          "description":"Last Name of the card holder whose details are requested(in English)",
          "example" : "Last Name"
        },
        "firstNameArabic" : {
          "type" : "string",
          "description":"First Name of the card holder whose details are requested(in Arabic)",
          "example" : ""
        },
        "middleNameArabic" : {
          "type" : "string",
          "description":"Middle Name of the card holder whose details are requested(in Arabic)",
          "example" : ""
        },
        "lastNameArabic" : {
          "type" : "string",
          "description":"Last Name of the card holder whose details are requested(in Arabic)",
          "example" : ""
        },
        "embossedName" : {
          "type" : "string",
          "description":"Embossed Name of the card holder",
          "example" : "Embossed Name"
        },
        "expiryDate" : {
          "type" : "string",
          "description":"Expiry date of the card holder whose details are requested in dd-mm-YYYY format",
          "example" : "DD-MM-YYYY"
        },
        "currencyCode" : {
          "type" : "string",
          "description":"Currency details of the card",
          "example" : "784"
        },
        "cardCreationDate" : {
          "type" : "string",
          "description":"Card issuance date in dd-mm-YYYY format",
          "example" : "DD-MM-YYYY"
        },
        "availableBalance" : {
          "type" : "string",
          "description":"Card available balance that is available for customer to use",
          "example" : "2191.00"
        }
      }
    },
    "cardStatementObject" : {
      "type" : "object",
      "properties" : {
        "availableBalance" : {
          "type" : "string",
          "description":"Card available balance that is available for customer to use",
          "example" : "2000.50"
        },
        "closingBalance" : {
          "type" : "number",
          "description":"Closing balance that is listed against the card",
          "example" : "2000.00"
        },
        "cardId" : {
          "type" : "string",
          "description":"Card Id that is associated with Card number",
          "example" : "J6XXXXXXXXXXX"
        },
        "cardMaskedNo" : {
          "type" : "string",
          "description":"Masked 16-digit card number ",
          "example" : "432238*******0643"
        },
        "productType" : {
          "type" : "string",
          "description":"Card Product under which the card is issued",
          "example" : "1234"
        },
        "registrationStatus" : {
          "type" : "string",
          "description":"KYC registration status of the card NBAD Registered or Not Registered",
          "example" : "NBAD Registered"
        },
        "cardStatus" : {
          "type" : "string",
          "description":"Current Status of the Card",
          "example" : "ACTIVE"
        },
        "cardHolderName" : {
          "type" : "string",
          "description":"Name of the card holder",
          "example" : "Mr Sample Name"
        },
        "cardKey" : {
          "type" : "string",
          "description":"Key value that is associated with the card for internal reference ",
          "example" : "95770"
        },
        "nationality" : {
          "type" : "string",
          "description":"Nationality of the card holder",
          "example" : "AE"
        },
        "dob" : {
          "type" : "string",
          "description":"DOB of the card holder in YYYY-mm-dd format",
          "example" : "YYYY-MM-DD"
        },
        "mobile" : {
          "type" : "string",
          "description":"Mobile number associated with the card holder",
          "example" : "052XXXXXXX"
        },
        "expiryDate" : {
          "type" : "string",
          "description":"Expiry date of the card holder in YYYY-mm-dd format",
          "example" : "YYYY-MM-DD"
        },
        "companyName" : {
          "type" : "string",
          "description":"Name of the company where card holder is an employee",
          "example" : "Sample Company"
        },
        "city" : {
          "type" : "string",
          "description":"Details of the city, where card holder is residing",
          "example" : "City Name"
        },
        "poBox" : {
          "type" : "string",
          "description":"PO BOX associated with the cardholder",
          "example" : "12XXX"
        },
        "country" : {
          "type" : "string",
          "description":"details of the country, where card holder is residing, Two digit Alpha ISO code of the country",
          "example" : "AE"
        },
        "cardStatementList" : {
          "type" : "array",
          "items" : {
            "$ref" : "#/definitions/cardStatement"
          }
        }
      }
    },
    "cardStatement" : {
      "type" : "object",
      "properties" : {
        "transactionCurrencyCode" : {
          "type" : "string",
          "description":"Currency of the transaction",
          "example" : "784"
        },
        "creditAmount" : {
          "type" : "string",
          "description":"Amount which is credit to the card",
          "example" : "200.00"
        },
        "debitAmount" : {
          "type" : "string",
          "description":"Amount which is debit to the card",
          "example" : "50.0"
        },
        "transactionDescription" : {
          "type" : "string",
          "description":"Description/Remarks of the transactions",
          "example" : "test"
        },
        "transactionCount" : {
          "type" : "string",
          "description":"Transaction count number from Back end system",
          "example" : "1"
        },
        "transactionDate" : {
          "type" : "string",
          "description":"Date on which the transaction is initiated",
          "example" : "2017-01-01"
        },
        "transactionIdentifier" : {
          "type" : "string",
          "description":"unique reference associated with each transaction",
          "example" : "48503"
        },
        "debitCreditFlag" : {
          "type" : "string",
          "description":"Debit or Credit indicator associated with the transaction",
          "example":"D/C"
        }
      }
    },
    "prepaidCardDetailsObject" : {
      "type" : "object",
      "properties" : {
        "cardId" : {
          "type" : "string",
          "description":"Card Id that is associated with the card number, which is used altenatively",
          "example" : "M5XXXXXXXXXXX"
        },
        "productGroup" : {
          "type" : "string",
          "description":"This field gives details of the group with which card Id is associated with, Group is an association of similar products, and product is associated with each company",
          "example" : "PLC Chip"
        },
        "productDesc" : {
          "type" : "string",
          "description":"Product description",
          "example" : "Gold Al Haslah Card for Individuals"
        },
        "currentBalance" : {
          "type" : "string",
          "description":"Balance available to use, this is excluding un-cleared transactions",
          "example" : "5000.00"
        },
        "pinActive" : {
          "type" : "string",
          "description":"This field gives the details, if the pin is set on the card",
          "example" : "Y"
        },
        "smsEnabled" : {
          "type" : "number",
          "description":"This field gives the details if the customer is opted for receiving SMS",
          "example" : 1
        },
        "passcodeStatus" : {
          "type" : "number",
          "description":"This field gives status of the passcode, which is used in Ministry portals",
          "example" : 1
        },
        "registrationStatus" : {
          "type" : "number",
          "description":"This field gives details of the KYC registration status of the customer",
          "example" : 3
        },
        "firstLoadChannel" : {
          "type" : "string",
          "description":"This field gives the details of  the channel from where the first load has happened",
          "example" : "COMPASS"
        },
        "firstLoadLocation" : {
          "type" : "string",
          "description":"Location of the channel/terminal from where first load is performed",
          "example" : "Sample branch"
        },
        "lastTransactionDate" : {
          "type" : "string",
          "description":"Date when cardholder has used the card last time, format dd-mm-yyyy",
          "example" : "13-07-2017"
        },
        "lastTransactionAmount" : {
          "type" : "string",
          "description":"Last transaction amount",
          "example" : "5000.12"
        },
        "lastTopupDate" : {
          "type" : "string",
          "description":"Date when card holder has top-up the card last time, dd-mm-yyyy",
          "example" : "13-07-2017"
        },
        "lastTopupAmount" : {
          "type" : "string",
          "description":"Last top-up transaction amount",
          "example" : "1000.00"
        },
        "prepaidCardLimits" : {
          "$ref" : "#/definitions/cardLimitsObject"
        }
      }
    },
    "cardLimitsObject" : {
      "type" : "object",
      "properties" : {
        "atmAmountLimit" : {
          "type" : "string",
          "description":"Amount limit on ATM transaction",
          "example" : "10000"
        },
        "atmAvailAmountLimit" : {
          "type" : "string",
          "description":"limit available to use for ATM transaction",
          "example" : "3500.75"
        },
        "posAmountLimit" : {
          "type" : "string",
          "description":"Amount limit on POS transaction",
          "example" : "20000"
        },
        "posAvailAmountLimit" : {
          "type" : "string",
          "description":"limit available to use for POS Purchase",
          "example" : "13500.75"
        },
        "g2posAmountlimit" : {
          "type" : "string",
          "description":"Amount limit on G2-POS transaction",
          "example" : "20000"
        },
        "g2posAvailAmountLimit" : {
          "type" : "string",
          "description":"limit available to use on G2-POS transaction",
          "example" : "13500.75"
        },
        "topupAmountLimit" : {
          "type" : "string",
          "description":"Amount limit for Top-up transactions",
          "example" : "50000"
        },
        "minATMSingleTransactionLimit" : {
          "type" : "string",
          "description":"Min single limit for ATM transactions",
          "example" : "10000"
        },
        "maxATMSingleTransactionLimit" : {
          "type" : "string",
          "description":"Max single limit for ATM transactions",
          "example" : "9999999.99"
        },
        "minPOSSingleTransactionLimit" : {
          "type" : "string",
          "description":"Min POS single transaction limit for ATM transactions",
          "example" : "0"
        },
        "maxPOSSingleTransactionLimit" : {
          "type" : "string",
          "description":"Max POS single transaction limit for ATM transactions",
          "example" : "9999999.99"
        },
        "minG2POSSingleTransactionLimit" : {
          "type" : "string",
          "description":"Min G2-POS single transaction limit for ATM transactions",
          "example" : "0"
        },
        "maxG2POSSingleTransactionLimit" : {
          "type" : "string",
          "description":"Max G2-POS single transaction limit for ATM transactions",
          "example" : "9999999.99"
        }
      }
    },
    "responseStatusObject" : {
      "type" : "object",
      "properties" : {
        "status" : {
          "type" : "string",
          "example" : "SUCCESS/ERROR/WARNING"
        },
        "errorDetails" : {
          "$ref" : "#/definitions/errorDetailsObject"
        },
        "metaData" : {
          "type" : "object",
          "properties" : {
            "dateFormat" : {
              "type" : "string",
              "example" : "dd/MM/yyyy"
            }
          }
        }
      }
    },
    "errorDetailsObject" : {
      "type" : "object",
      "properties" : {
        "errorCode" : {
          "type" : "string",
          "description" : "Error Status Code",
          "example" : "SYS001"
        },
        "errorDesc" : {
          "type" : "string",
          "example" : "Error message"
        }
      }
    },
    "searchPrePaidCardRequest" : {
      "type" : "object",
      "properties" : {
        "searchMode" : {
          "type" : "string",
          "example" : "PrepaidCardNo"
        },
        "searchText" : {
          "type" : "string",
          "description":"Search Prepaid card information using card number",
          "example" : "45886XXXXXX1063"
        },
        "idType" : {
          "type" : "string",
          "description":"Search Prepaid card information using Id Type like Passport number or Emirates Id",
          "example" : "passport"
        }
      },
      "required" : [ "searchMode", "searchText" ]
    },
    "searchPrePaidCardResponse" : {
      "type" : "object",
      "properties" : {
        "responseStatus" : {
          "$ref" : "#/definitions/responseStatusObject"
        },
        "customerMaster" : {
          "type" : "array",
          "items" : {
            "$ref" : "#/definitions/customerMasterDetails"
          }
        }
      }
    },
    "customerMasterDetails" : {
      "type" : "object",
      "properties" : {
        "cifNumber" : {
          "type" : "string",
          "description":"Prepaid card cif number",
          "example" : "60XXXXXX64"
        },
        "firstNameEnglish" : {
          "type" : "string",
          "description":"First Name of the card holder whose details are requested (in English)",
          "example" : "firstName"
        },
        "middleNameEnglish" : {
          "type" : "string",
          "description":"Middle Name of the card holder whose details are requested(in English)",
          "example" : "middleName"
        },
        "lastNameEnglish" : {
          "type" : "string",
          "description":"Last Name of the card holder whose details are requested(in English)",
          "example" : "lastName"
        },
        "firstNameArabic" : {
          "type" : "string",
          "description":"First Name of the card holder whose details are requested(in Arabic)",
          "example" : "firstName Arabic"
        },
        "middleNameArabic" : {
          "type" : "string",
          "description":"Middle Name of the card holder whose details are requested(in Arabic)",
          "example" : "middleName Arabic"
        },
        "lastNameArabic" : {
          "type" : "string",
          "description":"Last Name of the card holder whose details are requested(in Arabic)",
          "example" : "lastName Arabic"
        },
        "companyNameEnglish" : {
          "type" : "string",
          "description":"Name of the company where card holder is an employee (in English)",
          "example" : "FAB"
        },
        "companyNameArabic" : {
          "type" : "string",
          "description":"Name of the company where card holder is an employee (in Arabic)",
          "example" : "FAB"
        },
        "cardNumber" : {
          "type" : "string",
          "description":"Prepaid card number",
          "example" : "45XXXXXXX1063"
        },
        "cardID" : {
          "type" : "string",
          "description":"Card Id that is associated with Card number",
          "example" : "M7XXXXXXXXXXX"
        },
        "maskcardNumber" : {
          "type" : "string",
          "description":"Masked 16-digit card number ",
          "example" : "45XXXXXXX1063"
        },
        "customerStatus" : {
          "type" : "string",
          "example" : "Y"
        },
        "passcodeStatus" : {
          "type" : "string",
          "description":"This field gives status of the passcode, which is used in Ministry portals",
          "example" : "Y"
        },
        "cardkey" : {
          "type" : "string",
          "description":"Key value that is associated with the card for internal reference ",
          "example" : "12XX312"
        },
        "additionalSourceRef" : {
          "type" : "string",
          "description": "Referencenumber that is received from source",
          "example" : "12XX312"
        }
      }
    },
    "processPassCodeRequest" : {
      "type" : "object",
      "properties" : {
        "taskId" : {
          "type" : "string",
          "example" : "PPCPASSCODESET"
        },
        "cardNumber" : {
          "type" : "string",
          "description":"Prepaid card number",
          "example" : "4588xxxxxxxxxxxx"
        },
        "newPassCode" : {
          "type" : "string",
          "description":"New Passcode value",
          "example" : "12XXXX78"
        },
        "oldPassCode" : {
          "type" : "string",
          "description":"Old Passcode value",
          "example" : "11XXXX11"
        }
      }
    },
    "processPassCodeResponse" : {
      "type" : "object",
      "properties" : {
        "responseStatus" : {
          "$ref" : "#/definitions/responseStatusObject"
        }
      }
    },
    "processShortRegistrationRequest" : {
      "type" : "object",
      "properties" : {
        "firstName" : {
          "type" : "string",
          "description":"First Name of the card holder whose details are requested (in English)",
          "example" : "First Name"
        },
        "middleName" : {
          "type" : "string",
          "description":"Middle Name of the card holder whose details are requested (in English)",
          "example" : "Middle Name"
        },
        "lastName" : {
          "type" : "string",
          "description":"Last Name of the card holder whose details are requested (in English)",
          "example" : "Last Name"
        },
        "mobileNumber" : {
          "type" : "string",
          "description":"Mobile number associated with the card holder",
          "example" : "055XXXXXXX"
        },
        "address" : {
          "type" : "string",
          "description":"Card holder address details",
          "example" : "D.No.4-6"
        },
        "cardNumber" : {
          "type" : "string",
          "description":"Prepaid card number",
          "example" : "4588xxxxxxxxxxxx"
        }
      }
    },
    "processShortRegistrationResponse" : {
      "type" : "object",
      "properties" : {
        "responseStatus" : {
          "$ref" : "#/definitions/responseStatusObject"
        }
      }
    },
    "cardtransactionhistoryRequest" : {
      "type" : "object",
      "properties" : {
        "requestType" : {
          "type" : "string",
          "example" : "Request mode (either by date or by transaction count)"
        },
        "cardNumber" : {
          "type" : "string",
          "description":"Prepaid card number",
          "example" : "4588xxxxxxxxxxxx"
        },
        "startDate" : {
          "type" : "string",
          "description":"Start date in the date range requested for search ",
          "example" : ""
        },
        "endDate" : {
          "type" : "string",
          "description":"End date in the date range requested for search ",
          "example" : ""
        },
        "transactionCount" : {
          "type" : "string",
          "description":"No. of records wants to be retreived",
          "example" : "10"
        }
      }
    },
    "cardtransactionhistoryResponse" : {
      "type" : "object",
      "properties" : {
        "responseStatus" : {
          "$ref" : "#/definitions/responseStatusObject"
        },
        "noOfSegments" : {
          "type" : "string"
        },
        "TransactionListLine" : {
          "type" : "array",
          "items" : {
            "$ref" : "#/definitions/TransactionListLine"
          }
        }
      }
    },
    "TransactionListLine" : {
      "type" : "object",
      "properties" : {
        "LineNumber" : {
          "type" : "string",
          "example" : "1"
        },
        "transactionDate" : {
          "type" : "string",
          "description":"Date on which the tranaction is posted  ",
          "example" : ""
        },
        "transactionTypeDesc" : {
          "type" : "string",
          "description":"Details of the transation",
          "example" : "Description of the transaction"
        },
        "transactionAmount" : {
          "type" : "string",
          "description":"Equivalent Amount of the transaction in card currency",
          "example" : ""
        },
        "transactionRate" : {
          "type" : "string",
          "description":"Conversion rate if it's a foreign tranction else it contians value 1.00 ",
          "example" : "3.56"
        },
        "debitCreditFlag" : {
          "type" : "string",
          "description":"Type of transation if it is a debit or credit to the card holder ",
          "example" : "D/C"
        },
        "transactionRemarks1" : {
          "type" : "string",
          "description":"transaction desription received from the channel",
          "example" : "Payit"
        },
        "transactionRemarks2" : {
          "type" : "string",
          "description":"Transaction description assigned by host system, always blank sent blank in the request",
          "example" : ""
        },
        "accountRunningBalance" : {
          "type" : "string",
          "description":"Running balance of the account",
          "example" : "23.00"
        },
        "transactionCurrency" : {
          "type" : "string",
          "description" : "Currency of the transaction in card currency",
          "example" : "USD"
        },
        "instructedCurrency" : {
          "type" : "string",
          "description" : "Transaction Currency",
          "example" : "USD"
        },
        "instructedAmount" : {
          "type" : "string",
          "description" : "Transaction Amount",
          "example" : "10.00"
        },
        "TransactionSourceDesc" : {
          "type" : "string",
          "description" : "Transaction Source Desc",
          "example" : "Br Id 00037"
        }
      }
    },
    "customerDetailsRequest" : {
      "type" : "object",
      "properties" : {
        "cardNumberOrCardId" : {
          "type" : "string",
          "description":" Prepaid card number or the Card Id number that is associated with Card",
          "example" : "462273xxxxxxxxx or M6003xxxxxxx"
        }
      },
      "required" : [ "cardNumberOrCardId" ]
    },
    "customerDetailsResponse" : {
      "type" : "object",
      "properties" : {
        "responseStatus" : {
          "$ref" : "#/definitions/responseStatusObject"
        },
        "customerDetails" : {
          "$ref" : "#/definitions/customerDetailsObject"
        }
      }
    },
    "processcardRequest" : {
      "type" : "object",
      "properties" : {
        "cardId" : {
          "type" : "string",
          "description":" Card Id number that is associated with Card",
          "example" : "M6003xxxxxxx"
        },
        "cardNumber" : {
          "type" : "string",
           "description":" Prepaid card number",
          "example" : "462273xxxxxxxxx"
        },
        "smsLanguagePreference" : {
          "type" : "string",
           "description":"Preferred language for sending SMS either English/ Arabic",
          "example" : "EN"
        }
      },
      "required" : [ "cardId", "cardNumber", "smsLanguagePreference" ]
    },
    "prepaidCardStatementRequest" : {
      "type" : "object",
      "properties" : {
        "applicationArea" : {
          "$ref" : "#/definitions/applicationArea"
        },
        "dataAreaPPCStatementReq" : {
          "$ref" : "#/definitions/dataAreaPPCStatementReqObj"
        }
      }
    },
    "dataAreaPPCStatementReqObj" : {
      "type" : "object",
      "properties" : {
        "cardId" : {
          "type" : "string",
          "description":"Card Id that is associated with Card number",
          "example" : "J6001********"
        },
        "cardNumber" : {
          "type" : "string",
          "description":"Prepaid card number",
          "example" : "462273xxxxxxxxx"
        },
        "transactionCount" : {
          "type" : "string",
          "description":"Number of last transactions happened on the card ",
          "example" : "1"
        },
        "startDate" : {
          "type" : "string",
          "description":"Start date of the period for which transactions are requested",
          "example" : "2018-03-28"
        },
        "endDate" : {
          "type" : "string",
          "description":"End date of the period for which transactions are requested",
          "example" : "2018-03-28"
        }
      }
    },
    "prepaidCardStatementResponse" : {
      "type" : "object",
      "properties" : {
        "applicationArea" : {
          "$ref" : "#/definitions/applicationArea"
        },
        "responseStatus" : {
          "$ref" : "#/definitions/responseStatusObject"
        },
        "dataAreaPPCStatementRes" : {
          "$ref" : "#/definitions/cardStatementObject"
        }
      }
    },
    "processcardResponse" : {
      "type" : "object",
      "properties" : {
        "responseStatus" : {
          "$ref" : "#/definitions/responseStatusObject"
        },
        "reasonCode" : {
          "type" : "string"
        },
        "reasonDescription" : {
          "type" : "string"
        }
      }
    },
    "customerDetailsObject" : {
      "type" : "object",
      "properties" : {
        "cifNumber" : {
          "type" : "string",
          "description":"CIF number associated with the Prepaid card number",
          "example" : "6030020564"
        },
        "firstNameEnglish" : {
          "type" : "string",
          "description":"First Name of the card holder whose details are requested (in English)",
          "example" : "firstName"
        },
        "middleNameEnglish" : {
          "type" : "string",
          "description":"Middle Name of the card holder whose details are requested(in English)",
          "example" : "middleName"
        },
        "lastNameEnglish" : {
          "type" : "string",
          "description":"Last Name of the card holder whose details are requested(in English)",
          "example" : "lastName"
        },
        "firstNameArabic" : {
          "type" : "string",
          "description":"First Name of the card holder whose details are requested(in Arabic)",
          "example" : "firstName Arabic"
        },
        "middleNameArabic" : {
          "type" : "string",
          "description":"Middle Name of the card holder whose details are requested(in Arabic)",
          "example" : "middleName Arabic"
        },
        "lastNameArabic" : {
          "type" : "string",
          "description":"Last Name of the card holder whose details are requested(in Arabic)",
          "example" : "lastName Arabic"
        },
        "companyNameEnglish" : {
          "type" : "string",
          "description":"Name of the company where card holder is an employee (in English)",
          "example" : "FAB"
        },
        "companyNameArabic" : {
          "type" : "string",
          "description":"Name of the company where card holder is an employee (in Arabic)",
          "example" : "FAB"
        },
        "cifType" : {
          "type" : "string",
          "description" : "CIF Type",
          "example" : "CIF Type"
        },
        "cifTypeDesc" : {
          "type" : "string",
          "description" : "description of the cif  type associated with the card either Corporate / Individual",
          "example" : "INDIVIDUAL"
        },
        "customerStatus" : {
          "type" : "string",
          "example" : "Y"
        },
        "officePhone" : {
          "type" : "string",
          "description":"Prepaid card holder's office phone number",
          "example" : "123456"
        },
        "residencePhone" : {
          "type" : "string",
          "description":"Prepaid card holder's residence phone number",
          "example" : "02XXXXXXX"
        },
        "mobileNumber" : {
          "type" : "string",
          "description":"Prepaid card holder's mobile phone number",
          "example" : "97151XXXXXXX"
        },
        "fax" : {
          "type" : "string",
          "description":"Prepaid card holder's fax number ",
          "example" : "1XXXXXX"
        },
        "address1" : {
          "type" : "string",
          "description":"Prepaid card holder's address1",
          "example" : "Address Line 1"
        },
        "address2" : {
          "type" : "string",
          "description":"Prepaid card holder's address2",
          "example" : "Address Line 2"
        },
        "address3" : {
          "type" : "string",
          "description":"Prepaid card holder's address3",
          "example" : "Address Line 3"
        },
        "address4" : {
          "type" : "string",
          "description":"Prepaid card holder's address4",
          "example" : "Address Line 4"
        },
        "zipCode" : {
          "type" : "string",
          "description":"Zip Code",
          "example" : "56XX"
        },
        "city" : {
          "type" : "string",
          "description":"City",
          "example" : "City Name"
        },
        "countryCode" : {
          "type" : "string",
          "description":"Country Code",
          "example" : "AE"
        },
        "birthDate" : {
          "type" : "string",
          "description":"Card holder's birth date in format dd-MMM-YYYY",
          "example" : "01-JAN-2000"
        },
        "nationality" : {
          "type" : "string",
          "description":"Nationality",
          "example" : "Nationality"
        },
        "email" : {
          "type" : "string",
          "description":"Email Address",
          "example" : "xxx@xxx.com"
        },
        "title" : {
          "type" : "string",
          "description":"PREPAID CARD",
          "example" : "PREPAID CARD"
        },
        "occupation" : {
          "type" : "string",
          "description":"Prepaid Card holder's occupation details",
          "example" : "Sales Agent"
        },
        "uniqueIdentifier" : {
          "type" : "string",
          "description":"unique Id associated with prepaid card holder",
          "example" : "124545"
        },
        "smsLanguagePreference" : {
          "type" : "string",
          "description":"Language preference for sending SMS to the card holder English/ Arabic",
          "example" : "ENG"
        },
        "cardNumber" : {
          "type" : "string",
          "description":"Prepaid card number",
          "example" : "45XXXXXXX1063"
        },
        "cardID" : {
          "type" : "string",
          "description":"Card Id that is associated with Card number",
          "example" : "M7XXXXXXXXXXX"
        },
        "passportNumber" : {
          "type" : "string",
          "description":"Passport Number",
          "example" : "A4XXXXX"
        },
        "passcodeStatus" : {
          "type" : "string",
          "description":"This field gives status of the passcode, which is used in Ministry portals",
          "example" : "Y"
        },
        "emiratesID" : {
          "type" : "string",
          "description":"Emirates Id details",
          "example" : "784XXXXA456XXXX"
        },
        "labourCard" : {
          "type" : "string",
          "description":"Labour card details",
          "example" : "A4XXXXX"
        },
        "drivingLicense" : {
          "type" : "string",
          "description":"Driving license details",
          "example" : "A4XXXXX"
        },
        "nationalID" : {
          "type" : "string",
          "description":"National ID",
          "example" : "A4XXXXX"
        },
        "otherID" : {
          "type" : "string",
          "description":"Other Id details",
          "example" : "A4XXXXX"
        }
      }
    },
    "processRedemption" : {
      "type" : "object",
      "properties" : {
        "applicationArea" : {
          "$ref" : "#/definitions/applicationArea"
        },
        "securityArea" : {
          "$ref" : "#/definitions/securityArea"
        },
        "dataAreaProcessRedemptionReq" : {
          "type" : "object",
          "properties" : {
            "debtorTransactionDetailsReq" : {
              "$ref" : "#/definitions/transactionDetailsReqData"
            },
            "charge" : {
              "$ref" : "#/definitions/chargeData"
            }
          }
        }
      }
    },
    "processRedemptionRes" : {
      "type" : "object",
      "properties" : {
        "applicationArea" : {
          "$ref" : "#/definitions/applicationArea"
        },
        "dataAreaProcessRedemptionRes" : {
          "type" : "object",
          "properties" : {
            "changeStatus" : {
              "$ref" : "#/definitions/changeStatus"
            },
            "debtorTransactionDetailsRes" : {
              "$ref" : "#/definitions/transactionDetailsResData"
            }
          }
        },
        "exceptionData" : {
          "type" : "object",
          "properties" : {
            "exceptions" : {
              "$ref" : "#/definitions/exceptionResult"
            }
          }
        }
      }
    },
    "applicationArea" : {
      "properties" : {
        "correlationId" : {
          "type" : "string",
		  "description": "Unique identifier used for identifing the transaction lifecycle",
          "example": "123DEFG89"
        },
        "countryOfOrigin" : {
          "maxLength" : 2,
          "minLength" : 2,
          "type" : "string",
		  "description": "Country of origination of the request. The representation is in ISO 3166 country codes in two bytes format",
          "example": "AE"
        },
        "creationDateTime" : {
          "type" : "string",
          "format" : "date-time",
		  "description": "Creation date of the service in ISO 8601 YYYY-MM-DD HH:MM :SS format. This is an optional field"
        },
        "interfaceID" : {
          "type" : "string",
		  "description": "Logical reference of the Interface that intiated the service. This is an optional field"
        },
        "requiredExecutionDate" : {
          "type" : "string",
          "format" : "date-time",
		  "description": "Date on which the transaction needs to be actually posted in ISO 8601 YYYY-MM-DD HH:MM:SS format. This is an optional field"
        },
        "senderUserId" : {
          "type" : "string",
		  "description": "Sender's User ID. Information about a user who has initiated the transaction",
          "example" : "FGT123"
        },
        "senderBranchId" : {
          "type" : "string",
		  "description": "Sender's Branch ID. Information about a user who has initiated the transaction",
          "example" : " "
        },
        "senderId" : {
          "type" : "string",
		  "description": "Unique identification for the consumer. This will be agreed by Service owner at the time of setup. It will need to be passed in all requests",
          "example": "MOB"
        },
        "transactionDateTime" : {
          "type" : "string",
          "format" : "date-time",
		  "description" : "The data and time the request is initiated in ISO 8601 format YYYY-MM-DD HH:MM :SS format"
        },
        "transactionId" : {
          "type" : "string",
		  "description" : "Unique transaction reference id assigned by the Sender to unambiguously identify the message",
          "example" : "WLT1254378DEFG"
        },
        "transactionTimeZone" : {
          "type" : "string",
		  "description": "Timezone in which transaction is initiated",
          "example" : ""  
        },
        "senderAuthorizationID" : {
          "type" : "string",
		  "description" : "Identification of the Authorizer who has authorized the transaction. This is an optional field",
		  "example" : ""
        },
        "senderReferenceID" : {
          "type" : "string",
		  "description" : "Reference ID from Sender to identify the event that cause the service invocation. This is an optional field",
		  "example" : ""
        },
        "senderAuthorizationComments" : {
          "type" : "string",
		  "description" : "Comments of the Authorizer on authorizing the transaction. This is an optional field",
		  "example" : ""
        },
        "language" : {
          "type" : "string",
		  "description" : "Language for additional processing requirement",
		  "example" : "EN"
        }
      },
      "required" : [ "countryOfOrigin", "transactionId", "transactionDateTime", "correlationId" ],
      "type" : "object"
    },
    "securityArea" : {
      "properties" : {
        "secToken" : {
          "type" : "string",
          "description" : "Security Token",
          "example" : ""
        },
        "userId" : {
          "type" : "string",
          "description" : "User ID",
          "example" : ""
        },
        "passwd" : {
          "type" : "string",
          "description" : "Password",
          "example" : ""
        }
      }
    },
    "changeStatus" : {
      "type" : "object",
      "properties" : {
        "reasonCode" : {
          "type" : "string",
          "description" : "Response Code",
          "example" : "SUCCESS"
        },
        "reasonDescription" : {
          "type" : "string",
          "description": "Response Description",
          "example": ""
        }
      }
    },
    "transactionDetailsReqData" : {
      "type" : "object",
      "properties" : {
        "transactionRate" : {
          "type" : "number",
          "format" : "double",
          "description" : "Rate applied for the transaction incase Foriegn currency is involved",
          "example" : "3.68"
        },
        "billingAmount" : {
          "type" : "number",
          "format" : "double",
          "description" : "Transaction Amount in the card currency",
          "example" : 100.00
        },
        "billingCurrency" : {
          "type" : "string",
          "description" : "Numeric currency code of the transaction amount in card currency",
          "example" : "783"
        },
        "authorisationCode" : {
          "type" : "string",
          "description" : "Issuer approval code for a transaction",
          "example" : "B56739"
        },
        "acceptorNameLocation" : {
          "type" : "string",
          "description" : "Name or Location data of the merchant from where the transaction is intiated",
          "example" : "LULU Hypermarket      Abu Dhabi           "
        },
        "retrievalReference" : {
          "type" : "string",
          "description" : "Unique transaction reference number",
          "example" : ""
        },
        "checkExpiryDateFlag" : {
          "type" : "string",
          "description" : "Flag to indicate if Expiry date check is required. If checkExpiryDateFlag = 1 then trackexpiry Date is required",
          "example" : "0"
        },
        "trackExpiryDate" : {
          "type" : "string",
          "description" : "Expiry Date on the track data of the card. Date is in the format MMYY",
          "example" : "1224"
        },
        "transactionRemarks1" : {
          "type" : "string",
          "description" : "Transaction Description Line 1",
          "example" : "EMIRATES GENERAL MARKE TXN 301212 AED 197.950"
        },
        "transactionRemarks2" : {
          "type" : "string",
          "description" : "Transaction Description Line 2",
          "example" : ""
        },
        "surrenderFlag" : {
          "type" : "string",
          "description" : "Flag to indicate card to be surrendered at the time of closure",
          "example" : ""
        },
        "prepaidCardNumber" : {
          "type" : "string",
          "description" : "Prepaid Card Number",
          "example" : "462273xxxxxx1234"
        },
        "prepaidCardId" : {
          "type" : "string",
          "description" : "Card ID that is associated with Card number",
          "example" : "M700XXXX34709"
        },
        "instructedAmount" : {
          "type" : "number",
          "format" : "double",
          "description" : "Transaction Amount",
          "example" : 100
        },
        "instructedCurrency" : {
          "type" : "string",
          "description" : "Currency code of the transaction amount",
          "example" : "AED"
        },
        "processingCode" : {
          "type" : "string",
          "description" : "Code to identify the type of transaction",
          "example" : ""
        },
        "closeCardFlag" : {
          "type" : "string",
          "description" : "Flag to indicate whether the card needs to be closed",
          "example" : ""
        },
        "CBSReference" : {
          "type" : "string",
          "description" : "Core Banking Reference for the transaction",
          "example" : "FT1XXX100828"
        }
      }
    },
    "chargeData" : {
      "type" : "object",
      "properties" : {
        "feeRemarks" : {
          "type" : "string",
          "description": "Description of the Fee",
          "example": ""
        },
        "feeType" : {
          "type" : "string",
          "description": "Type of Fee associated",
          "example": ""
        },
        "accountNumber" : {
          "type" : "string",
          "description": "Charge Account",
          "example": ""
        },
        "instructedAmount" : {
          "type" : "number",
          "format" : "double",
          "description": "Transaction Amount. Based on the fee type set, charge can be calculated with respect to the transaction Amount",
          "example": 1000.00
        },
        "feeAmount" : {
          "type" : "number",
          "format" : "double",
          "description": "Fee Amount",
          "example": 100.00
        }
      }
    },
    "processPPCTopUp" : {
      "type" : "object",
      "properties" : {
        "applicationArea" : {
          "$ref" : "#/definitions/applicationArea"
        },
        "securityArea" : {
          "$ref" : "#/definitions/securityArea"
        },
        "dataAreaProcessPPCTopUpReq" : {
          "type" : "object",
          "properties" : {
            "creditorTransactionDetailsReq" : {
              "$ref" : "#/definitions/transactionDetailsReqData"
            },
            "charge" : {
              "$ref" : "#/definitions/chargeData"
            }
          }
        }
      }
    },
    "errorDetails" : {
      "type" : "object",
      "properties" : {
        "errorCode" : {
          "type" : "string",
          "description": "Code that defines the reason for the error. It is alphanumeric",
          "example": "SYS9999"
        },
        "errorDesc" : {
          "type" : "string",
          "description": "Details of the exception that has occurred",
          "example": "Technical Error in Interface"
        }
      }
    },
    "exceptionResult" : {
      "type" : "object",
      "properties" : {
        "code" : {
          "type" : "string",
          "description": "Code that defines the reason for the error. It is alphanumeric",
          "example": "SYS9999"
        },
        "description" : {
          "type" : "string",
          "description": "Details of the exception that has occurred",
          "example": "Technical Error in Interface"
        },
        "errorDetails" : {
          "type" : "array",
          "items" : {
            "$ref" : "#/definitions/errorDetails"
          }
        }
      }
    },
    "processPPCTopUpRes" : {
      "type" : "object",
      "properties" : {
        "applicationArea" : {
          "$ref" : "#/definitions/applicationArea"
        },
        "dataAreaProcessPPCTopUpRes" : {
          "type" : "object",
          "properties" : {
            "changeStatus" : {
              "$ref" : "#/definitions/changeStatus"
            },
            "creditorTransactionDetailsRes" : {
              "$ref" : "#/definitions/transactionDetailsResData"
            }
          }
        },
        "exceptionData" : {
          "type" : "object",
          "properties" : {
            "exceptions" : {
              "$ref" : "#/definitions/exceptionResult"
            }
          }
        }
      }
    },
    "validatePPC" : {
      "type" : "object",
      "properties" : {
        "applicationArea" : {
          "$ref" : "#/definitions/applicationArea"
        },
        "securityArea" : {
          "$ref" : "#/definitions/securityArea"
        },
        "dataAreaValidatePPCReq" : {
          "type" : "object",
          "properties" : {
            "cardTransaction" : {
              "$ref" : "#/definitions/transactionDetailsReqData"
            },
            "charge" : {
              "$ref" : "#/definitions/chargeData"
            }
          }
        }
      }
    },
    "validatePPCRes" : {
      "type" : "object",
      "properties" : {
        "applicationArea" : {
          "$ref" : "#/definitions/applicationArea"
        },
        "dataAreaValidatePPCRes" : {
          "type" : "object",
          "properties" : {
            "changeStatus" : {
              "$ref" : "#/definitions/changeStatus"
            },
            "cardData" : {
              "$ref" : "#/definitions/cardCommonData"
            },
            "charge" : {
              "$ref" : "#/definitions/chargeData"
            }
          }
        },
        "exceptionData" : {
          "type" : "object",
          "properties" : {
            "exceptions" : {
              "$ref" : "#/definitions/exceptionResult"
            }
          }
        }
      }
    },
    "transactionDetailsResData" : {
      "type" : "object",
      "properties" : {
        "activationCode" : {
          "type" : "string",
          "description": "Activation code of the card. This is applicable only for EDirham card products",
          "example": "781X34"
        },
        "creditAccountNo" : {
          "type" : "string",
          "description": "Credit Account for transaction posting",
          "example": ""
        },
        "creditPOS" : {
          "type" : "string",
          "description": "POS associated with the Credit Account",
          "example": ""
        },
        "currentBalance" : {
          "type" : "number",
          "format" : "double",
          "description": "Current balance of the card",
          "example": 5000.00
        },
        "availableBalance" : {
          "type" : "number",
          "format" : "double",
          "description": "Available balance of the card",
          "example": 2000.00
        },
        "cardCcyCode" : {
          "type" : "string",
          "description": "Curreny code of the Card",
          "example": "AED"
        },
        "transitAccountNo" : {
          "type" : "string",
          "description": "Transit Account number defined for the transaction posting based on the transaction originating source",
          "example": ""
        },
        "prepaidCardNumber" : {
          "type" : "string",
          "description": "Prepaid Card number",
          "example": "462273xxxxxx1234"
        },
        "trackExpiryDate" : {
          "type" : "string",
          "description": "Track Expiry date of the card in MMYY format",
          "example": "1220"
        },
        "prepaidCardID" : {
          "type" : "string",
          "description": "Card ID that is associated with Card number",
          "example" : "M700XXXX34709"
        },
        "currency" : {
          "type" : "string",
          "description": "Currency",
          "example": "AED"
        },
        "transactionRefNo" : {
          "type" : "string",
          "description": "Reference number for the transaction",
          "example": ""
        }
      }
    },
    "cardCommonData" : {
      "type" : "object",
      "properties" : {
        "cardNameEnglish" : {
          "type" : "string",
          "description":"Name of the card holder whose details are requested (in English)",
          "example" : "Card Name"
        },
        "cardNameArabic" : {
          "type" : "string",
          "description":"First Name of the card holder whose details are requested(in Arabic)",
          "example" : "Card Name arabic"
        },
        "cardStatus" : {
          "type" : "string",
          "description":"Status of the Card",
          "example" : "2"
        },
        "productDescription" : {
          "type" : "string",
          "description":"Description of the card product",
          "example" : "Gold Al Haslah Card for Individuals"
        },
        "productGroup" : {
          "type" : "string",
          "description":"Name of the Product group associated with the card",
          "example" : "PLC Chip"
        },
        "registrationStatus" : {
          "type" : "string",
          "description":"Customer registeration status of the card",
          "example" : "3"
        },
        "KYCRequiredFlag" : {
          "type" : "string",
          "description":"Is KYC Required for the card",
          "example" : ""
        },
        "topupCounter" : {
          "type" : "string",
          "description":"Number of Top Ups done on the card",
          "example" : "7"
        },
        "merchantType" : {
          "type" : "string",
          "description":"First Name of the card holder whose details are requested(in Arabic)",
          "example" : ""
        },
        "maxReloadAmount" : {
          "type" : "number",
          "format" : "double",
          "description": "Maximum reload amount allowed on the card",
          "example": 10000.00
        },
        "availableBalance" : {
          "type" : "number",
          "description": "Available balance of the card",
          "example": 2000.00
        },
        "currentBalance" : {
          "type" : "number",
          "description": "Current balance of the card",
          "example": 5000.00
        },
        "cardCcyCode" : {
          "type" : "string",
          "description": "Currency of the card",
          "example": "AED"
        },
        "transitAccountNo" : {
          "type" : "string",
          "description": "Transit Account defined for the transaction posting",
          "example": ""
        },
        "feeAmount" : {
          "type" : "number",
          "format" : "double",
          "description": "Fee Amount associated with the transaction",
          "example": 5
        },
        "expiryDate" : {
          "type" : "string",
          "description": "Expiry date of the Prepaid Card",
          "example": "YYYY-mm-dd"
        },
        "prepaidCardNumber" : {
          "type" : "string",
          "description": "Prepaid Card number",
          "example": "462273xxxxxx1234"
        }
      }
    },
    "processPPCReversal" : {
      "type" : "object",
      "properties" : {
        "applicationArea" : {
          "$ref" : "#/definitions/applicationArea"
        },
        "securityArea" : {
          "$ref" : "#/definitions/securityArea"
        },
        "dataAreaProcessPPCReversalReq" : {
          "type" : "object",
          "properties" : {
            "payment" : {
              "$ref" : "#/definitions/paymentDetails"
            }
          }
        }
      }
    },
    "processFundTransferWithPPC" : {
      "type" : "object",
      "properties" : {
        "applicationArea" : {
          "$ref" : "#/definitions/applicationArea"
        },
        "dataArea" : {
          "type" : "object",
          "properties" : {
            "cardDetails" : {
              "$ref" : "#/definitions/cardDetails"
            },
            "transactionDetails" : {
              "$ref" : "#/definitions/transactionDetails"
            }
          }
        }
      }
    },
    "paymentDetails" : {
      "type" : "object",
      "properties" : {
        "paymentType" : {
          "type" : "string",
          "description" : "Type of Payment",
          "example" : ""
        },
        "originalTransactionId" : {
          "type" : "string",
          "description" : "Original Transaction ID to be reversed",
          "example" : "FT1XXXXXX818"
        },
        "linkedCardId" : {
          "type" : "string",
          "description" : "Card ID that is associated with Card number",
          "example" : "M700XXXX34709"
        },
        "linkedCardNumber" : {
          "type" : "string",
          "description": "Linked Card number",
          "example": "462273xxxxxx1234"
        },
        "taskId" : {
          "type" : "string",
          "description": "Type of Reversal to be attempted. Valid Values - CANCEL -> For Technical Cancellations REVERSAL -> For Business Reversals",
          "example": "CANCEL"
          
        }
      }
    },
    "cardDetails" : {
      "type" : "object",
      "properties" : {
        "cardId" : {
          "type" : "string",
          "description" : "Card ID that is associated with Card number",
          "example" : "M700XXXX34709"
        },
        "cardNumber" : {
          "type" : "string",
          "description": "Prepaid Card number",
          "example": "462273xxxxxx1234"
        },
        "expiryDate" : {
          "type" : "string",
          "description": "Expiry date of the Prepaid Card",
          "example": "YYYY-mm-dd"
        },
        "cvv" : {
          "type" : "string",
          "description": "Card CVV",
          "example": "123"
        }
      }
    },
    "transactionDetails" : {
      "type" : "object",
      "properties" : {
        "instructedAmount" : {
          "type" : "string",
          "description" : "Transaction Amount",
          "example" : "100.00"
        },
        "instructedCurrency" : {
          "type" : "string",
          "description" : "Currency code of the transaction amount",
          "example" : "AED"
        },
        "equivalentAmount" : {
          "type" : "string",
          "description" : "Equivalent amount of the Transaction in card currency",
          "example" : "100.00"
        },
        "equivalentCurrency" : {
          "type" : "string",
          "description" : "Currency of the transaction in card currency",
          "example" : "AED"
        },
        "debitEffectiveDate" : {
          "type" : "string",
          "description" : "Posting date of the transaction",
          "example" : ""
        },
        "creditEffectiveDate" : {
          "type" : "string",
          "description" : "Posting date of the transaction",
          "example" : ""
        },
        "authorizationCode" : {
          "type" : "string",
          "description" : "Issuer approval code for a transaction",
          "example" : "B56739"
        },
        "feeType" : {
          "type" : "string",
          "description" : "Type of fee applied for the transaction",
          "example" : "3"
        },
        "feeAmount" : {
          "type" : "string",
          "description" : "Fee Amount charged for the transaction",
          "example" : "3"
        },
        "transactionRate" : {
          "type" : "string",
          "description":"Conversion rate if it's a foreign tranction else it contians value 1.00 ",
          "example" : "3.56"
        },
        "remarks" : {
          "type" : "string",
          "description":"Description for the transaction",
          "example" : "Card Load"
        }
      }
    },
    "processPPCSale" : {
      "type" : "object",
      "properties" : {
        "applicationArea" : {
          "$ref" : "#/definitions/applicationArea"
        },
        "securityArea" : {
          "$ref" : "#/definitions/securityArea"
        },
        "dataAreaprocessPPCSaleReq" : {
          "type" : "object",
          "properties" : {
            "creditorTransactionDetailsReq" : {
              "$ref" : "#/definitions/transactionDetailsReqData"
            }
          }
        }
      }
    },
    "processPPCSaleRes" : {
      "type" : "object",
      "properties" : {
        "applicationArea" : {
          "$ref" : "#/definitions/applicationArea"
        },
        "dataAreaprocessPPCSaleRes" : {
          "type" : "object",
          "properties" : {
            "changeStatus" : {
              "$ref" : "#/definitions/changeStatus"
            },
            "creditorTransactionDetailsRes" : {
              "$ref" : "#/definitions/transactionDetailsResData"
            }
          }
        },
        "exceptionData" : {
          "type" : "object",
          "properties" : {
            "exceptions" : {
              "$ref" : "#/definitions/exceptionResult"
            }
          }
        }
      }
    },
    "processPPCReversalRes" : {
      "type" : "object",
      "properties" : {
        "applicationArea" : {
          "$ref" : "#/definitions/applicationArea"
        },
        "dataAreaProcessPPCReversalRes" : {
          "type" : "object",
          "properties" : {
            "changeStatus" : {
              "$ref" : "#/definitions/changeStatus"
            },
            "payment" : {
              "$ref" : "#/definitions/paymentDetails"
            }
          }
        },
        "exceptionData" : {
          "type" : "object",
          "properties" : {
            "exceptions" : {
              "$ref" : "#/definitions/exceptionResult"
            }
          }
        }
      }
    },
    "processFundTransferWithPPCRes" : {
      "type" : "object",
      "properties" : {
        "applicationArea" : {
          "$ref" : "#/definitions/applicationArea"
        },
        "responseStatus" : {
          "$ref" : "#/definitions/responseStatus"
        },
        "dataAreaRes" : {
          "type" : "object",
          "properties" : {
            "availableBalance" : {
              "type" : "string"
            },
            "currentBalance" : {
              "type" : "string"
            },
            "transitAccountNumber" : {
              "type" : "string"
            }
          }
        }
      }
    },
    "responseStatus" : {
      "type" : "object",
      "properties" : {
        "status" : {
          "type" : "string",
          "example" : "SUCCESS",
		  "description": "Response Status"
        },
        "statusMessage" : {
          "type" : "string",
          "example" : "Successful",
         "description" : "Status Message"
        },
        "errorDetails" : {
          "type" : "array",
          "items" : {
            "$ref" : "#/definitions/errorDetails_RDO"
          }
        }
      }
    },
    "errorDetails_RDO" : {
      "type" : "object",
      "properties" : {
        "errorCode" : {
          "type" : "string",
          "description" : "Code that defines the reason for the error. It is alphanumeric",
          "example" : "SYS001"
        },
        "errorDesc" : {
          "type" : "string",
          "example" : "Details of the exception that has occurred"
        }
      }
    }
  }
}