{
  "swagger":"2.0",
  "info":{
    "title":"Arrangement Loan",
    "version":"1.0.0",
    "description":"Arrangement Loan Services - This domain handles the loan management for customers through payment schedules and transaction details"
  },
  "host":"api.bankfab.com",
  "schemes":[
    "https"
  ],
  "basePath":"/arrangement/loan/v1",
  "paths":{
    "/schedule/fetch":{
      "post":{
        "summary":"Retrieve Loan Schedule",
        "description":"For a given mortgage loan contract, loan schedule will be shown based on with Accounting Unit Identifier and Loan Identifier. This enquiry shows all the contract movements from the start date, and the future events up to the maturity date",
        "operationId":"getloanschedule",
        "consumes":[
          "application/json"
        ],
        "produces":[
          "application/json"
        ],
        "parameters":[
          {
            "name":"getloanschedule",
            "in":"body",
            "description":"Input parameters for retrieve Loan Schedule service",
            "required":true,
            "schema":{
              "$ref":"#/definitions/GetLoanScheduleRequest"
            }
          }
        ],
        "tags":[
          "Loan"
        ],
        "responses":{
          "200":{
            "description":"Loan Schedule Response",
            "schema":{
              "$ref":"#/definitions/GetLoanScheduleResponse"
            }
          },
          "default":{
            "description":"Unexpected error",
            "schema":{
              "$ref":"#/definitions/Error"
            }
          }
        }
      }
    },
    "/paymentschedule/fetch":{
      "post":{
        "summary":"Fetch Loan payment schedule",
        "description":"Service to fetch loan payment schedule",
        "operationId":"getLoanPaymentSchedule",
        "consumes":[
          "application/json"
        ],
        "produces":[
          "application/json"
        ],
        "parameters":[
          {
            "name":"loanPaymentScheduleRequest",
            "in":"body",
            "description":"Loan Payment Schedule Request",
            "required":true,
            "schema":{
              "$ref":"#/definitions/loanPaymentScheduleRequest"
            }
          }
        ],
        "tags":[
          "Loan"
        ],
        "responses":{
          "200":{
            "description":"Loan Payment Schedule Response. This enquiry shows all the contract movements from the start date, and the future events up to the maturity date",
            "schema":{
              "$ref":"#/definitions/loanPaymentScheduleResponse"
            }
          },
          "default":{
            "description":"Unexpected error",
            "schema":{
              "$ref":"#/definitions/Error"
            }
          }
        }
      }
    },
    "/txnhistory/fetch":{
      "post":{
        "summary":"Get Loan transaction history",
        "description":"The service is used to get loan transaction history for given loan identifier",
        "operationId":"getTransactionHistoryForLoan",
        "consumes":[
          "application/json"
        ],
        "produces":[
          "application/json"
        ],
        "parameters":[
          {
            "name":"getTransactionHistoryForLoan",
            "in":"body",
            "description":"Service Request",
            "required":true,
            "schema":{
              "$ref":"#/definitions/getTransactionHistoryForLoanRequest"
            }
          }
        ],
        "tags":[
          "Loan"
        ],
        "responses":{
          "200":{
            "description":"Service Response",
            "schema":{
              "$ref":"#/definitions/getTransactionHistoryForLoanRespObj"
            }
          },
          "default":{
            "description":"Unexpected error",
            "schema":{
              "$ref":"#/definitions/Error"
            }
          }
        }
      }
    }
  },
  "definitions":{
    "getTransactionHistoryForLoanRequest":{
      "type":"object",
      "properties":{
        "applicationArea":{
          "$ref":"#/definitions/applicationArea"
        },
        "loanIdentifier":{
          "type":"string",
          "example":"MGXXXXXXXX2",
          "description":"Loan Reference Number, Each contract has a unique contract number that is used throughout the system to identify the contract. This number is assigned when the contract is first entered into the system."
        },
        "accountingUnitIdentifier":{
          "type":"string",
          "example":"AEXX1XXX1",
          "description":"Company code of the customer (Islamic/Coventional)"
        }
      }
    },
    "getTransactionHistoryForLoanRespObj":{
      "type":"object",
      "properties":{
        "applicationArea":{
          "$ref":"#/definitions/applicationArea"
        },
        "responseStatus":{
          "$ref":"#/definitions/responseStatus_RDO"
        },
        "getTxnHistoryForLoanResponse":{
          "$ref":"#/definitions/getTransactionHistoryForLoanResponse"
        }
      }
    },
    "getTransactionHistoryForLoanResponse":{
      "type":"object",
      "properties":{
        "loanIdentifier":{
          "type":"string",
          "example":"MGXXXXXXXX2",
          "description":"Loan Reference Number, Each contract has a unique contract number that is used throughout the system to identify the contract. This number is assigned when the contract is first entered into the system"
        },
        "intellectIdentifier":{
          "type":"string",
          "example":"399XXXXXXXX28",
          "description":"Legacy system transaction ID to uniquely identify the loan transaction"
        },
        "customerName":{
          "type":"string",
          "example":"Customer Name",
          "description":"Identifies the name of the Customer, The counterparty to the contract."
        },
        "accountIdentifier":{
          "type":"string",
          "example":"12XXXXXXXXXXXX20",
          "description":"The credit account number for the loan amount."
        },
        "loanAmount":{
          "type":"string",
          "example":"10000000.00",
          "description":"The principal amount of the contract. This field will include the impact of principal increases (or decreases for Commitment contracts) plus the effect of capitalized interest."
        },
        "contractDate":{
          "type":"string",
          "format":"dd/mm/yyyy",
          "example":"27/03/2017",
          "description":"The value date (or start) of the contract. This field is used as the effective date for interest purpose for the principal"
        },
        "maturityDate":{
          "type":"string",
          "format":"dd/mm/yyyy",
          "example":"27/03/2027",
          "description":"The date when the contract is due to mature."
        },
        "installmentAmount":{
          "type":"string",
          "example":"5010.00",
          "description":"It is a Total repayment of the Loan contract(Principal + Interest + Commissions + Fees + insurance) for a particular schedule date"
        },
        "remaininginstallments":{
          "type":"string",
          "example":"28",
          "description":"Number of remaining installments pending for the particular Loan contract"
        },
        "installmentsPaid":{
          "type":"string",
          "example":"8",
          "description":"Total Number of installments which are already paid out by customer"
        },
        "interestPaid":{
          "type":"string",
          "example":"4251.00",
          "description":"Interest Amount paid till date."
        },
        "principalPaid":{
          "type":"string",
          "example":"58965.00",
          "description":"Principal Amount paid till date."
        },
        "interestRate":{
          "type":"string",
          "example":"9.25",
          "description":"Indicates the annual interest rate applicable on the contract. This is the rate used for interest computation purposes on Loan contracts."
        },
        "transactionDetails":{
          "type":"array",
          "items":{
            "$ref":"#/definitions/transactionDetailsObj"
          }
        },
        "principalOutstanding":{
          "type":"string",
          "example":"896542.25",
          "description":"Identifies the total Principal outstanding amount for the loan"
        },
        "interestOutstanding":{
          "type":"string",
          "example":"9565.25",
          "description":"Identifies the total Interest outstanding amount for the corresponding loan"
        },
        "penaltyInterest":{
          "type":"string",
          "example":"6542.25",
          "description":"Defines the interest rate at which penalty interest is calculated for the overdue amount."
        },
        "totalOutstanding":{
          "type":"string",
          "example":"1956542.25",
          "description":"Identifies the total Loan outstanding amount for the corresponding loan which is inclusive of Principal, Interest and Past dues"
        }
      }
    },
    "transactionDetailsObj":{
      "type":"object",
      "properties":{
        "txnDate":{
          "type":"string",
          "format":"dd/mm/yyyy",
          "example":"27/03/2017",
          "description":"Event date of the transaction"
        },
        "description":{
          "type":"string",
          "example":"Loan Disbursement/Int Capitalised/Loan Repayment/Past Due",
          "description":"Description of the transaction"
        },
        "txnType":{
          "type":"string",
          "example":"Debit/Credit",
          "description":"Indicates whether the transaction is a debit or credit transaction"
        },
        "currency":{
          "type":"string",
          "example":"AED",
          "description":"Currency of the Loan contract, This field is used to specify in which currency the funds are disbursed, contains either the S.W.I.F.T or numeric currency code"
        },
        "txnAmount":{
          "type":"string",
          "example":"5687.21",
          "description":"Amount of transaction"
        },
        "txnComponent":{
          "type":"string",
          "example":"Principal/Interest",
          "description":"Component details of the event"
        },
        "outStandingBalance":{
          "type":"string",
          "example":"800000.00",
          "description":"Reducing balance of the loan"
        }
      }
    },
    "GetLoanScheduleRequest":{
      "type":"object",
      "properties":{
        "accountingUnitIdentifier":{
          "type":"string",
          "example":"AE1XXXXX7",
          "description":"Company code of the customer (Islamic/Coventional)"
        },
        "loanID":{
          "type":"string",
          "example":"MGXXXXXXXX2",
          "description":"Loan Reference Number, Each contract has a unique contract number that is used throughout the system to identify the contract. This number is assigned when the contract is first entered into the system."
        }
      }
    },
    "GetLoanScheduleResponse":{
      "type":"object",
      "properties":{
        "responseStatus":{
          "$ref":"#/definitions/responseStatus_RDO"
        },
        "getLoanScheduleResponse":{
          "$ref":"#/definitions/LoanScheduleResponse"
        }
      }
    },
    "LoanScheduleResponse":{
      "type":"array",
      "items":{
        "$ref":"#/definitions/LoanSchedule"
      }
    },
    "LoanSchedule":{
      "type":"object",
      "properties":{
        "loanIdentifer":{
          "type":"string",
          "example":"MGXXXXXXXX2",
          "description":"Loan Reference Number, Each contract has a unique contract number that is used throughout the system to identify the contract. This number is assigned when the contract is first entered into the system."
        },
        "currency":{
          "type":"string",
          "example":"AED",
          "description":"Currency of the Loan contract, This field is used to specify in which currency the funds are disbursed, contains either the S.W.I.F.T or numeric currency code"
        },
        "intPeriodEndDate":{
          "type":"string",
          "format":"date",
          "example":"25-03-2017",
          "description":"This field contains the end date of the current interest period. The first interest period of a contract is the one that starts on the value date and ends on the maturity or interest due date"
        },
        "accruedInt":{
          "type":"number",
          "format":"double",
          "example":1000.25,
          "description":"This field holds the balance of accrued interest, that has not yet been received, on an asset contract."
        },
        "schRepaymentDate":{
          "type":"string",
          "format":"date",
          "example":"25-03-2017",
          "description":"Identifies the dates on which both automatic repayments and manual redemptions were received"
        },
        "totalAmountToRepay":{
          "type":"number",
          "format":"double",
          "example":3100.25,
          "description":"Identifies the total repayment amount received on scheduled automatic repayments. "
        },
        "taxAmountToRepay":{
          "type":"number",
          "format":"double",
          "example":120.25,
          "description":"Records the amount of tax paid on each individual repayment received."
        },
        "intAmountToRepay":{
          "type":"number",
          "format":"double",
          "example":1300.25,
          "description":"This field records the amount of unpaid interest accrued in the current interest period."
        },
        "prinAmountToRepay":{
          "type":"number",
          "format":"double",
          "example":1400.25,
          "description":"This field records the amount of principal in the current repayment period."
        },
        "defaultIntAmount":{
          "type":"number",
          "format":"double",
          "example":150.25,
          "description":"Holds the deferred interest amount that is being capitalized on the contract."
        },
        "defaultTaxAmount":{
          "type":"number",
          "format":"double",
          "example":160.25,
          "description":"Records the capitalized tax on interest."
        },
        "outPrinAfterRepay":{
          "type":"number",
          "format":"double",
          "example":1700.25,
          "description":"Holds the Outstanding balance of the loan contract which are yet to be serviced"
        },
        "linkedAccountBalance":{
          "type":"number",
          "format":"double",
          "example":10000.25,
          "description":"Contains the present balance of the linked Credit Account in the loan contract"
        }
      }
    },
    "applicationArea":{
      "type":"object",
      "required":[
        "correlationId",
        "countryOfOrigin",
        "transactionDateTime",
        "transactionId"
      ],
      "properties":{
        "correlationId":{
          "type":"string",
          "description": "Unique identifier used for identifying the transaction lifecycle",
          "example": "8134481cfe144e1e959cdaa3a569e120"
        },
        "countryOfOrigin":{
          "type":"string",
          "description": "Country of origination of the request. ISO 3166 country codes in two bytes format",
          "minLength" : 2,
          "maxLength" : 2,
          "example": "AE"
        },
        "creationDateTime":{
          "type":"string",
          "format" : "date-time",
          "description": "Creation date of the service in ISO 8601 YYYY-MM-DDTHH:MM:SS:sssZ format. This is an optional field"
        },
        "interfaceID":{
          "type":"string",
          "description": "Logical reference of the Interface that intiated the service. This is an optional field",
          "example": ""
        },
        "requiredExecutionDate":{
          "type":"string",
          "format" : "date-time",
          "description": "Date on which the transaction needs to be actually posted in ISO 8601 YYYY-MM-DDTHH:MM:SS:sssZ format. This is an optional field"
        },
        "senderUserId":{
          "type":"string",
          "description": "Sender's Branch ID. Information about a user who has initiated the transaction",
          "example": ""
        },
        "senderBranchId":{
          "type":"string",
          "description": "Sender's Branch ID. Information about a user who has initiated the transaction",
          "example": ""
        },
        "senderId":{
          "type":"string",
          "description": "Unique identification for the consumer. This will be agreed by Service owner at the time of setup. It will need to be passed in all requests",
          "example": "MOB"
        },
        "transactionDateTime":{
          "type":"string",
          "format" : "date-time",
          "description" : "The data and time the request is initiated in ISO 8601 format: YYYY-MM-DDTHH:MM:SS:sssZ"
        },
        "transactionId":{
          "type":"string",
          "example" : "WLT1254378DEFG",
          "description" : "Unique transaction reference id assigned by the Sender to identify the message"
        },
        "transactionTimeZone":{
          "type":"string",
          "description" : "Timezone in which transaction is initiated",
          "example" : ""
        },
        "senderAuthorizationID":{
          "type":"string",
          "description" : "Identification of the Authorizer who has authorized the transaction. This is an optional field",
          "example" : ""
        },
        "senderReferenceID":{
          "type":"string",
          "description" : "Reference ID from Sender to identify the event that cause the service invocation. This is an optional field",
          "example" : ""
        },
        "senderAuthorizationComments":{
          "type":"string",
          "description" : "Comments of the Authorizer on authorizing the transaction. This is an optional field",
          "example" : ""
        }
      }
    },
    "loanPaymentScheduleRequest":{
      "type":"object",
      "properties":{
        "applicationArea":{
          "$ref":"#/definitions/applicationArea"
        },
        "dataArea":{
          "type":"object",
          "properties":{
            "loanIdentifier":{
              "type":"string",
              "example":"MGXXXXXXXX2",
              "description":"Loan Reference Number, Each contract has a unique contract number that is used throughout the system to identify the contract. This number is assigned when the contract is first entered into the system"
            },
            "accountingUnitIdentifier":{
              "type":"string",
              "example":"AEXX1XXX1",
              "description":"Company code of the customer (Islamic/Coventional)"
            }
          }
        }
      }
    },
    "loanPaymentScheduleObject":{
      "type":"object",
      "properties":{
        "scheduleDate":{
          "type":"string",
          "format":"date",
          "example":"2017-01-27",
          "description":"Identifies the dates on which both automatic repayments and manual redemptions will be received"
        },
        "totalPaymentAmount":{
          "type":"number",
          "format":"double",
          "example":1010000.00,
          "description":"It is a Total repayment of the Loan contract(Principal + Interest + Commissions + Fees + insurance) for a particular schedule date"
        },
        "principalAmount":{
          "type":"number",
          "format":"double",
          "example":1000.00,
          "description":"The principal amount for a particular schedule date"
        },
        "interestAmount":{
          "type":"number",
          "format":"double",
          "example":123.25,
          "description":"Interest Amount for a particular schedule date"
        },
        "commissionAmount":{
          "type":"number",
          "format":"double",
          "example":100.00,
          "description":"Commission Amount for a particular schedule date"
        },
        "chargesAmount":{
          "type":"number",
          "format":"double",
          "example":100.00,
          "description":"Charge Amount for a particular schedule date"
        },
        "feesAmount":{
          "type":"number",
          "format":"double",
          "example":100.00,
          "description":"Fee Amount for a particular schedule date"
        },
        "outstandingPrincipal":{
          "type":"number",
          "format":"double",
          "example":100000.00,
          "description":"Identifies the total outstanding amount for the corresponding loan, Running Balance on each schedule date,"
        }
      }
    },
    "loanPaymentScheduleResponse":{
      "type":"object",
      "properties":{
        "applicationArea":{
          "$ref":"#/definitions/applicationArea"
        },
        "responseStatus":{
          "$ref":"#/definitions/responseStatus_RDO"
        },
        "dataArea":{
          "type":"object",
          "properties":{
            "loanIdentifier":{
              "type":"string",
              "example":"LDXXXXXXXXX2",
              "description":"Loan Reference Number, Each contract has a unique contract number that is used throughout the system to identify the contract. This number is assigned when the contract is first entered into the system"
            },
            "customerName":{
              "type":"string",
              "example":"Customer Name",
              "description":"Identifies the name of the Customer in a more descriptive form"
            },
            "accountIdentifier":{
              "type":"string",
              "example":"12XXXXXXXXXXXX20",
              "description":"The Credit account number of the loan account to be used on the Value Date"
            },
            "amountBorrowed":{
              "type":"number",
              "format":"double",
              "example":100000.00,
              "description":"The principal amount of the contract. This field will include the impact of principal increases (or decreases for Commitment contracts) plus the effect of capitalized interest."
            },
            "currency":{
              "type":"string",
              "example":"AED",
              "description":"Currency of the Loan contract, This field is used to specify in which currency the funds are disbursed, Contains either the S.W.I.F.T or numeric currency code"
            },
            "maturityDate":{
              "type":"string",
              "format":"date",
              "example":"27/03/2027",
              "description":"The date when the contract is due to mature."
            },
            "openingBalance":{
              "type":"number",
              "format":"double",
              "example":"10,000,000.00",
              "description":"Opening Balance of the Loan Contract"
            },
            "loanSchedules":{
              "type":"array",
              "items":{
                "$ref":"#/definitions/loanPaymentScheduleObject"
              }
            }
          }
        }
      },
      "required":[
        "applicationArea",
        "responseStatus",
        "dataArea"
      ]
    },
    "Error":{
      "type":"object",
      "properties":{
        "applicationArea":{
          "$ref":"#/definitions/applicationArea"
        },
        "responseStatus":{
          "$ref":"#/definitions/responseStatus_RDO"
        }
      }
    },
    "statusDetails_RDO":{
      "type":"object",
      "properties":{
        "errorCode":{
          "type":"string",
          "description": "Code that defines the reason for the error. It is alphanumeric",
          "example": "SYS9999"
        },
        "errorDesc":{
          "type":"string",
          "description": "Details of the exception that has occurred",
          "example": "Technical Error in Interface"
        }
      }
    },
    "responseStatus_RDO":{
      "type":"object",
      "properties":{
        "status":{
          "type":"string",
          "example":"SUCCESS/ERROR/WARNING"
        },
        "errorDetails":{
          "type":"array",
          "items":{
            "$ref":"#/definitions/statusDetails_RDO"
          }
        },
        "metaData":{
          "type":"object",
          "properties":{
            "dateFormat":{
              "type":"string",
              "example":"dd/MM/yyyy"
            }
          }
        }
      }
    }
  }
}