{
  "swagger":"2.0",
  "info":{
    "title":"Common Card Services",
    "version":"1.0.0",
    "description":"Common card services caters to common functionalities across the cards domain."
  },
  "host":"api.bankfab.com",
  "schemes":[
    "https"
  ],
  "basePath":"/arrangement/common/v1",
  "paths":{
    "/limit/check":{
      "post":{
        "tags":[
          "checkLimit"
        ],
        "summary":"Check Limit",
        "operationId":"checkLimit",
        "responses":{
          "200":{
            "description":"Check Limit",
            "schema":{
              "$ref":"#/definitions/checkLimitResponse"
            }
          }
        },
        "consumes":[
          "application/json"
        ],
        "produces":[
          "application/json"
        ],
        "description":"Check Limit",
        "parameters":[
          {
            "name":"body",
            "in":"body",
            "schema":{
              "$ref":"#/definitions/checkLimitRequest"
            },
            "description":"The request body for the operation",
            "required":true
          }
        ]
      }
    },
    "/process/FGBServiceRequestTable":{
      "post":{
        "tags":[
          "processFGBServiceRequestTable"
        ],
        "summary":"process FGB Service Request Table",
        "operationId":"processFGBServiceRequestTable",
        "responses":{
          "200":{
            "description":"process FGB Service Request Table",
            "schema":{
              "$ref":"#/definitions/processFGBServiceRequestTableResponse"
            }
          }
        },
        "consumes":[
          "application/json"
        ],
        "produces":[
          "application/json"
        ],
        "description":"process FGB Service Request Table",
        "parameters":[
          {
            "name":"body",
            "in":"body",
            "schema":{
              "$ref":"#/definitions/processFGBServiceRequestTableRequest"
            },
            "description":"The request body for the operation",
            "required":true
          }
        ]
      }
    },
    "/process/hostReplayTable":{
      "post":{
        "tags":[
          "processHostReplayTable"
        ],
        "summary":"process Host Replay Table",
        "operationId":"processHostReplayTable",
        "responses":{
          "200":{
            "description":"process Host Replay Table",
            "schema":{
              "$ref":"#/definitions/processHostReplayTableResponse"
            }
          }
        },
        "consumes":[
          "application/json"
        ],
        "produces":[
          "application/json"
        ],
        "description":"process Host Replay Table",
        "parameters":[
          {
            "name":"body",
            "in":"body",
            "schema":{
              "$ref":"#/definitions/processHostReplayTableRequest"
            },
            "description":"The request body for the operation",
            "required":true
          }
        ]
      }
    },
    "/atmlist":{
      "get":{
        "tags":[
          "getATMList"
        ],
        "summary":"Retrieve ATM List",
        "operationId":"getATMList",
        "responses":{
          "200":{
            "description":"The operation was successful.",
            "schema":{
              "$ref":"#/definitions/getATMListResponse"
            }
          }
        },
        "produces":[
          "application/json"
        ],
        "description":"Retrieve atmlist"
      }
    },
    "/SAFOffline":{
      "post":{
        "tags":[
          "SAFOffline"
        ],
        "summary":"process SAFOffline Table",
        "operationId":"SAFOffline",
        "responses":{
          "200":{
            "description":"process SAFOffline Table",
            "schema":{
              "$ref":"#/definitions/SAFOfflineResponse"
            }
          }
        },
        "consumes":[
          "application/json"
        ],
        "produces":[
          "application/json"
        ],
        "description":"process SAFOffline Table",
        "parameters":[
          {
            "name":"body",
            "in":"body",
            "schema":{
              "$ref":"#/definitions/SAFOfflineRequest"
            },
            "description":"The request body for the operation",
            "required":true
          }
        ]
      }
    },
    "/branchlist":{
      "get":{
        "tags":[
          "getBranchList"
        ],
        "summary":"Retrieve Branch List",
        "operationId":"getBranchList",
        "responses":{
          "200":{
            "description":"The operation was successful.",
            "schema":{
              "$ref":"#/definitions/getBranchListResponse"
            }
          }
        },
        "produces":[
          "application/json"
        ],
        "description":"Retrieve Branch list"
      }
    },
    "/IFSCcode/validate":{
      "post":{
        "tags":[
          "validateIFSCcode"
        ],
        "summary":"Validate the IFSC Code",
        "operationId":"validateIFSCcode",
        "responses":{
          "200":{
            "description":"The operation was successful.",
            "schema":{
              "$ref":"#/definitions/validateIFSCcodeResponse"
            }
          }
        },
        "consumes":[
          "application/json"
        ],
        "produces":[
          "application/json"
        ],
        "description":"Validate the IFSC code",
        "parameters":[
          {
            "name":"body",
            "in":"body",
            "schema":{
              "$ref":"#/definitions/validateIFSCcodeRequest"
            },
            "description":"The request body for the operation",
            "required":true
          }
        ]
      }
    },
    "/smartalert":{
      "post":{
        "tags":[
          "getSmartAlert"
        ],
        "summary":"Get Smart Alerts for Customer",
        "operationId":"getSmartAlert",
        "responses":{
          "200":{
            "description":"The operation was successful.",
            "schema":{
              "$ref":"#/definitions/getSmartAlertResponse"
            }
          }
        },
        "consumes":[
          "application/json"
        ],
        "produces":[
          "application/json"
        ],
        "description":"Get Smart Alerts for Customer",
        "parameters":[
          {
            "name":"body",
            "in":"body",
            "schema":{
              "$ref":"#/definitions/getSmartAlertRequest"
            },
            "description":"The request body for the operation",
            "required":true
          }
        ]
      }
    },
    "/mobile/validate":{
      "post":{
        "tags":[
          "validateRegisteredMobileNumber"
        ],
        "summary":"Customer Mobile Number Validation",
        "operationId":"validateRegisteredMobileNumber",
        "responses":{
          "200":{
            "description":"The operation was successful.",
            "schema":{
              "$ref":"#/definitions/genericError"
            }
          }
        },
        "consumes":[
          "application/json"
        ],
        "produces":[
          "application/json"
        ],
        "description":"Customer Mobile Number Validation",
        "parameters":[
          {
            "name":"body",
            "in":"body",
            "schema":{
              "$ref":"#/definitions/custMobileNoValidateRequest"
            },
            "description":"The request body for the operation",
            "required":true
          }
        ]
      }
    },
    "/dateOfBirth/validate":{
      "post":{
        "tags":[
          "validateDateOfBirth"
        ],
        "summary":"Customer Date Of Birth Validation",
        "operationId":"validateDateOfBirth",
        "responses":{
          "200":{
            "description":"The operation was successful.",
            "schema":{
              "$ref":"#/definitions/genericError"
            }
          }
        },
        "consumes":[
          "application/json"
        ],
        "produces":[
          "application/json"
        ],
        "description":"Customer Date Of Birth Validation",
        "parameters":[
          {
            "name":"body",
            "in":"body",
            "schema":{
              "$ref":"#/definitions/validateDateOfBirthRequest"
            },
            "description":"The request body for the operation",
            "required":true
          }
        ]
      }
    },
    "/getmerchants":{
      "get":{
        "tags":[
          "getMerchants"
        ],
        "summary":"Get Merchants",
        "description":"Get Merchants",
        "operationId":"getMerchants",
        "produces":[
          "application/json"
        ],
        "responses":{
          "200":{
            "description":"Get Merchants",
            "schema":{
              "$ref":"#/definitions/getMerchantsResponse"
            }
          }
        }
      }
    },
    "/getOffers":{
      "post":{
        "tags":[
          "getOffers"
        ],
        "summary":"Get Offers",
        "operationId":"getOffers",
        "responses":{
          "200":{
            "description":"The operation was successful",
            "schema":{
              "$ref":"#/definitions/getOffersResponse"
            }
          }
        },
        "consumes":[
          "application/json"
        ],
        "produces":[
          "application/json"
        ],
        "description":"Get All Offers",
        "parameters":[
          {
            "name":"body",
            "in":"body",
            "schema":{
              "$ref":"#/definitions/getOffersRequest"
            },
            "required":true
          }
        ]
      }
    },
    "/getOfferById":{
      "post":{
        "tags":[
          "getOfferById"
        ],
        "summary":"Get Offers By ID",
        "operationId":"getOfferById",
        "responses":{
          "200":{
            "description":"The operation was successful",
            "schema":{
              "$ref":"#/definitions/getOfferByIdResponse"
            }
          }
        },
        "consumes":[
          "application/json"
        ],
        "produces":[
          "application/json"
        ],
        "description":"Get Offer By Id",
        "parameters":[
          {
            "name":"body",
            "in":"body",
            "schema":{
              "$ref":"#/definitions/getOfferByIdRequest"
            },
            "required":true
          }
        ]
      }
    },
    "/getOfferCategories":{
      "get":{
        "tags":[
          "getOfferCategories"
        ],
        "summary":"Get Offers Categories",
        "operationId":"getOfferCategories",
        "responses":{
          "200":{
            "description":"The operation was successful",
            "schema":{
              "$ref":"#/definitions/getOfferCategoriesResponse"
            }
          }
        },
        "produces":[
          "application/json"
        ],
        "description":"Get Offer Categories from Content Management System"
      }
    },
    "/GetOfferLocations":{
      "get":{
        "operationId":"getOfferLocations",
        "summary":"Offer Locations",
        "description":"The endpoint returns information about offer locations",
        "tags":[
          "getOfferLocations"
        ],
        "responses":{
          "200":{
            "description":"An array of locations",
            "schema":{
              "$ref":"#/definitions/OfferLocation"
            }
          },
          "default":{
            "description":"Unexpected error",
            "schema":{
              "$ref":"#/definitions/error"
            }
          }
        }
      }
    },
    "/getbranchatmlist":{
      "post":{
        "tags":[
          "getbranchatmlist"
        ],
        "operationId":"getbranchatmlist",
        "summary":"Branch ATM List",
        "description":"getbranchatmlist",
        "produces":[
          "application/json"
        ],
        "parameters":[
          {
            "name":"body",
            "in":"body",
            "schema":{
              "$ref":"#/definitions/getbranchatmlistRequest"
            },
            "required":true
          }
        ],
        "responses":{
          "200":{
            "description":"An array of ATM and Branch locations",
            "schema":{
              "$ref":"#/definitions/atmBranchListResponse"
            }
          },
          "default":{
            "description":"Unexpected error",
            "schema":{
              "$ref":"#/definitions/Error"
            }
          }
        }
      }
    },
    "/card/unbilledtxns/fetch":{
      "post":{
        "tags":[
          "Card-Details-and-Operations"
        ],
        "operationId":"getUnbilledCardTransactions",
        "summary":"Get unbilled transaction on the Card",
        "description":"This service will used to get unbilled credit/debit card transactions",
        "produces":[
          "application/json"
        ],
        "parameters":[
          {
            "name":"body",
            "in":"body",
            "schema":{
              "$ref":"#/definitions/getUnbilledCardTransactionsRequest"
            },
            "required":true
          }
        ],
        "responses":{
          "200":{
            "description":"This service will used to get unbilled credit/debit card transactions",
            "schema":{
              "$ref":"#/definitions/getUnbilledCardTransactionsResponseObj"
            }
          },
          "default":{
            "description":"Unexpected error",
            "schema":{
              "$ref":"#/definitions/Error_AppArea"
            }
          }
        }
      }
    },
    "/card/activate":{
      "post":{
        "summary":"Activate Card",
        "description":"Activate Credit or Debit card",
        "operationId":"activateCard",
        "consumes":[
          "application/json"
        ],
        "produces":[
          "application/json"
        ],
        "tags":[
          "Card-Details-and-Operations"
        ],
        "parameters":[
          {
            "name":"body",
            "in":"body",
            "schema":{
              "$ref":"#/definitions/cardActivationRequest"
            },
            "description":"The request body for the operation",
            "required":true
          }
        ],
        "responses":{
          "200":{
            "description":"The operation was successful.",
            "schema":{
              "$ref":"#/definitions/cardActivationResponse"
            }
          },
          "default":{
            "description":"Unexpected Error.",
            "schema":{
              "$ref":"#/definitions/Error_AppArea"
            }
          }
        }
      }
    },
    "/card/primary":{
      "post":{
        "summary":"Fetches card primary information",
        "description":"Fetch card primary information",
        "operationId":"getCardPrimaryDetails",
        "consumes":[
          "application/json"
        ],
        "produces":[
          "application/json"
        ],
        "tags":[
          "Card-Details-and-Operations"
        ],
        "parameters":[
          {
            "name":"body",
            "in":"body",
            "schema":{
              "$ref":"#/definitions/cardPrimaryDetailsRequest"
            },
            "description":"The request body for the operation",
            "required":true
          }
        ],
        "responses":{
          "200":{
            "description":"The operation was successful.",
            "schema":{
              "$ref":"#/definitions/cardPrimaryDetailsResponse"
            }
          },
          "default":{
            "description":"Unexpected Error.",
            "schema":{
              "$ref":"#/definitions/Error_AppArea"
            }
          }
        }
      }
    },
    "/card/pin/update":{
      "post":{
        "summary":"Updates Pin for Card",
        "tags":[
          "Card-Details-and-Operations"
        ],
        "operationId":"cardPinChange",
        "responses":{
          "200":{
            "description":"Credit/Debit Card Pin Change",
            "schema":{
              "$ref":"#/definitions/cardPinChangeResponse"
            }
          },
          "default":{
            "description":"Unexpected Error.",
            "schema":{
              "$ref":"#/definitions/Error_AppArea"
            }
          }
        },
        "consumes":[
          "application/json"
        ],
        "produces":[
          "application/json"
        ],
        "description":"Updates Pin for Credit or Debit Card",
        "parameters":[
          {
            "name":"body",
            "in":"body",
            "schema":{
              "$ref":"#/definitions/cardPinChangeRequest"
            },
            "description":"The request body for the operation",
            "required":true
          }
        ]
      }
    }
  },
  "definitions":{
    "cardPinChangeRequest":{
      "type":"object",
      "properties":{
        "applicationArea":{
          "$ref":"#/definitions/applicationArea"
        },
        "customerIdentifier":{
          "type":"string",
          "example":"1XXXXX7",
          "description":"Unique identifier for the customer"
        },
        "cardNumber":{
          "type":"string",
          "example":"432712XXXXXXX2123",
          "description":"Card Number for which Pin change is requested"
        },
        "pin":{
          "type":"string",
          "example":"F5C78A089E7XXXX25EC0F4BFF4EF",
          "description":"Pin of the card"
        },
        "cardType":{
          "type":"string",
          "example":"DEBIT/CREDIT",
          "description":"Type of the card"
        },
        "smsLanguage":{
          "type":"string",
          "example":"EN/AR",
          "description":"Preferred language to sent SMS"
        }
      },
      "required":[
        "cardNumber",
        "cardType"
      ]
    },
    "cardPinChangeResponse":{
      "type":"object",
      "properties":{
        "applicationArea":{
          "$ref":"#/definitions/applicationArea"
        },
        "responseStatus":{
          "$ref":"#/definitions/respStatus_RDO"
        }
      }
    },
    "cardActivationRequest":{
      "type":"object",
      "properties":{
        "applicationArea":{
          "$ref":"#/definitions/applicationArea"
        },
        "customerIdentifier":{
          "type":"string",
          "example":"1XXXXXX&"
        },
        "cardNumber":{
          "type":"string",
          "example":"432712XXXXXXX2123"
        },
        "pin":{
          "type":"string",
          "example":"F5C78A089E7XXXX25EC0F4BFF4EF"
        },
        "cardType":{
          "type":"string",
          "example":"DEBIT/CREDIT"
        },
        "smsLanguage":{
          "type":"string",
          "example":"EN/AR"
        }
      },
      "required":[
        "cardNumber",
        "cardType",
        "customerIdentifier"
      ]
    },
    "cardActivationResponse":{
      "type":"object",
      "properties":{
        "applicationArea":{
          "$ref":"#/definitions/applicationArea"
        },
        "responseStatus":{
          "$ref":"#/definitions/respStatus_RDO"
        }
      }
    },
    "cardPrimaryDetailsRequest":{
      "type":"object",
      "properties":{
        "applicationArea":{
          "$ref":"#/definitions/applicationArea"
        },
        "dataArea":{
          "$ref":"#/definitions/cardPrimaryRequest_RDO"
        }
      }
    },
    "cardPrimaryRequest_RDO":{
      "type":"object",
      "properties":{
        "customerIdentifier":{
          "type":"string",
          "example":"1XXXXX7",
          "description":"Unique identifier for the customer (CIN)"
        },
        "cardNumbers":{
          "$ref":"#/definitions/cardNumbers_RDO"
        }
      }
    },
    "cardPrimaryDetailsResponse":{
      "type":"object",
      "properties":{
        "applicationArea":{
          "$ref":"#/definitions/applicationArea"
        },
        "dataArea":{
          "$ref":"#/definitions/cardPrimaryResponse_RDO"
        },
        "responseStatus":{
          "$ref":"#/definitions/respStatus_RDO"
        }
      }
    },
    "cardPrimaryResponse_RDO":{
      "type":"object",
      "properties":{
        "customerIdentifier":{
          "type":"string",
          "example":"1XXXXX7",
          "description":"Unique identifier for the customer (CIN)"
        },
        "primaryAccountDetails":{
          "$ref":"#/definitions/cardPrimaryDetails_RDO"
        }
      }
    },
    "cardNumbers_RDO":{
      "type":"array",
      "items":{
        "type":"object",
        "properties":{
          "cardNumber":{
            "type":"string"
          }
        }
      }
    },
    "cardPrimaryDetails_RDO":{
      "type":"array",
      "items":{
        "type":"object",
        "properties":{
          "cardNumber":{
            "type":"string",
            "description":"Card Number"
          },
          "primaryAccountIdentifier":{
            "type":"string",
            "description":"Primary Account for the card"
          }
        }
      }
    },
    "getUnbilledCardTransactionsRequest":{
      "type":"object",
      "properties":{
        "applicationArea":{
          "$ref":"#/definitions/applicationArea"
        },
        "cardNumber":{
          "type":"string",
          "example":"434142********12",
          "description":"Card Number"
        },
        "noOfTxns":{
          "type":"string",
          "example":"5",
          "description":"Number of transactions expected to be returned in response"
        },
        "filterFlag":{
          "type":"string",
          "example":"A/ALL/AWDSC",
          "description":"Filter Criteria to get the Transactions"
        }
      }
    },
    "getUnbilledCardTransactionsResponseObj":{
      "type":"object",
      "properties":{
        "applicationArea":{
          "$ref":"#/definitions/applicationArea"
        },
        "responseStatus":{
          "$ref":"#/definitions/respStatus_RDO"
        },
        "unbilledCardTransactions":{
          "type":"array",
          "items":{
            "$ref":"#/definitions/getUnbilledCardTransactionsResponse"
          }
        }
      }
    },
    "getUnbilledCardTransactionsResponse":{
      "type":"object",
      "properties":{
        "cardNumber":{
          "type":"string",
          "example":"434142********12",
          "description":"Credit Card number"
        },
        "cardCurrency":{
          "type":"string",
          "example":"AED",
          "description":"Currency of the card"
        },
        "transactionDate":{
          "type":"string",
          "example":"12/12/2012",
          "description":"Date of the Transaction"
        },
        "transactionTime":{
          "type":"string",
          "example":"13:15:15",
          "description":"Time of the Transaction"
        },
        "transactionAmount":{
          "type":"string",
          "example":"",
          "description":"Amount of the Transaction in Card currency"
        },
        "merchantCategory":{
          "type":"string",
          "example":"13:15:15",
          "description":"Business category of the merchant where the transaction was done"
        },
        "authorizationCode":{
          "type":"string",
          "example":"12XX56",
          "description":"Authorization code for the transaction"
        },
        "transactionStatusDesc":{
          "type":"string",
          "example":"",
          "description":"Description for the Transaction status"
        },
        "transactionStatus":{
          "type":"string",
          "example":"13:15:15",
          "description":"Status of the transaction"
        },
        "merchantName":{
          "type":"string",
          "example":"",
          "description":"Name of the merchant for which transaction is done"
        },
        "merchantCity":{
          "type":"string",
          "example":"",
          "description":"Location of the Merchant - City"
        },
        "merchantCountry":{
          "type":"string",
          "example":"",
          "description":"Location of the Merchant - Country"
        },
        "instructedCurrency":{
          "type":"string",
          "example":"",
          "description":"Transaction Amount"
        },
        "instructedAmount":{
          "type":"string",
          "example":"1000.00",
          "description":"Transaction Currency"
        }
      }
    },
    "getbranchatmlistRequest":{
      "type":"object",
      "properties":{
        "locationType":{
          "type":"string",
          "example":"Branch/Offsite ATM/Branch ATM/Partner"
        },
        "emirate":{
          "type":"string",
          "example":"Abu Dhabi"
        }
      }
    },
    "genericError":{
      "type":"object",
      "properties":{
        "responseStatus":{
          "$ref":"#/definitions/diResponseStatus"
        }
      }
    },
    "atmBranchListResponse":{
      "type":"object",
      "properties":{
        "responseStatus":{
          "$ref":"#/definitions/respStatus_RDO"
        },
        "getAtmBranchLocationsResponse":{
          "type":"array",
          "items":{
            "$ref":"#/definitions/atmBranchLocations"
          }
        }
      }
    },
    "diResponseStatus":{
      "type":"object",
      "properties":{
        "status":{
          "type":"string",
          "example":"ERROR/WARNING",
          "description":"Response Status"
        },
        "error":{
          "$ref":"#/definitions/error"
        }
      }
    },
    "error":{
      "type":"array",
      "items":{
        "type":"object",
        "properties":{
          "code":{
            "type":"string",
            "example":"",
            "description":"Code that defines the reason for the error. It is alphanumeric"
          },
          "description":{
            "type":"string",
            "example":"",
            "description":"Details of the exception that has occurred"
          }
        }
      }
    },
    "checkLimitResponse":{
      "type":"object",
      "properties":{
        "responseStatus":{
          "$ref":"#/definitions/diResponseStatus"
        }
      }
    },
    "processFGBServiceRequestTableResponse":{
      "type":"object",
      "properties":{
        "responseStatus":{
          "$ref":"#/definitions/diResponseStatus"
        }
      }
    },
    "processHostReplayTableResponse":{
      "type":"object",
      "properties":{
        "responseStatus":{
          "$ref":"#/definitions/diResponseStatus"
        }
      }
    },
    "SAFOfflineResponse":{
      "type":"object",
      "properties":{
        "responseStatus":{
          "$ref":"#/definitions/diResponseStatus"
        }
      }
    },
    "SAFOfflineRequest":{
      "type":"object",
      "properties":{
        "sourceAccount":{
          "type":"string"
        },
        "sourceAccountingUnitIdentifier":{
          "type":"string"
        },
        "targetAccount":{
          "type":"string"
        },
        "cardNumber":{
          "type":"string"
        },
        "currency":{
          "type":"string"
        },
        "transactionAmount":{
          "type":"string"
        },
        "transactionCode":{
          "type":"string"
        },
        "transactionRequest":{
          "type":"string"
        },
        "authCode":{
          "type":"string"
        },
        "t24RequestID":{
          "type":"string"
        }
      }
    },
    "processHostReplayTableRequest":{
      "type":"object",
      "properties":{
        "accountingUnitIdentifier":{
          "type":"string"
        },
        "message":{
          "type":"string"
        },
        "functionCode":{
          "type":"string"
        },
        "hostReferenceNumber":{
          "type":"string"
        },
        "originalHostReferenceNumber":{
          "type":"string"
        },
        "replayId":{
          "type":"string"
        },
        "failureReason":{
          "type":"string"
        },
        "replayTimestamp":{
          "type":"string"
        },
        "replayAttempts":{
          "type":"string"
        },
        "sequenceNumber":{
          "type":"string"
        },
        "postingStatus":{
          "type":"string"
        }
      }
    },
    "processFGBServiceRequestTableRequest":{
      "type":"object",
      "properties":{
        "functionCode":{
          "type":"string"
        },
        "token1":{
          "type":"string"
        },
        "token2":{
          "type":"string"
        },
        "token3":{
          "type":"string"
        },
        "token4":{
          "type":"string"
        },
        "token5":{
          "type":"string"
        },
        "token6":{
          "type":"string"
        },
        "token7":{
          "type":"string"
        },
        "token8":{
          "type":"string"
        },
        "token9":{
          "type":"string"
        },
        "token10":{
          "type":"string"
        },
        "status":{
          "type":"string"
        },
        "requestId":{
          "type":"string"
        },
        "sourceAccountNumber":{
          "type":"string"
        },
        "transactionCode":{
          "type":"string"
        },
        "customerIdentifier":{
          "type":"string"
        },
        "creditAccountNumber":{
          "type":"string"
        },
        "requestDate":{
          "type":"string"
        },
        "responseDate":{
          "type":"string"
        },
        "completionDate":{
          "type":"string"
        },
        "hostReferenceNumber":{
          "type":"string"
        },
        "transactionAmount":{
          "type":"string"
        },
        "t24ReferenceNumber":{
          "type":"string"
        }
      }
    },
    "checkLimitRequest":{
      "type":"object",
      "properties":{
        "identifierType":{
          "type":"string"
        },
        "identifier":{
          "type":"string"
        },
        "accountingUnitIdentifier":{
          "type":"string"
        },
        "currency":{
          "type":"string"
        },
        "amount":{
          "type":"string"
        },
        "providerIdentifier":{
          "type":"string"
        },
        "idTxn":{
          "type":"string"
        },
        "channelIdentifier":{
          "type":"string"
        }
      }
    },
    "getATMListResponse":{
      "type":"object",
      "properties":{
        "atmList":{
          "type":"array",
          "items":{
            "type":"object",
            "properties":{
              "id":{
                "type":"string"
              },
              "itemId":{
                "type":"string"
              },
              "address":{
                "type":"string"
              },
              "arabicAddress":{
                "type":"string"
              },
              "featureOfATM":{
                "type":"string"
              },
              "availabilityOnFriday":{
                "type":"string"
              },
              "availabilityOnSATandSUN":{
                "type":"string"
              },
              "availabilityOnThursday":{
                "type":"string"
              },
              "emirateLookUpId":{
                "type":"string"
              },
              "emiratesLookupName":{
                "type":"string"
              },
              "fax":{
                "type":"string"
              },
              "geoPoint":{
                "type":"string"
              },
              "latitude":{
                "type":"string"
              },
              "longitude":{
                "type":"string"
              },
              "geoTitle":{
                "type":"string"
              },
              "locationName":{
                "type":"string"
              },
              "locationType":{
                "type":"string"
              },
              "locationLookupId":{
                "type":"string"
              },
              "locationLookupName":{
                "type":"string"
              },
              "poBox":{
                "type":"string"
              },
              "partnerLogo":{
                "type":"string"
              },
              "phone":{
                "type":"string"
              },
              "title":{
                "type":"string"
              },
              "arabicTitle":{
                "type":"string"
              },
              "version":{
                "type":"string"
              }
            }
          }
        },
        "responseStatus":{
          "$ref":"#/definitions/diResponseStatus"
        }
      }
    },
    "getBranchListResponse":{
      "type":"object",
      "properties":{
        "branchList":{
          "type":"array",
          "items":{
            "type":"object",
            "properties":{
              "bankId":{
                "type":"string",
                "description":"Identifier for Bank"
              },
              "branchId":{
                "type":"string",
                "description":"Identifier for Branch"
              },
              "branchName":{
                "type":"string",
                "description":"Name of the Branch"
              },
              "swiftCode":{
                "type":"string",
                "description":"Swift Code for the Branch"
              },
              "branchAddress":{
                "type":"array",
                "description":"Address of the Branch",
                "items":{
                  "type":"object"
                }
              },
              "bankName":{
                "type":"string",
                "description":"Name of the Bank"
              }
            }
          }
        },
        "responseStatus":{
          "$ref":"#/definitions/diResponseStatus"
        }
      }
    },
    "validateIFSCcodeRequest":{
      "type":"object",
      "properties":{
        "bankName":{
          "type":"string",
          "description":"Name of the Bank"
        },
        "IFSCCode":{
          "type":"string",
          "description":"Indian Financial System Code (11 digits) to identify the individual bank branches in India"
        },
        "branchName":{
          "type":"string",
          "description":"Branch of the Bank"
        }
      },
      "required":[
        "bankName",
        "IFSCCode"
      ]
    },
    "validateIFSCcodeResponse":{
      "type":"object",
      "properties":{
        "responseStatus":{
          "$ref":"#/definitions/diResponseStatus"
        }
      }
    },
    "getSmartAlertRequest":{
      "type":"object",
      "properties":{
        "registrationType":{
          "type":"string"
        },
        "customerReferenceNumber":{
          "type":"string"
        }
      },
      "required":[
        "registrationType"
      ]
    },
    "smartAlertDetails":{
      "type":"object",
      "properties":{
        "idAlert":{
          "type":"string"
        },
        "alertDescription":{
          "type":"string"
        },
        "idNotifier":{
          "type":"string"
        },
        "parameterAdditional":{
          "type":"array",
          "items":{
            "type":"object",
            "properties":{
              "parameterTypeDesc":{
                "type":"string"
              },
              "parameterType":{
                "type":"string"
              },
              "parameterValue":{
                "type":"string"
              },
              "parameterDesc":{
                "type":"string"
              }
            }
          }
        },
        "alertArabicDescription":{
          "type":"string"
        },
        "userId":{
          "type":"string"
        },
        "isActive":{
          "type":"string"
        },
        "forWhichAccount":{
          "type":"string"
        },
        "additionalParameter":{
          "type":"string"
        },
        "language":{
          "type":"string"
        },
        "makerId":{
          "type":"string"
        },
        "checkerId":{
          "type":"string"
        }
      }
    },
    "getSmartAlertResponse":{
      "type":"object",
      "properties":{
        "smartAlertDetails":{
          "type":"array",
          "items":{
            "$ref":"#/definitions/smartAlertDetails"
          }
        }
      }
    },
    "custMobileNoValidateRequest":{
      "type":"object",
      "properties":{
        "userId":{
          "type":"string"
        },
        "mobileNumber":{
          "type":"string"
        }
      },
      "required":[
        "userId",
        "mobileNumber"
      ]
    },
    "validateDateOfBirthRequest":{
      "type":"object",
      "properties":{
        "userId":{
          "type":"string"
        },
        "dateOfBirth":{
          "type":"string"
        }
      },
      "required":[
        "userId",
        "dateOfBirth"
      ]
    },
    "getMerchantsResponse":{
      "type":"object",
      "properties":{
        "Data":{
          "type":"string"
        },
        "Items":{
          "type":"array",
          "items":{
            "$ref":"#/definitions/merchant"
          }
        },
        "Message":{
          "type":"string"
        },
        "StatusCode":{
          "type":"integer"
        }
      }
    },
    "merchant":{
      "type":"object",
      "properties":{
        "ItemID":{
          "type":"integer"
        },
        "MerchantDescription":{
          "type":"string"
        },
        "MerchantDescriptionAR":{
          "type":"string"
        },
        "MerchantLogo":{
          "type":"string"
        },
        "Title":{
          "type":"string"
        },
        "TitleAR":{
          "type":"string"
        }
      }
    },
    "getOffersRequest":{
      "type":"object",
      "properties":{
        "requestChannel":{
          "type":"integer",
          "description":"Specifies the Channel from which request is made. Eg (1=Mobile, 2=Web)"
        },
        "keyword":{
          "type":"string"
        },
        "offerCategory":{
          "type":"integer",
          "description":"Offer Category ID "
        },
        "offerMerchant":{
          "type":"integer",
          "description":"Offer Merchant ID "
        },
        "offerLocation":{
          "type":"integer",
          "description":"Offer Location ID "
        },
        "activeFlag":{
          "type":"boolean",
          "example":"1",
          "description":"Indication for Active Offers. 0–inactive,1-Active"
        },
        "startDate":{
          "type":"string",
          "format":"date",
          "description":"Offer Start Date"
        },
        "endDate":{
          "type":"string",
          "format":"date",
          "description":"Offer End Date"
        },
        "maxResultCount":{
          "type":"integer",
          "description":"Number of Records expected. Default is 50"
        },
        "lngCode":{
          "type":"string",
          "description":"Offer language (en = English, ar = Arabic) Default value = en"
        }
      },
      "required":[
        "requestChannel",
        "activeFlag"
      ]
    },
    "getOffersResponse":{
      "type":"object",
      "properties":{
        "Items":{
          "type":"array",
          "items":{
            "$ref":"#/definitions/getOfferDataItem"
          }
        },
        "Data":{
          "type":"string"
        },
        "Message":{
          "type":"string"
        },
        "StatusCode":{
          "type":"integer"
        }
      }
    },
    "idNameObject":{
      "type":"object",
      "properties":{
        "id":{
          "type":"string",
          "description":"Unique identifier"
        },
        "Name":{
          "type":"string",
          "description":"Name of the Items"
        }
      }
    },
    "getOfferDataItem":{
      "type":"array",
      "items":{
        "properties":{
          "Emirates":{
            "type":"array",
            "items":{
              "$ref":"#/definitions/idNameObject"
            }
          },
          "EndOffersDate":{
            "type":"string",
            "description":"End date for the Offers"
          },
          "ItemID":{
            "type":"integer"
          },
          "Locations":{
            "type":"array",
            "items":{
              "$ref":"#/definitions/idNameObject"
            }
          },
          "Merchants":{
            "$ref":"#/definitions/idNameObject"
          },
          "OfferCategory":{
            "$ref":"#/definitions/idNameObject"
          },
          "OfferDescription":{
            "type":"string",
            "description":"Long Description for the offer"
          },
          "OfferLargeImage":{
            "type":"string",
            "description":"Large image to display for the offer"
          },
          "OfferSmallImage":{
            "type":"string",
            "description":"Small image to display for the offer"
          },
          "ShowMobile":{
            "type":"boolean",
            "description":"Indicator to display in Mobile"
          },
          "ShowWeb":{
            "type":"boolean",
            "description":"Indicator to display in Web"
          },
          "StartOffersDate":{
            "type":"string",
            "description":"Starting Date for the Offers"
          },
          "TermAndConditions":{
            "type":"string",
            "description":"Terms and Conditions for the Offer"
          },
          "Title":{
            "type":"string"
          },
          "ValidWidth":{
            "type":"integer"
          },
          "ZeroOffer":{
            "type":"boolean"
          }
        }
      }
    },
    "getOfferByIdRequest":{
      "type":"object",
      "properties":{
        "offerID":{
          "type":"integer",
          "description":"Offer ID"
        },
        "lngCode":{
          "type":"string",
          "description":"Offer language (en = English, ar = Arabic) Default value = en"
        }
      },
      "required":[
        "offerID"
      ]
    },
    "getOfferByIdResponse":{
      "type":"object",
      "properties":{
        "Data":{
          "type":"array",
          "items":{
            "$ref":"#/definitions/getOfferDataItem"
          }
        },
        "Items":{
          "type":"string"
        },
        "Message":{
          "type":"string",
          "description":" Response for the Message. Provides the actual error for the message"
        },
        "StatusCode":{
          "type":"integer",
          "description":"Status code for the request"
        }
      }
    },
    "categoryItemObject":{
      "type":"object",
      "properties":{
        "CategoryTitleAR":{
          "type":"string",
          "description":"Category of the Offer in Arabic"
        },
        "ItemID":{
          "type":"integer",
          "description":"Item's identifier"
        },
        "Title":{
          "type":"string",
          "description":"Category of the Offer in English"
        }
      }
    },
    "getOfferCategoriesResponse":{
      "type":"object",
      "properties":{
        "Data":{
          "type":"string"
        },
        "Items":{
          "type":"array",
          "items":{
            "$ref":"#/definitions/categoryItemObject"
          }
        },
        "Message":{
          "type":"string"
        },
        "StatusCode":{
          "type":"integer"
        }
      }
    },
    "OfferLocation":{
      "type":"object",
      "properties":{
        "data":{
          "type":"string"
        },
        "items":{
          "type":"array",
          "items":{
            "$ref":"#/definitions/LocationGeoPoint"
          }
        },
        "Message":{
          "type":"string"
        },
        "StatusCode":{
          "type":"string"
        }
      }
    },
    "LocationGeoPoint":{
      "type":"object",
      "properties":{
        "GeoPoints":{
          "type":"string",
          "description":"Geo Points separated by comma ex:\"24.43327,54.651123\""
        },
        "ItemID":{
          "type":"string"
        },
        "Title":{
          "type":"string"
        }
      }
    },
    "atmBranchLocations":{
      "type":"object",
      "properties":{
        "itemId":{
          "type":"string"
        },
        "address":{
          "type":"string"
        },
        "address_ar":{
          "type":"string"
        },
        "featureOfATM":{
          "type":"string"
        },
        "emiratesLookupId":{
          "type":"string"
        },
        "emiratesLookupName":{
          "type":"string"
        },
        "geoPoint":{
          "type":"string"
        },
        "latitude":{
          "type":"string"
        },
        "longitude":{
          "type":"string"
        },
        "titleGeo":{
          "type":"string"
        },
        "locationName":{
          "type":"string"
        },
        "locationType":{
          "type":"string"
        },
        "locationLookupId":{
          "type":"string"
        },
        "locationLookupName":{
          "type":"string"
        },
        "poBox":{
          "type":"string"
        },
        "partnerLogo":{
          "type":"string",
          "format":"byte"
        },
        "title":{
          "type":"string"
        },
        "title_ar":{
          "type":"string"
        },
        "phone":{
          "type":"string"
        },
        "email":{
          "type":"string"
        },
        "fax":{
          "type":"string"
        },
        "services":{
          "type":"array",
          "items":{
            "$ref":"#/definitions/serviceList"
          }
        },
        "timings":{
          "type":"array",
          "items":{
            "$ref":"#/definitions/timingList"
          }
        }
      }
    },
    "serviceList":{
      "type":"object",
      "properties":{
        "srvCode":{
          "type":"string",
          "description":"Service Code. Values - CASH_WITHDRAWL/CASH_DEPOSIT/CHQ_DEPOSIT",
          "example":"CASH_WITHDRAWL"
        },
        "srvDesc":{
          "type":"string",
          "description":"Descriptions for services offered. Values - CASH_WITHDRAWL/CASH_DEPOSIT/CHQ_DEPOSIT",
          "example":"CASH WITHDRAWL"
        }
      }
    },
    "timingList":{
      "type":"object",
      "properties":{
        "dayName":{
          "type":"string",
          "description":"Service Code",
          "example":"MONDAY/TUESDAY/WEDNESDAY"
        },
        "openTime":{
          "type":"string",
          "example":"6:00 AM"
        },
        "closeTime":{
          "type":"string",
          "example":"23:00 PM"
        }
      }
    },
    "Error":{
      "type":"object",
      "properties":{
        "responseStatus":{
          "$ref":"#/definitions/respStatus_RDO"
        }
      }
    },
    "errorDetails_RDO":{
      "type":"object",
      "properties":{
        "statusCode":{
          "type":"string",
          "description":"Code that defines the reason for the error. It is alphanumeric",
          "example":"SYS001"
        },
        "statusMessage":{
          "type":"string",
          "example":"Details of the exception that has occurred"
        }
      }
    },
    "Error_AppArea":{
      "type":"object",
      "properties":{
        "applicationArea":{
          "$ref":"#/definitions/applicationArea"
        },
        "responseStatus":{
          "$ref":"#/definitions/respStatus_RDO"
        }
      }
    },
    "respStatus_RDO":{
      "type":"object",
      "properties":{
        "status":{
          "type":"string",
          "example":"SUCCESS/ERROR/WARNING",
          "description":"Response Status"
        },
        "statusMessage":{
          "type":"string",
          "example":"Status Message"
        },
        "errorDetails":{
          "type":"array",
          "items":{
            "$ref":"#/definitions/errorDetails_RDO"
          }
        },
        "metaData":{
          "type":"object",
          "properties":{
            "dateFormat":{
              "type":"string",
              "example":"dd/MM/yyyy"
            },
            "timeFormat":{
              "type":"string",
              "example":"HH:mm:ss"
            }
          }
        }
      }
    },
    "applicationArea":{
      "type":"object",
      "required":[
        "correlationId",
        "countryOfOrigin",
        "transactionDateTime",
        "transactionId"
      ],
      "properties":{
        "correlationId":{
          "type":"string",
          "description": "Unique identifier used for identifying the transaction lifecycle",
          "example": "123DEFG89"
        },
        "countryOfOrigin":{
          "type":"string",
          "description": "Country of origination of the request. ISO 3166 country codes in two bytes format",
          "minLength" : 2,
          "maxLength" : 2,
          "example": "AE"
        },
        "creationDateTime":{
          "type":"string",
          "format" : "date-time",
          "description": "Creation date of the service in ISO 8601 YYYY-MM-DDTHH:MM:SS:sssZ format. This is an optional field"
        },
        "interfaceID":{
          "type":"string",
          "description": "Logical reference of the Interface that intiated the service. This is an optional field",
          "example": ""
        },
        "requiredExecutionDate":{
          "type":"string",
          "format" : "date-time",
          "description": "Date on which the transaction needs to be actually posted in ISO 8601 YYYY-MM-DDTHH:MM:SS:sssZ format. This is an optional field"
        },
        "senderUserId":{
          "type":"string",
          "description": "Sender's User ID. Information about a user who has initiated the transaction",
          "example": ""
        },
        "senderBranchId":{
          "type":"string",
          "description": "Sender's Branch ID. Information about a user who has initiated the transaction",
          "example": ""
        },
        "senderId":{
          "type":"string",
          "description": "Unique identification for the consumer. This will be agreed by Service owner at the time of setup. It will need to be passed in all requests",
          "example": "MOB"
        },
        "transactionDateTime":{
          "type":"string",
          "format":"date-time",
          "description" : "The data and time the request is initiated in ISO 8601 format: YYYY-MM-DDTHH:MM:SS:sssZ"
        },
        "transactionId":{
          "type":"string",
          "example" : "WLT1254378DEFG",
          "description" : "Unique transaction reference id assigned by the Sender to identify the message"
        },
        "transactionTimeZone":{
          "type":"string",
          "description" : "Timezone in which transaction is initiated",
          "example" : ""
        },
        "senderAuthorizationID":{
          "type":"string",
          "description" : "Identification of the Authorizer who has authorized the transaction. This is an optional field",
          "example" : ""
        },
        "senderReferenceID":{
          "type":"string",
          "description" : "Reference ID from Sender to identify the event that cause the service invocation. This is an optional field",
          "example" : ""
        },
        "senderAuthorizationComments":{
          "type":"string",
          "description" : "Comments of the Authorizer on authorizing the transaction. This is an optional field",
          "example" : ""
        }
      }
    }
  }
}