{
  "swagger": "2.0",
  "info": {
    "description": "Common card services that facilitates processing on the credit card. Capabilities include card creation, PIN Reset and other operations.",
    "version": "1.0.0",
    "title": "Card Management"
  },
  "basePath": "/card/v1",
  "paths": {
    "/pinreset": {
      "post": {
	    "summary": "Reset PIN for a card",
	"tags": [
	  "Card-Management"
	],
        "description": "Change PIN for a card or updates PIN Reset Flag to allow PIN change at ATM",
        "operationId": "processPinResetFlag",
        "consumes": [
          "application/json"
        ],
        "produces": [
          "application/json"
        ],
        "parameters": [
          {
            "in": "body",
            "name": "body",
            "description": "To Rest PIN for a Card",
            "required": false,
            "schema": {
              "$ref": "#/definitions/pinResetFlagReq"
            }
          }
        ],
        "responses": {
          "200": {
            "description": "PIN Reset was successful.",
            "schema": {
              "$ref": "#/definitions/pinResetFlagRes"
            }
          }
        }
      }
    },
    "/postCardGeneration": {
      "post": {
	    "summary": "Create card in Card Management System",
	"tags": [
	  "Card-Management"
	],
        "description": "Creates a card in the card system. This is applicable to credit, debit and prepaid cards",
        "operationId": "postCardGeneration",
        "consumes": [
          "application/json"
        ],
        "produces": [
          "application/json"
        ],
        "parameters": [
          {
            "in": "body",
            "name": "body",
            "description": "To create credit/debit/prepaid card",
            "required": false,
            "schema": {
              "$ref": "#/definitions/postCardGeneration"
            }
          }
        ],
        "responses": {
          "200": {
            "description": "Card generation was successful.",
            "schema": {
              "$ref": "#/definitions/cardGenerationRes"
            }
          }
        }
      }
    },
    "/transactionDetailsByRefNo": {
      "post": {
	    "summary": "Fetch transaction details by transaction reference",
	"tags": [
	  "Card-Management"
	],
        "description": "Get transaction details for a particular transaction reference",
        "operationId": "getTransactionDetailsByRefNo",
        "consumes": [
          "application/json"
        ],
        "produces": [
          "application/json"
        ],
        "parameters": [
          {
            "in": "body",
            "name": "body",
            "description": "Fetch Transaction Details",
            "required": false,
            "schema": {
              "$ref": "#/definitions/transactionDetailsReq"
            }
          }
        ],
        "responses": {
          "200": {
            "description": "The operation was successful.",
            "schema": {
              "$ref": "#/definitions/transactionDetailsRes"
            }
          },
          "201": {
            "description": "Created"
          },
          "202": {
            "description": "Problem occured getting transaction details"
          }
        }
      }
    }
  },
  "definitions": {
    "pinResetData_RDO": {
      "type": "object",
      "properties": {
        "pinResetData": {
          "$ref": "#/definitions/pinResetDataReq"
        }
      }
    },
    "pinResetFlagReq": {
      "type": "object",
      "properties": {
        "applicationArea": {
          "$ref": "#/definitions/applicationArea"
        },
        "securityArea": {
          "$ref": "#/definitions/securityArea"
        },
        "dataAreaPinResetReq": {
          "$ref": "#/definitions/pinResetData_RDO"
        }
      }
    },
    "securityArea": {
      "type": "object",
      "properties": {
        "secToken": {
          "type": "string",
          "description" : "Security Token",
          "example" : ""
        },
        "userId": {
          "type": "string",
          "description" : "User ID",
          "example" : ""
        },
        "passwd": {
          "type": "string",
          "description" : "Password",
          "example" : ""
        }
      }
    },
    "pinResetFlagRes": {
      "type": "object",
      "properties": {
        "applicationArea": {
          "$ref": "#/definitions/applicationArea"
        },
        "dataAreaPinResetRes": {
          "$ref": "#/definitions/changeStatus_RDO"
        },
        "exceptionData": {
          "$ref": "#/definitions/exceptionResult"
        }
      }
    },
    "transactionDetailsRes_RDO": {
      "type": "object",
      "properties": {
        "transactionDetailsData": {
          "$ref": "#/definitions/transactionDetails_RDO"
        },
        "changeStatus": {
          "$ref": "#/definitions/changeStatus"
        }
      }
    },
    "transactionDetailsReq": {
      "type": "object",
      "properties": {
        "applicationArea": {
          "$ref": "#/definitions/applicationArea"
        },
        "dataAreaTransactionDetailsReq": {
          "$ref": "#/definitions/transactionDetailsReq_RDO"
        },
        "securityArea": {
          "$ref": "#/definitions/securityArea"
        }
      }
    },
    "transactionDetailsRes": {
      "type": "object",
      "properties": {
        "applicationArea": {
          "$ref": "#/definitions/applicationArea"
        },
        "dataAreaTransactionDetails": {
          "$ref": "#/definitions/transactionDetailsRes_RDO"
        }
      }
    },
    "salesDetailsType": {
      "type": "object",
      "properties": {
        "fullName": {
          "type": "string",
          "description": "Customer Full Name",
          "example": "Sample Full Name"
        },
        "branchName": {
          "type": "string",
          "description": "Branch Name",
          "example": "Sample Branch"
        },
        "branchId": {
          "type": "string",
          "description": "Branch ID",
          "example": "102"
        },
        "id": {
          "type": "string",
          "description": "User ID"
        },
        "branchStaffId": {
          "type": "string",
          "description": "Branch Staff ID"
        },
        "salesType": {
          "type": "string",
          "description": "Type of Sale",
          "example": "Credit Card/CASA/Loan"
        },
        "salesChannel": {
          "type": "string",
          "description": "Channel thorugh which sale happened",
          "example": "Branch/Website"
        }
      }
    },
    "cardGenerationReqData": {
      "type": "object",
      "properties": {
        "customerRecordAction": {
          "type": "string",
          "description": "Identifier to create customer record",
          "example": "A"
        },
        "accountRecordAction": {
          "type": "string",
          "description": "Identifier to create account record",
          "example": "A"
        },
        "cardRecordAction": {
          "type": "string",
          "description": "Identifier to create card record",
          "example": "A"
        },
        "organizationIdentifier": {
          "type": "number",
          "description": "Bank Identifier Defined in Card Management System"
        },
        "processType": {
          "type": "string",
          "description": "Card Creation Type - Instant Issuance/Same Day Plastic/Normal Issuance"
        },
        "applicationDate": {
          "type": "string",
          "description": "Date when applicaiton is captured"
        },
        "applicationID": {
          "type": "string",
          "description": "Application Reference Number"
        },
        "customerDetails": {
          "$ref": "#/definitions/customerDetail"
        },
        "accountDetails": {
          "$ref": "#/definitions/accountDetail"
        },
        "cardDetails": {
          "$ref": "#/definitions/cardDetail"
        },
        "insuranceDetails": {
          "$ref": "#/definitions/insuranceDetailsType"
        },
        "salesDetails": {
          "$ref": "#/definitions/salesDetailsType"
        }
      }
    },
    "identity_RDO": {
      "type": "object",
      "properties": {
        "identityType": {
          "type": "string",
          "description": "ID Type",
          "example": "National ID/Driving License/Passport"
        },
        "identityNumber": {
          "type": "string",
          "description": "ID number"
        }
      }
    },
    "insuranceDetailsType": {
      "type": "object",
      "properties": {
        "productDetails": {
          "type": "array",
          "items": {
            "$ref": "#/definitions/insuranceProduct_RDO"
          }
        },
        "productDesc": {
          "type": "string",
          "description": "Insurance Product Description",
          "example": "Child Protection"
        },
        "status": {
          "type": "string",
          "description": "Insurance Product Status",
          "example": "Active/Inactive"
        },
        "cancellationReasonCode": {
          "type": "string",
          "description": "Reason Code for Cancelling Insurnace"
        },
        "nominee1": {
          "type": "string",
          "description": "Name of Nominee1"
        },
        "nominee2": {
          "type": "string",
          "description": "Name of Nominee2"
        },
        "salesChannel": {
          "type": "string",
          "description": "Channel through which Sale happened",
          "example": "Branch/Website"
        },
        "lastPremiumBilledAmount": {
          "type": "string",
          "description": "Amount Paid for last Premium"
        },
        "lastPremiumBilledDate": {
          "type": "string",
          "description": "Date of last premium billed"
        },
        "lastInsuranceStatusChangeDate": {
          "type": "string",
          "description": "Date when Insurance Status is changed"
        },
        "insuranceCancellationDate": {
          "type": "string",
          "description": "Date when Insurnace is cancelled"
        },
        "insuranceReActivationDate": {
          "type": "string",
          "description": "Date when Insurance is activated"
        }
      }
    },
    "pinResetDataReq": {
      "type": "object",
      "properties": {
        "pinNumber": {
          "type": "string",
          "description": "PIN number to be set"
        },
        "cifNumber": {
          "type": "string",
          "description": "Customer ID"
        },
        "cardNumber": {
          "type": "string",
          "description": "Card Number"
        },
        "branchCode": {
          "type": "string",
          "description": "Branch Code"
        },
        "pinValidationStatus": {
          "type": "string",
          "description": "PIN Validation Status"
        },
        "pinIndicator": {
          "type": "string",
          "description": "Indicator to allow PIN Set at ATM"
        }
      }
    },
    "response_RDO": {
      "type": "object",
      "properties": {
        "status": {
          "type": "string",
          "description": "Status of response"
        },
        "errorDetails": {
          "type": "array",
          "items": {
            "$ref": "#/definitions/errorDetails_obj"
          }
        }
      }
    },
    "postCardGeneration": {
      "type": "object",
      "properties": {
        "applicationArea": {
          "$ref": "#/definitions/applicationArea"
        },
        "securityArea": {
          "$ref": "#/definitions/securityArea"
        },
        "dataArea": {
          "$ref": "#/definitions/cardGenerationReqData"
        }
      }
    },
    "changeStatus_RDO": {
      "type": "object",
      "properties": {
        "changeStatus": {
          "$ref": "#/definitions/changeStatus"
        }
      }
    },
    "accountDetail": {
      "type": "object",
      "properties": {
        "membershipFeeIndicator": {
          "type": "string",
          "description": "Indicator to charge membership fee",
          "example": "Y/N"
        },
        "membershipFeeWaiverFlag": {
          "type": "string",
          "description": "Indicator to waive membership fee",
          "example": "Y/N"
        },
        "PCTID": {
          "type": "string",
          "description": "ID that defines fee and charges for customer"
        },
        "relationshipNumber": {
          "type": "string",
          "description": "Relationship number of KCP for Corporate customers"
        },
        "limitApprover": {
          "type": "string",
          "description": "ID/Name of the Staff who approved credit limit"
        },
        "billingLevel": {
          "type": "string"
        },
        "directDebitFileRequestDays": {
          "type": "string",
          "description": "Parameter that defines when to request for Direct Debit amount towards Credit Card Payment"
        },
        "CSAccountNumber": {
          "type": "string"
        },
        "openDate": {
          "type": "string",
          "description": "Date when account is opened"
        },
        "defaultAccountType": {
          "type": "string",
          "description": "Type of account",
          "example": "Savings or Current"
        },
        "cardAccountTypeCategory": {
          "type": "string",
          "description": "Type of Card Account",
          "example": "Credit/Debit/Prepaid"
        },
        "primaryAccountIndicator": {
          "type": "string",
          "description": "Indicator for which account to be considered as primary",
          "example": "Savings/Current"
        },
        "primaryAccountNumber": {
          "type": "string",
          "description": "Primary Account number"
        },
        "primaryAccountFlag": {
          "type": "string",
          "description": "Primary Account flag"
        },
        "accountNumber2": {
          "type": "string",
          "description": "Account Number2"
        },
        "routingNumber1": {
          "type": "string",
          "description": "Routing Number1"
        },
        "accountNumber1": {
          "type": "string",
          "description": "Account Number1"
        },
        "routingNumber2": {
          "type": "string",
          "description": "Routing Number2"
        },
        "accountLogo": {
          "type": "string",
          "description": "Product Idenifier",
          "example": "654"
        },
        "creditLimit": {
          "type": "string",
          "description": "Approved Credit Limit"
        },
        "accountType2": {
          "type": "string",
          "description": "Account Type2"
        },
        "openDate1": {
          "type": "string",
          "description": "Date when account1 opened"
        },
        "accountType1": {
          "type": "string",
          "description": "Type of account1",
          "example": "savings/current"
        },
        "referenceID": {
          "type": "string",
          "description": "Request reference ID"
        },
        "accountShortName": {
          "type": "string",
          "description": "Short Name of Account Holder"
        },
        "organizationCode": {
          "type": "string",
          "description": "Bank Identifier Defined in Card Management System"
        },
        "billingCycle": {
          "type": "string",
          "description": "Statement Cycle allocated for the account"
        },
        "cardIssuanceID": {
          "type": "string",
          "description": "ID that defines fee & charges for customer"
        },
        "creditScore": {
          "type": "string",
          "description": "Credit Score of customer"
        },
        "blockCode1": {
          "type": "string",
          "description": "Block Code 1"
        },
        "blockCode2": {
          "type": "string",
          "description": "Block Code 2"
        },
        "pricingControl": {
          "type": "string",
          "description": "ID that defines fee & charges for customer"
        },
        "expiryDate": {
          "type": "string",
          "format": "date",
          "description": "Card Expiry Date"
        },
        "startDate": {
          "type": "string",
          "format": "date"
        },
        "sourceCode": {
          "type": "string"
        },
        "promoCode": {
          "type": "string",
          "description": "Promotional Campaign Code"
        },
        "statementFlag": {
          "type": "string",
          "description": "Flag to identify how Statements are to be sent",
          "example": "Email/Paper/Both"
        },
        "rewardSchemeIdentifier": {
          "type": "string",
          "description": "Loyalty Program Indicator"
        },
        "incomeAmount": {
          "type": "string",
          "description": "Customer Annual Income"
        },
        "frequentShopperFlag": {
          "type": "string",
          "description": "Loyalty Enrolment Indicator"
        },
        "directDebitPaymentType": {
          "type": "string",
          "description": "Direct Debit Amount to be a fixed amount or percentage amount",
          "example": "Fixed/Percentage/Full Balance"
        },
        "directDebitPaymentAmount": {
          "type": "string",
          "description": "Direct Debit Amount"
        },
        "directDebitPaymentPercentage": {
          "type": "string",
          "description": "Direct Debit Percentage"
        },
        "directDebitAccountNumber": {
          "type": "string",
          "description": "CASA Account number on which Direct Debit to be done for Payment towards Card/Loan"
        },
        "directDebitCurrency": {
          "type": "string",
          "description": "Currency of Direct Debit Amount"
        },
        "directDebitBranchCode": {
          "type": "string",
          "description": "Branch Code of CASA account on which Direct Debit is scheduled"
        },
        "directDebitRoutingNumber": {
          "type": "string",
          "description": "Routing number of CASA account on which Direct Debit is scheduled"
        },
        "User_Data_1": {
          "type": "string",
          "description": "To be used for customized requirements"
        },
        "User_Data_2": {
          "type": "string",
          "description": "To be used for customized requirements"
        },
        "User_Data_3": {
          "type": "string",
          "description": "To be used for customized requirements"
        },
        "User_Data_4": {
          "type": "string",
          "description": "To be used for customized requirements"
        },
        "User_Data_5": {
          "type": "string",
          "description": "To be used for customized requirements"
        },
        "User_Data_6": {
          "type": "string",
          "description": "To be used for customized requirements"
        },
        "User_Data_7": {
          "type": "string",
          "description": "To be used for customized requirements"
        },
        "User_Data_8": {
          "type": "string",
          "description": "To be used for customized requirements"
        },
        "User_Data_9": {
          "type": "string",
          "description": "To be used for customized requirements"
        },
        "User_Data_10": {
          "type": "string",
          "description": "To be used for customized requirements"
        },
        "User_Data_11": {
          "type": "string",
          "description": "To be used for customized requirements"
        },
        "User_Data_12": {
          "type": "string",
          "description": "To be used for customized requirements"
        },
        "User_Data_13": {
          "type": "string",
          "description": "To be used for customized requirements"
        },
        "User_Data_14": {
          "type": "string",
          "description": "To be used for customized requirements"
        },
        "User_Data_15": {
          "type": "string",
          "description": "To be used for customized requirements"
        },
        "misc_user_1": {
          "type": "string",
          "description": "To be used for customized requirements"
        },
        "misc_user_3": {
          "type": "string",
          "description": "To be used for customized requirements"
        },
        "misc_user_4": {
          "type": "string",
          "description": "To be used for customized requirements"
        },
        "misc_user_5": {
          "type": "string",
          "description": "To be used for customized requirements"
        },
        "misc_user_6": {
          "type": "string",
          "description": "To be used for customized requirements"
        },
        "apple_user_2": {
          "type": "string",
          "description": "To be used for customized requirements"
        },
        "apple_user_3": {
          "type": "string",
          "description": "To be used for customized requirements"
        }
      }
    },
    "cardDetail": {
      "type": "object",
      "properties": {
        "expiryDate": {
          "type": "string",
          "description": "Card Expiry Date"
        },
        "CIFNumber": {
          "type": "string",
          "description": "Customer ID"
        },
        "companyName": {
          "type": "string",
          "description": "Name of Employer"
        },
        "mailingAddressType": {
          "type": "string",
          "description": "Type of address for customer communication",
          "example": "Home/Work"
        },
        "mailingAddress1": {
          "type": "string",
          "description": "Mailing Address Line1"
        },
        "mailingAddress2": {
          "type": "string",
          "description": "Mailing Address Line2"
        },
        "mailingAddress3": {
          "type": "string",
          "description": "Mailing Address Line3"
        },
        "mailingAddress4": {
          "type": "string",
          "description": "Mailing Address Line4"
        },
        "mailingAddress5": {
          "type": "string",
          "description": "Mailing Address Line5"
        },
        "mailingAddressStreetName": {
          "type": "string",
          "description": "Street Name"
        },
        "mailingAddressBuildingName": {
          "type": "string",
          "description": "Building Name"
        },
        "mailingAddressZipCode": {
          "type": "string",
          "description": "Postal Code"
        },
        "mailingAddressCity": {
          "type": "string",
          "description": "City"
        },
        "mailingAddressCountry": {
          "type": "string",
          "description": "Country",
          "example": "United Arab Emirates"
        },
        "mailingAddressCountryCd": {
          "type": "string",
          "description": "Country Code",
          "example": "UAE"
        },
        "mailingAddressState": {
          "type": "string",
          "description": "State"
        },
        "cardAction": {
          "type": "string",
          "description": "Card Action which decide how the card to be issed as",
          "example": "1-New,2-Additional Card,3-Replacement Card"
        },
        "cardType": {
          "type": "string",
          "description": "Type of card",
          "example": "Primary or Supplementary"
        },
        "cardPlasticType": {
          "type": "string",
          "description": "Technology of Card",
          "example": "Magstripe/Chip/Contactless"
        },
        "cardPlasticID": {
          "type": "string",
          "description": "ID that defines the plastic design of the card"
        },
        "fullName": {
          "type": "string",
          "description": "Customer Fullname"
        },
        "branchId": {
          "type": "string",
          "description": "Branch ID from which Card request has been initiated"
        },
        "branchName": {
          "type": "string",
          "description": "Branch Name from which Card request has been initiated"
        },
        "cardNumber": {
          "type": "string",
          "description": "Card Number"
        },
        "cardLogo": {
          "type": "string",
          "description": "Identifier of the product card belongs to"
        },
        "emblemId": {
          "type": "string",
          "description": "Identifier to differentiate sub-products under a product"
        },
        "embossedName1": {
          "type": "string",
          "description": "Card holder name to be printed on Card"
        },
        "embossedName2": {
          "type": "string",
          "description": "Name to be printed below card holder name on card"
        },
        "embosserName1": {
          "type": "string",
          "description": "Name to be printed on envelope"
        },
        "atmLimit": {
          "type": "string",
          "description": "Maximum amount that can be withdrawn from ATM per day from the card"
        },
        "posLimit": {
          "type": "string",
          "description": "Maximum amount that can be used on POS/eCommerce per day from the card"
        },
        "aggrLimit": {
          "type": "string",
          "description": "Consolidated daily limt (ATM+POS/eCommerce)"
        },
        "nationality": {
          "type": "string",
          "description": "Customer Nationality"
        },
        "photoImageID": {
          "type": "string",
          "description": "Indicator to determine if Customer Photo to be printed on Card"
        },
        "city": {
          "type": "string",
          "description": "City"
        },
        "zipCode": {
          "type": "string",
          "description": "Postal Code"
        },
        "processType": {
          "type": "string",
          "description": "Card to be embossed as Instant/Same Day/Normal issuance"
        },
        "pinOverrideFlag": {
          "type": "string",
          "description": "Should the PIN be overwritten?"
        },
        "deliveryMethodCode": {
          "type": "string",
          "description": "Card to be delivered to customer or branch?"
        },
        "spendingLimit": {
          "type": "string",
          "description": "Spend limit of the card"
        },
        "isPhotoRequired": {
          "type": "string",
          "description": "Is Photo details required for embossing of the card"
        },
        "suppressPin": {
          "type": "string",
          "description": "Should the PIN generation be suppressed?"
        },
        "cardStatus": {
          "type": "string",
          "description": "Status of Card"
        },
        "ATMCashLimit": {
          "type": "string",
          "description": "Maximum amount that can be withdrawn from ATM per day from the card"
        },
        "reissuanceDeliveryDetails": {
          "type": "string",
          "description": "Card to be delivered to at the time re-issuance"
        },
        "maxATMCashTransactionCount": {
          "type": "string",
          "description": "Maximum amount that can be withdrawn from ATM in a single transaction"
        },
        "purchaseLimit": {
          "type": "string",
          "description": "Maximum amount that can be used on POS/eCommerce per day from the card"
        },
        "maxPurchaseTransactionCount": {
          "type": "string",
          "description": "Maximum amount that can be used on POS/eCommerce in a single transaction"
        },
        "creditLimit": {
          "type": "string",
          "description": "Credit Limit"
        },
        "maxTransactionCount": {
          "type": "string",
          "description": "Maximum Transactions allowed per day on card"
        },
        "ATMAmountLimit": {
          "type": "string",
          "description": "Maximum amount that can be withdrawn from ATM per day from the card"
        },
        "quasiCashLimit": {
          "type": "string",
          "description": "Maximum amount that can be used as Quasi cash per day from the card"
        },
        "maxQuasiCashTransactionCount": {
          "type": "string",
          "description": "Maximum number of Quasi cash transactions allowed per day on the card"
        },
        "OTCCashLimit": {
          "type": "string",
          "description": "Maximum amount that can be taken over the counter per day from the card"
        },
        "OTCCashTransactionCount": {
          "type": "string",
          "description": "Maximum number of transactions allowed to take cash over the counter per day on the card"
        },
        "pinDelivery": {
          "type": "string",
          "description": "Flag to indicate whether the PIN to be generated or not"
        },
        "artworkID": {
          "type": "string",
          "description": "ID that defines soft image of the plastic to be displayed in Samsung/Google/Apple wallets"
        },
        "pinStatus": {
          "type": "integer",
          "description": "Status of PIN set"
        },
        "organizationCode": {
          "type": "string",
          "description": "Bank identifier defined in Card Management System"
        },
        "dispatchMode": {
          "type": "string",
          "description": "Card dispatch mode (courier/branch)"
        },
        "referenceID": {
          "type": "string",
          "description": "Unique reference ID"
        },
        "primaryAccountNumber": {
          "type": "string",
          "description": "Primary Account Number of the card"
        },
        "supplementaryMembershipFlagWaive": {
          "type": "string",
          "description": "Flag to indicate of membership fee on supplementary card to be waived"
        },
        "motherName": {
          "type": "string",
          "description": "Customer's Mother Name"
        },
        "birthDate": {
          "type": "string",
          "format": "date",
          "description": "Date of Birth of Customer"
        },
        "accountNumber": {
          "type": "string",
          "description": "Account number to which card is linked to"
        },
        "referenceNumber": {
          "type": "string",
          "description": "Unique reference number"
        },
        "renewalIndicator": {
          "type": "string",
          "description": "Flag to determine if the card to be renewed upon expiry"
        },
        "User_Data_1": {
          "type": "string",
          "description": "To be used for customized requirements"
        },
        "User_Data_2": {
          "type": "string",
          "description": "To be used for customized requirements"
        },
        "User_Data_3": {
          "type": "string",
          "description": "To be used for customized requirements"
        },
        "User_Data_4": {
          "type": "string",
          "description": "To be used for customized requirements"
        },
        "User_Data_5": {
          "type": "string",
          "description": "To be used for customized requirements"
        },
        "User_Data_6": {
          "type": "string",
          "description": "To be used for customized requirements"
        },
        "User_Data_7": {
          "type": "string",
          "description": "To be used for customized requirements"
        },
        "User_Data_8": {
          "type": "string",
          "description": "To be used for customized requirements"
        },
        "User_Data_9": {
          "type": "string",
          "description": "To be used for customized requirements"
        },
        "User_Data_10": {
          "type": "string",
          "description": "To be used for customized requirements"
        },
        "User_Data_11": {
          "type": "string",
          "description": "To be used for customized requirements"
        },
        "User_Data_12": {
          "type": "string",
          "description": "To be used for customized requirements"
        },
        "User_Data_13": {
          "type": "string",
          "description": "To be used for customized requirements"
        },
        "User_Data_14": {
          "type": "string",
          "description": "To be used for customized requirements"
        },
        "User_Data_15": {
          "type": "string",
          "description": "To be used for customized requirements"
        },
        "issuanceDeliveryDetails": {
          "$ref": "#/definitions/issuanceDeliveryDetailsType"
        }
      }
    },
    "applicationArea": {
      "type": "object",
      "required": [
        "correlationId",
        "countryOfOrigin",
        "transactionDateTime",
        "transactionId"
      ],
      "properties": {
        "correlationId": {
          "type": "string",
          "description": "Unique identifier used for identifying the transaction lifecycle",
          "example": "123DEFG89"
        },
        "countryOfOrigin": {
          "type": "string",
          "description": "Country of origination of the request. ISO 3166 country codes in two bytes format",
          "minLength" : 2,
          "maxLength" : 2,
          "example": "AE"
        },
        "creationDateTime": {
          "type": "string",
          "format" : "date-time",
          "description": "Creation date of the service in ISO 8601 YYYY-MM-DDTHH:MM:SS:sssZ format. This is an optional field"
        },
        "interfaceID": {
          "type": "string",
          "description": "Logical reference of the Interface that intiated the service. This is an optional field",
          "example": ""
        },
        "senderLocation": {
          "type": "string",
          "description": "Location of the transaction",
          "example": ""
        },
        "senderUserId": {
          "type": "string",
          "description": "Sender's User ID. Information about a user who has initiated the transaction",
          "example": ""
        },
        "senderBranchId": {
          "type": "string",
          "description": "Sender's Branch ID. Information about a user who has initiated the transaction",
          "example": ""
        },
        "senderId": {
          "type": "string",
          "description": "Unique identification for the consumer. This will be agreed by Service owner at the time of setup. It will need to be passed in all requests",
          "example": "MOB"
        },
        "transactionDateTime": {
          "type": "string",
          "format" : "date-time",
          "description" : "The data and time the request is initiated in ISO 8601 format: YYYY-MM-DDTHH:MM:SS:sssZ"
        },
        "transactionId": {
          "type": "string",
          "example" : "WLT1254378DEFG",
          "description" : "Unique transaction reference id assigned by the Sender to identify the message"
        },
        "transactionTimeZone": {
          "type": "string",
          "description" : "Timezone in which transaction is initiated",
          "example" : "GMT+4"
        },
        "requiredExecutionDate": {
          "type": "string",
          "format" : "date-time",
          "description": "Date on which the transaction needs to be actually posted in ISO 8601 YYYY-MM-DDTHH:MM:SS:sssZ format. This is an optional field"
        }
      }
    },
    "issuanceDeliveryDetailsType": {
      "type": "object",
      "properties": {
        "trackingStatusCode": {
          "type": "string",
          "description": "Card Delivery Status tracking code"
        },
        "trackingStatusDescription": {
          "type": "string",
          "description": "Card Delivery Status description"
        },
        "deliveryMethodCode": {
          "type": "string",
          "description": "Card Delivery Method (Courier/Branch)"
        },
        "branchId": {
          "type": "string",
          "description": "Branch to which card to be delivered"
        },
        "branchName": {
          "type": "string",
          "description": "Name of the branch card to be delivered"
        },
        "addressType": {
          "type": "string",
          "description": "Type of address for card delivery (customer/branch)"
        },
        "address1": {
          "type": "string",
          "description": "Address Line1"
        },
        "address2": {
          "type": "string",
          "description": "Address Line2"
        },
        "address3": {
          "type": "string",
          "description": "Address Line3"
        },
        "address4": {
          "type": "string",
          "description": "Address Line4"
        },
        "address5": {
          "type": "string",
          "description": "Address Line5"
        },
        "streetName": {
          "type": "string",
          "description": "Street name"
        },
        "buildingName": {
          "type": "string",
          "description": "Building name"
        },
        "blockNumber": {
          "type": "string",
          "description": "Block number"
        },
        "zipCode": {
          "type": "string",
          "description": "Postal Code"
        },
        "city": {
          "type": "string",
          "description": "City"
        },
        "country": {
          "type": "string",
          "description": "Country"
        },
        "countryCd": {
          "type": "string",
          "description": "Country Code"
        },
        "state": {
          "type": "string",
          "description": "State"
        },
        "mobile": {
          "type": "string",
          "description": "Customer mobile number"
        },
        "specialDeliveryInstruction": {
          "type": "string",
          "description": "Special Delivery Instructions for Courier companies"
        },
        "deliveryBranchCode": {
          "type": "string",
          "description": "Branch Code to which card to be delivered"
        }
      }
    },
    "transactionDetailsReqData": {
      "type": "object",
      "properties": {
        "companyCode": {
          "type": "string"
        }
      }
    },
    "cardGenerationResData": {
      "type": "object",
      "properties": {
        "cardNumber": {
          "type": "string"
        }
      }
    },
    "errorDetails_obj": {
      "type": "object",
      "properties": {
        "errorCode": {
          "type": "string",
          "description": "Code that defines the reason for the error. It is alphanumeric",
          "example": "SYS9999"
        },
        "errorDesc": {
          "type": "string",
          "description": "Details of the exception that has occurred",
          "example": "Technical Error in Interface"
        }
      }
    },
    "transactionDetailsReq_RDO": {
      "type": "object",
      "properties": {
        "transactionDetailsData": {
          "$ref": "#/definitions/transactionDetailsReqData"
        }
      }
    },
    "cardGenerationRes": {
      "type": "object",
      "properties": {
        "applicationArea": {
          "$ref": "#/definitions/applicationArea"
        },
        "dataArea": {
          "$ref": "#/definitions/cardGenerationResData"
        },
        "responseStatus": {
          "$ref": "#/definitions/response_RDO"
        }
      }
    },
    "employer_RDO": {
      "type": "object",
      "properties": {
        "employerName": {
          "type": "string",
          "description": "Name of Company at which Customer is working"
        },
        "employmentStatus": {
          "type": "string",
          "description": "Status of employment"
        }
      }
    },
    "transaction_RDO": {
      "type": "object",
      "properties": {
        "transactionId": {
          "type": "string",
          "description": "Transaction Reference number"
        },
        "transactionType": {
          "type": "string",
          "description": "Type of transaction (memo/posted)"
        },
        "transactionDate": {
          "type": "string",
          "description": "Date of transaction"
        },
        "accountNo": {
          "type": "string",
          "description": "Account number to which transaction is posted"
        },
        "currencycode": {
          "type": "string",
          "description": "Currency code of the transaction"
        },
        "transactionAmount": {
          "type": "number",
          "description": "Transaction amount"
        },
        "LCcyAmount": {
          "type": "number",
          "description": "Transaction amount in local currency"
        },
        "FCcyAmount": {
          "type": "number",
          "description": "Transaction amount in foreign currency"
        },
        "debitCreditFlag": {
          "type": "string",
          "description": "Type of transaction (Credit/Debit)"
        },
        "transactionDesc": {
          "type": "string",
          "description": "Transaction description"
        },
        "paymentDetails": {
          "type": "string",
          "description": "Details of Payment if the transaction is a Payment transaction"
        },
        "POS": {
          "type": "string",
          "description": "POS ID at which transaction was made"
        },
        "crossRate": {
          "type": "number"
        },
        "conversionRate": {
          "type": "number",
          "description": "Currency Conversion Rate"
        },
        "makerID": {
          "type": "string",
          "description": "Maker ID"
        },
        "makerDate": {
          "type": "string",
          "description": "Maker Date"
        },
        "authID": {
          "type": "string",
          "description": "Authorization ID of transaction"
        },
        "authDate": {
          "type": "string",
          "description": "Authorization date of transaction"
        },
        "debitValueDate": {
          "type": "string",
          "description": "Date on which transaction debited"
        },
        "creditValueDate": {
          "type": "string",
          "description": "Date on which transaction credited"
        },
        "cin": {
          "type": "string",
          "description": "Customer ID"
        },
        "companyCode": {
          "type": "string"
        },
        "transactionRefNo": {
          "type": "string",
          "description": "Transaction Reference number"
        }
      }
    },
    "customerDetail": {
      "type": "object",
      "properties": {
        "productName": {
          "type": "string",
          "description": "Name of the product customer opted for",
          "example": "MasterCard Platinum Credit Card"
        },
        "isVIP": {
          "type": "string",
          "description": "If customer is VIP/HNI/VVIP",
          "example": "Y"
        },
        "maritalStatus": {
          "type": "string",
          "description": "Marital Status. Values - 1-Married,2-Single,3-Widow,4-Divorced",
          "example": "1"
        },
        "position": {
          "type": "string",
          "description": "Customer Designation",
          "example": "Software Engineer"
        },
        "incomeAmount": {
          "type": "string",
          "description": "Annual Income of customer",
          "example": "240000"
        },
        "isBankingCustomer": {
          "type": "string",
          "description": "Is customer already has a relationship with bank?",
          "example": "Y"
        },
        "customerStatusCode": {
          "type": "string"
        },
        "customerStatusCodeDecription": {
          "type": "string"
        },
        "SMSLanguagePreference": {
          "type": "string",
          "description": "Language Preference of customer in SMS communication",
          "example": "English"
        },
        "motherName": {
          "type": "string",
          "description": "Mother Name of customer"
        },
        "creditScore": {
          "type": "string",
          "description": "Credit Score of customer"
        },
        "SMSEnabled": {
          "type": "string",
          "description": "Is customer OK to receive SMS?",
          "example": "Y"
        },
        "directDebitEnabled": {
          "type": "string",
          "description": "Has customer requested to make credit card payment by using direct debit on his CASA account?",
          "example": "Y"
        },
        "customerStatus": {
          "type": "string"
        },
        "customerType": {
          "type": "string"
        },
        "employeeType": {
          "type": "string",
          "description": "Type of employement of customer. Values - Self Employed/Business/Working",
          "example": "Self Employed"
        },
        "ownershipType": {
          "type": "string",
          "description": "Is customer residing at own building or rented house. Values - Own/Rent/Lease",
          "example": "Own"
        },
        "feewaviePercentage": {
          "type": "string",
          "description": "Percentage of Fee to be waived"
        },
        "gender": {
          "type": "string",
          "description": "Gender"
        },
        "birthDate": {
          "type": "string",
          "format": "date",
          "description": "Date of birth of customer",
          "example": "YYYY-MM-DD"
        },
        "nationality": {
          "type": "string",
          "description": "Customer Nationality",
          "example": "India"
        },
        "occupation": {
          "type": "string",
          "description": "Designation of customer",
          "example": "TA"
        },
        "occupationDescription": {
          "type": "string",
          "description": "Designation of customer",
          "example": "Sample Designation"
        },
        "CSCustomerNumber": {
          "type": "string"
        },
        "salutation": {
          "type": "string",
          "description": "Customer Salutation",
          "example": "Dear"
        },
        "firstName": {
          "type": "string",
          "description": "First Name of Customer"
        },
        "lastName": {
          "type": "string",
          "description": "Last Name of Customer"
        },
        "middleName": {
          "type": "string",
          "description": "Middle Name of Customer"
        },
        "fullName": {
          "type": "string",
          "description": "Full Name of Customer"
        },
        "shortName": {
          "type": "string",
          "description": "Short Name of Customer"
        },
        "uniqueIdentifier": {
          "type": "string",
          "description": "Unique Identifier"
        },
        "cifNumber": {
          "type": "string",
          "description": "Customer ID"
        },
        "email": {
          "type": "string",
          "description": "Customer Email ID"
        },
        "buildingName": {
          "type": "string",
          "description": "Building Name where customer residing",
          "example": "Sample Building Name"
        },
        "address1": {
          "type": "string",
          "description": "Address Line 1"
        },
        "address2": {
          "type": "string",
          "description": "Address Line 2"
        },
        "address3": {
          "type": "string",
          "description": "Address Line 3"
        },
        "address4": {
          "type": "string",
          "description": "Address Line 4"
        },
        "presentStreetName": {
          "type": "string",
          "description": "Street Name",
          "example": "Sample Street"
        },
        "streetName": {
          "type": "string",
          "description": "Street Name",
          "example": "Sample Street"
        },
        "blockNumber": {
          "type": "string",
          "description": "Block Number of Customer Address",
          "example": "3rd Block"
        },
        "city": {
          "type": "string",
          "description": "City",
          "example": "Sample City"
        },
        "zipCode": {
          "type": "string",
          "description": "Postal Code",
          "example": "51315"
        },
        "country": {
          "type": "string",
          "description": "Country",
          "example": "United Arab Emirates"
        },
        "countryCode": {
          "type": "string",
          "description": "Country Code",
          "example": "ARE/784"
        },
        "officePhone": {
          "type": "string",
          "description": "Office Phone Number"
        },
        "comakerName": {
          "type": "string",
          "description": "Name of alternate customer"
        },
        "title": {
          "type": "string",
          "description": "Title",
          "example": "Mr/Mrs/Ms"
        },
        "residencePhone": {
          "type": "string",
          "description": "Residence Phone Number"
        },
        "mobileNumber": {
          "type": "string",
          "description": "Mobile Number"
        },
        "alternateMobile": {
          "type": "string",
          "description": "Alternate Mobile Number"
        },
        "presentcountry": {
          "type": "string",
          "description": "Country in which Customer is currently residing",
          "example": "UAE"
        },
        "residenceAlternate": {
          "type": "string",
          "description": "Alternate Residence of customer"
        },
        "landLordName": {
          "type": "string",
          "description": "Landlord name if customer staying in rented house"
        },
        "cardHolderName": {
          "type": "string",
          "description": "Customer Name"
        },
        "taxId": {
          "type": "string",
          "description": "National ID"
        },
        "customerSegment": {
          "type": "string",
          "description": "Segment to which customer belongs",
          "example": "HNI/Elite/Mass/Staff"
        },
        "relativeName": {
          "type": "string",
          "description": "Name of Customer Relative"
        },
        "permanentState": {
          "type": "string",
          "description": "State of Customer Permanent Address"
        },
        "presentState": {
          "type": "string",
          "description": "State of Customer Present Address"
        },
        "residenceCode": {
          "type": "string"
        },
        "specialDeliveryDetails": {
          "type": "string",
          "description": "Special Instructions for Courier Company to deliver card to customer"
        },
        "permanentbuildingNumber": {
          "type": "string",
          "description": "Building Number of Permanent Address"
        },
        "presentbuildingNumber": {
          "type": "string",
          "description": "Building Number of Present Address"
        },
        "identity": {
          "$ref": "#/definitions/identity_RDO"
        },
        "employer": {
          "$ref": "#/definitions/employer_RDO"
        },
        "fax": {
          "type": "string",
          "description": "FAX Number"
        },
        "organizationCode": {
          "type": "string",
          "description": "Bank Identifier Defined in Card Management System"
        },
        "customerId": {
          "type": "array",
          "items": {
            "type": "string"
          }
        },
        "permanentCity": {
          "type": "string",
          "description": "City of Permanent Address"
        },
        "User_Data_1": {
          "type": "string",
          "description": "To be used for customized requirements"
        },
        "User_Data_2": {
          "type": "string",
          "description": "To be used for customized requirements"
        },
        "User_Data_3": {
          "type": "string",
          "description": "To be used for customized requirements"
        },
        "User_Data_4": {
          "type": "string",
          "description": "To be used for customized requirements"
        },
        "User_Data_5": {
          "type": "string",
          "description": "To be used for customized requirements"
        },
        "User_Data_6": {
          "type": "string",
          "description": "To be used for customized requirements"
        },
        "User_Data_7": {
          "type": "string",
          "description": "To be used for customized requirements"
        },
        "User_Data_8": {
          "type": "string",
          "description": "To be used for customized requirements"
        },
        "User_Data_9": {
          "type": "string",
          "description": "To be used for customized requirements"
        },
        "User_Data_10": {
          "type": "string",
          "description": "To be used for customized requirements"
        },
        "User_Data_11": {
          "type": "string",
          "description": "To be used for customized requirements"
        },
        "User_Data_12": {
          "type": "string",
          "description": "To be used for customized requirements"
        },
        "User_Data_13": {
          "type": "string",
          "description": "To be used for customized requirements"
        },
        "User_Data_14": {
          "type": "string",
          "description": "To be used for customized requirements"
        },
        "User_Data_15": {
          "type": "string",
          "description": "To be used for customized requirements"
        },
        "User_Data_15_2": {
          "type": "string",
          "description": "To be used for customized requirements"
        },
        "User_Demo_3": {
          "type": "string",
          "description": "To be used for customized requirements"
        }
      }
    },
    "changeStatus": {
      "type": "object",
      "properties": {
        "reasonCode": {
          "type": "string",
          "description": "Response Status - Values - SUCCESS/ERROR/WARNING",
	  "example": "SUCCESS"
        },
        "reasonDescription": {
          "type": "string",
          "description": "Response Description",
	  "example": "Successful"
        }
      }
    },
    "insuranceProduct_RDO": {
      "type": "object",
      "properties": {
        "productCode": {
          "type": "string",
          "description": "Insurance Product Code"
        },
        "effectiveDate": {
          "type": "string",
          "format": "date",
          "description": "Effective Date of Insurance"
        },
        "sourceCode": {
          "type": "string",
          "description": "Insurance Source Code"
        }
      }
    },
    "exceptionResult": {
      "type": "object",
      "properties": {
        "code": {
          "type": "string"
        },
        "description": {
          "type": "string"
        },
        "errorDetails": {
          "type": "array",
          "items": {
            "$ref": "#/definitions/errorDetails_obj"
          }
        }
      }
    },
    "transactionDetails_RDO": {
      "type": "object",
      "properties": {
        "transactions": {
          "type": "array",
          "items": {
            "$ref": "#/definitions/transaction_RDO"
          }
        }
      }
    }
  },
  "schemes": [
    "https"
  ],
  "host": "api.bankfab.com"
}