{
  "swagger" : "2.0",
  "info" : {
    "title" : " Global Market Rates",
    "version" : "1.0.0",
    "description" : "FX Rate APIs helps to fetch real-time rates and  quotes to perform foriegn exchange transactions."
  },
  "host" : "api.bankfab.com",
  "schemes" : [ "https" ],
  "basePath" : "/arrangement/globalmarket/v1",
  "paths" : {
    "/exchangerate/fetch" : {
      "post" : {
        "summary" : "Gets the exchange rate details for a given currency pair from Rate Source System",
        "description" : "Returns the exchange rate details for a given currency pair from Rate Source System. When the System is down the rates are retrieved Offline from the Data source. ",
        "operationId" : "getExchangeRates",
        "consumes" : [ "application/json" ],
        "produces" : [ "application/json" ],
        "parameters" : [ {
          "name" : "getExchangeRates",
          "in" : "body",
          "description" : "Input parameters for the service",
          "required" : true,
          "schema" : {
            "$ref" : "#/definitions/GetExchangeRatesRequest"
          }
        } ],
        "tags" : [ "Rates-and-Deals" ],
        "responses" : {
          "200" : {
            "description" : "Service success response",
            "schema" : {
              "$ref" : "#/definitions/GetExchangeRatesResponse"
            }
          },
          "default" : {
            "description" : "Unexpected error",
            "schema" : {
              "$ref" : "#/definitions/Error"
            }
          }
        }
      }
    },
    "/exchangerate/core/offline/fetch" : {
      "post" : {
        "summary" : "Gets the offline exchange rate details for a given currency pair.",
        "description" : "Returns the offline exchange rate details for a given currency pair.",
        "operationId" : "getBulkFXRate",
        "consumes" : [ "application/json" ],
        "produces" : [ "application/json" ],
        "parameters" : [ {
          "name" : "getBulkFXRate",
          "in" : "body",
          "description" : "Input parameters for the service",
          "required" : true,
          "schema" : {
            "$ref" : "#/definitions/GetBulkFXRateRequest"
          }
        } ],
        "tags" : [ "Rates-and-Deals" ],
        "responses" : {
          "200" : {
            "description" : "Service success response",
            "schema" : {
              "$ref" : "#/definitions/GetBulkFXRateResponse"
            }
          },
          "default" : {
            "description" : "Unexpected error",
            "schema" : {
              "$ref" : "#/definitions/Error_AppArea"
            }
          }
        }
      }
    },
    "/deal/fetch" : {
      "post" : {
        "summary" : "Gets the Deal and rate details for a given currency pair from Rate Source System",
        "description" : "To get the Deal and rate details for a given currency pair from Rate Source System. Offline rates are available from the Central Repository when the Online Rate system is unavailable  ",
        "operationId" : "getDeal",
        "consumes" : [ "application/json" ],
        "produces" : [ "application/json" ],
        "parameters" : [ {
          "name" : "getDeal",
          "in" : "body",
          "description" : "Input parameters for the service",
          "required" : true,
          "schema" : {
            "$ref" : "#/definitions/GetDealRequest"
          }
        } ],
        "tags" : [ "Rates-and-Deals" ],
        "responses" : {
          "200" : {
            "description" : "Service success response",
            "schema" : {
              "$ref" : "#/definitions/GetDealResponse"
            }
          },
          "default" : {
            "description" : "Unexpected error",
            "schema" : {
              "$ref" : "#/definitions/Error"
            }
          }
        }
      }
    },
    "/dealwrapper/fetch" : {
      "post" : {
        "summary" : "Gets the Deal and rate details for a given currency pair from Rate Source System ",
        "description" : "This is a custom service for the Customer Channel (Internet Banking/Mobile Banking) to get the Deal and rate details for a given currency pair from Rate Source System. Offline rates are available from the Central Repository when the Rate system is unavailable   ",
        "operationId" : "getDealWrapper",
        "consumes" : [ "application/json" ],
        "produces" : [ "application/json" ],
        "parameters" : [ {
          "name" : "getDealWrapper",
          "in" : "body",
          "description" : "Input parameters for the service",
          "required" : true,
          "schema" : {
            "$ref" : "#/definitions/GetDealRequest"
          }
        } ],
        "tags" : [ "Rates-and-Deals" ],
        "responses" : {
          "200" : {
            "description" : "Service success response",
            "schema" : {
              "$ref" : "#/definitions/GetDealResponse"
            }
          },
          "default" : {
            "description" : "Unexpected error",
            "schema" : {
              "$ref" : "#/definitions/Error"
            }
          }
        }
      }
    },
    "/deal/confirm" : {
      "post" : {
        "summary" : "Confirms the Deal and rate details for a given currency pair in Rate Source System",
        "description" : "Confirms the Deal and rate details for a given currency pair that was earlier obtained for a particular transaction to the Rate Source System",
        "operationId" : "confirmDeal",
        "consumes" : [ "application/json" ],
        "produces" : [ "application/json" ],
        "parameters" : [ {
          "name" : "confirmDeal",
          "in" : "body",
          "description" : "Input parameters for the service",
          "required" : true,
          "schema" : {
            "$ref" : "#/definitions/ConfirmDealRequest"
          }
        } ],
        "tags" : [ "Rates-and-Deals" ],
        "responses" : {
          "200" : {
            "description" : "Service success response",
            "schema" : {
              "$ref" : "#/definitions/ConfirmDealResponse"
            }
          },
          "default" : {
            "description" : "Unexpected error",
            "schema" : {
              "$ref" : "#/definitions/Error"
            }
          }
        }
      }
    },
    "/deal/cancel" : {
      "post" : {
        "summary" : "Cancels the Deal and rate details for a given currency pair in Rate Source System.",
        "description" : "To cancel the Deal and rate details for a given currency pair in the Rate Source System which was provided earlier",
        "operationId" : "cancelDeal",
        "consumes" : [ "application/json" ],
        "produces" : [ "application/json" ],
        "parameters" : [ {
          "name" : "cancelDeal",
          "in" : "body",
          "description" : "Input parameters for the service",
          "required" : true,
          "schema" : {
            "$ref" : "#/definitions/CancelDealRequest"
          }
        } ],
        "tags" : [ "Rates-and-Deals" ],
        "responses" : {
          "200" : {
            "description" : "Service success response",
            "schema" : {
              "$ref" : "#/definitions/CancelDealResponse"
            }
          },
          "default" : {
            "description" : "Unexpected error",
            "schema" : {
              "$ref" : "#/definitions/Error"
            }
          }
        }
      }
    }
  },
  "definitions" : {
    "GetBulkFXRateResponse" : {
      "type" : "object",
      "properties" : {
        "applicationArea" : {
          "$ref" : "#/definitions/applicationArea"
        },
        "responseStatus" : {
          "$ref" : "#/definitions/respStatus_RDO"
        },
        "dataArea" : {
          "$ref" : "#/definitions/BulkFXRateResponse"
        }
      }
    },
    "BulkFXRateResponse" : {
      "type" : "object",
      "properties" : {
        "rates" : {
          "type" : "array",
          "items" : {
            "$ref" : "#/definitions/BulkFXRateObject"
          }
        }
      }
    },
    "BulkFXRateObject" : {
      "type" : "object",
      "properties" : {
        "fromCurrency" : {
          "type" : "string",
          "example" : "USD",
      "description": "An ISO 4217 currency codes of the format XXX representing the source currency"
        },
        "toCurrency" : {
          "type" : "string",
          "example" : "AED",
      "description": "An ISO 4217 currency codes of the format XXX representing the destination currency"
        },
        "buyRate" : {
          "type" : "number",
          "example" : 5.256985,
          "format" : "double",
      "description": "Rate the dealer is willing to pay for the base currency against the quote currency"
        },
        "sellRate" : {
          "type" : "number",
          "example" : 5.156985,
          "format" : "double",
      "description": "Rate the dealer asks for buying the base currency while trading in the quote currency"
        },
        "midRate" : {
          "type" : "number",
          "example" : 5.156985,
          "format" : "double",
      "description": "Calculated average between the buy and sell rate"
        },
        "date" : {
          "type" : "string",
          "format" : "date-time",
      "description": "Date and time the rates were published"
        }
      }
    },
    "GetExchangeRatesResponse" : {
      "type" : "object",
      "properties" : {
        "applicationArea" : {
          "$ref" : "#/definitions/applicationArea"
        },
        "responseStatus" : {
          "$ref" : "#/definitions/respStatus_RDO"
        },
        "common" : {
          "$ref" : "#/definitions/RateObjectResponeCommon"
        },
        "ratesResponse" : {
          "type" : "array",
          "items" : {
            "$ref" : "#/definitions/RateObject"
          }
        }
      }
    },
    "RateObject" : {
      "type" : "object",
      "properties" : {
        "buyCurrency" : {
          "type" : "string",
          "example" : "USD",
          "description" : "An ISO 4217 currency codes of the format XXX representing the currency to buy"
        },
        "sellCurrency" : {
          "type" : "string",
          "example" : "AED",      
          "description" : "An ISO 4217 currency codes of the format XXX representing the currency to sell"
        },
        "buyingRate" : {
          "type" : "number",
          "example" : 5.256985,
          "format" : "double",
          "description": "Rate the dealer is willing to pay for the base currency against the quote currency"
      
        },
        "sellingRate" : {
          "type" : "number",
          "example" : 5.156985,
          "format" : "double",
          "description": "Rate the dealer asks for buying the base currency while trading in the quote currency"
        },
        "middleRate" : {
          "type" : "number",
          "example" : 5.156985,
          "format" : "double",
          "description": "Calculated average between the buy and sell rate"
        },
        "GMbuyingRate" : {
          "type" : "number",
          "example" : 5.256985,
          "format" : "double",
          "description": "Treasury buy rate for the given currency pair to the Branch or Channel"
        },
        "GMsellingRate" : {
          "type" : "number",
          "example" : 5.156985,
          "format" : "double",
          "description": "Treasury sell rate for the given currency pair to the Branch or Channel"
        },
        "GMbuyingMargin" : {
          "type" : "number",
          "example" : 5.256985,
          "format" : "double",
          "description" : "Global Markets Buy Side Margins "
        },
        "GMsellingMargin" : {
          "type" : "number",
          "example" : 5.156985,
          "format" : "double",
          "description" : "Global Markets Sell Side Margins"
        },
        "dealtCurrency" : {
          "type" : "string",
          "example" : "AED",
          "description" : "An ISO 4217 currency codes of the format XXX indicating the currency to be bought or sold by customer" 
   
        },
        "dealtAmount" : {
          "type" : "number",
          "example" : 10000.23,
          "format" : "double",
          "description" : "Amount which is debited /credited to Customer acccount"
        },
        "rateMode" : {
          "type" : "string"
        },
        "status" : {
          "type" : "string",
          "example" : "success"
        },
        "ccyPair" : {
          "type" : "string",
          "example" : "success",
          "description" : "Currency pair is represented by the combination of 2 ISO 4217 currency codes of the format XXXYYY, where XXX represents the base currency and YYY the quote currency"
    
        }
      }
    },
    "RateObjectRequest" : {
      "type" : "object",
      "properties" : {
        "common" : {
          "$ref" : "#/definitions/RateObjectRequestCommon"
        },
        "rates" : {
          "type" : "array",
          "items" : {
            "$ref" : "#/definitions/RateObjectRequestCurrencies"
          }
        }
      }
    },
    "RateObjectRequestCurrencies" : {
      "type" : "object",
      "properties" : {
        "buyCurrency" : {
          "type" : "string",
          "example" : "USD",
          "description" : "An ISO 4217 currency codes of the format XXX representing the currency to buy"
        },
        "sellCurrency" : {
          "type" : "string",
          "example" : "AED",
          "description" : "An ISO 4217 currency codes of the format XXX representing the currency to sell"
        }
      }
    },
    "RateObjectRequestCommon" : {
      "type" : "object",
      "properties" : {
        "customerSegment" : {
          "type" : "string",
          "example" : "FX_DEFAULT",	
          "description" : "Customer rate segment in Core Banking System for which Global Market is providing Pricing .All end customers are linked to certain set of segments in Core e.g Mass, Retail, Staff, Premium etc and TRAPI is providing rates based on segments with different margins" 
        
        },
        "currentDate" : {
          "type" : "string",
          "example" : "2017-02-15T11:25:36"
        },
        "dealtCurrency" : {
          "type" : "string",
          "example" : "AED",
          "description" : "An ISO 4217 currency codes of the format XXX indicating the currency to be bought or sold by customer" 
          },
        "dealtAmount" : {
          "type" : "number",
          "example" : 10000.23,
          "format" : "double",
          "description" : "Amount of the dealt currency"
        },
        "tenor" : {
          "type" : "string",
          "description" : "Date for which Core Banking or Channels are requesting price from Global markets i.e tenore as SPOT (T+2 days), TOM (T+1) or Today (Trade Date)" 
             },
        "rateSource" : {
          "type" : "string",      
          "description" : "Indicates the source of the rate wheteher it is Real time or Offline Mode"
        },
        "rateMode" : {
          "type" : "string",
          "description" : "Indicates the source of the rate wheteher it is Real time or Offline Mode"
        },
        "entity" : {
          "type" : "string",
          "description" : "Company Code of the customer"
        },
        "daoCode" : {
          "type" : "string",
          "description" : "Account Officer detail captured against subjected customer in Core Banking System"
        },
        "customerID" : {
          "type" : "string",
          "description" : "Unique Customer Identification number (CIF) used to identify the end customer in Core Banking System"
        }
      }
    },
    "RateObjectResponeCommon" : {
      "type" : "object",
      "properties" : {
        "customerSegment" : {
          "type" : "string",
          "example" : "FX_DEFAULT",
          "description" : "Customer segment in Core Banking System for which Global Market is providing Pricing .All end customers are linked to certain set of segments in Core e.g Mass, Retail, Staff, Premium etc and TRAPI is providing rates based on segments with different margins" 
        },
        "currentDate" : {
          "type" : "string",
          "example" : "2017-02-15T11:25:36"
      
        },
        "tenor" : {
          "type" : "string",
          "description" : "Date for which Core Banking or Channels are requesting price from Global markets i.e tenore as SPOT (T+2 days), TOM (T+1) or Today (Trade Date)" 
             },
        "rateSource" : {
          "type" : "string",      
          "description" : "Indicates the source of the rate wheteher it is Real time or Offline Mode"
        },
        "rateMode" : {
          "type" : "string",
          "description" : "Indicates the source of the rate wheteher it is Real time or Offline Mode"
        },
        "entity" : {
          "type" : "string",
          "description" : "Company Code of the customer in Core"
        },
        "daoCode" : {
          "type" : "string",
          "description" : "Account Officer detail captured against subjected customer in Core Banking System"
        },
        "customerID" : {
          "type" : "string",
          "description" : "Unique Customer Identification number (CIF) used to identify the end customer in Core Banking System"
        },
        "rateReferenceNumber" : {
          "type" : "string",
          "description" : "Rate system  reference" 
        }
      }
    },
    "GetExchangeRatesRequest" : {
      "type" : "object",
      "properties" : {
        "applicationArea" : {
          "$ref" : "#/definitions/applicationArea"
        },
        "securityArea" : {
          "$ref" : "#/definitions/securityArea"
        },
        "rateObjectRequest" : {
          "$ref" : "#/definitions/RateObjectRequest"
        }
      }
    },
    "GetBulkFXRateRequest" : {
      "type" : "object",
      "properties" : {
        "applicationArea" : {
          "$ref" : "#/definitions/applicationArea"
        },
        "dataArea" : {
          "$ref" : "#/definitions/BulkFXRateRequest"
        }
      }
    },
    "BulkFXRateRequest" : {
      "type" : "object",
      "properties" : {
        "fromCurrency" : {
          "type" : "string"
        }
      }
    },
    "Error_AppArea" : {
      "type" : "object",
      "properties" : {
        "applicationArea" : {
          "$ref" : "#/definitions/applicationArea"
        },
        "responseStatus" : {
          "$ref" : "#/definitions/respStatus_RDO"
        }
      }
    },
    "Error" : {
      "type" : "object",
      "properties" : {
        "responseStatus" : {
          "$ref" : "#/definitions/respStatus_RDO"
        }
      }
    },
    "GetDealResponse" : {
      "type" : "object",
      "properties" : {
        "applicationArea" : {
          "$ref" : "#/definitions/applicationArea"
        },
        "responseStatus" : {
          "$ref" : "#/definitions/respStatus_RDO"
        },
        "common" : {
          "$ref" : "#/definitions/DealFetchObjectCommon"
        },
        "dealResponse" : {
          "type" : "array",
          "items" : {
            "$ref" : "#/definitions/DealFetchObject"
          }
        }
      }
    },
    "DealFetchObjectCommon" : {
      "type" : "object",
      "properties" : {
        "dealReferenceNumber" : {
          "type" : "string",
      "description" : "Customer reference for the quote, which can be used for correlation"      
        },
        "transactionDateTime" : {
          "type" : "string",
          "format" : "date-time",
          "description" : "Date and Time for the Quote Transaction"	
        },
        "rateMode" : {
          "type" : "string",
          "description" : "Indicates the source of the rate wheteher it is Real time or Offline Mode"
        }
      }
    },
    "DealFetchObjectRequest" : {
      "type" : "object",
      "properties" : {
        "common" : {
          "$ref" : "#/definitions/DealFetchObjectRequestCommon"
        },
        "rates" : {
          "type" : "array",
          "items" : {
            "$ref" : "#/definitions/RateObjectRequestCurrencies"
          }
        }
      }
    },
    "DealFetchObject" : {
      "type" : "object",
      "properties" : {
        "buyCurrency" : {
          "type" : "string",
          "example" : "USD",
          "description": "An ISO 4217 currency codes of the format XXX representing the currency to buy"
        },
        "sellCurrency" : {
          "type" : "string",
          "example" : "USD",
         "description": "An ISO 4217 currency codes of the format XXX representing the currency to sell"
        },
        "rate" : {
          "type" : "number",
          "example" : 5.156985,
          "format" : "double",
          "description" : "Rate at which the conversion happens for a currency pair in the transaction"
        },
        "GMRate" : {
          "type" : "number",
          "example" : 5.256985,
          "format" : "decimal",
          "description" : "Treasury buy rate or sell rate for the given currency pair to the Branch or Channel"
        },
        "GMMargin" : {
          "type" : "number",
          "example" : 5.256985,
          "format" : "double",
          "multipleOf" : 1.0E-5,
          "description" : "Treasury buy rate or sell rate for the given currency pair to the Branch or Channel"
      
        },
        "GMbuyingMargin" : {
          "type" : "number",
          "example" : 5.256985,
          "format" : "double",
         "description" : "Global Markets Buy Side Margins "
        },
        "GMsellingMargin" : {
          "type" : "number",
          "example" : 5.156985,
          "format" : "double",
          "description" : "Global Markets Sell Side Margins"
        },
        "dealtCurrency" : {
          "type" : "string",
          "example" : "AED",
          "description" : "Indicates the currency to be bought or sold"	       
        },
        "dealtAmount" : {
          "type" : "number",
          "example" : 10000.23,
          "format" : "double",
          "description" : "Total Amount the customer wants to buy or sell"
        },
        "valueDateTime" : {
          "type" : "string",
          "format" : "date-time",
          "description" : "Date on which transaction is settled and amount is credit to customer account"
        },
        "customerId" : {
          "type" : "string",
          "description" : "Unique Customer Identification number (CIF) used to identify the end customer in Core Banking System"
        },
        "customerSegment" : {
          "type" : "string",
          "description" : "Customer segment in Core Banking System for which Global Market is providing Pricing .All end customers are linked to certain set of segments in Core e.g Mass, Retail, Staff, Premium etc and TRAPI is providing rates based on segments with different margins" 
        },
        "entity" : {
          "type" : "string",
          "description" : "Company Code of the customer in Core"
        },
        "daoCode" : {
          "type" : "string",
          "description" : "Account Officer detail captured against subject customer in Core Banking System"
        },
        "gidId" : {
          "type" : "string",
          "description" : "This is a Rate Source system transction reference for the confirmed deal. The transction data can be retrieved any time from the system based on the reference provided"
        },
        "contraAmount" : {
          "type" : "number",
          "format" : "double",
          "description" : "Represents the equivalent amount for the sell or buy amount after the Foriegn currency conversion rate provided for the given currency pair as part of this quote is applied."
        },
        "timeToLive" : {
          "type" : "number",
          "description" : "Time in seconds till the rate is valid for customer to confirm the deal" 
        },
        "valueChanged" : {
          "type" : "boolean",
          "description" : "Indicates if there is a difference between the Value Date at request and response , then this tag gives value as true else false . E.g  if changes is requesting for value date Sunday then system gives the price for the value Monday which is a good day and the tag returns value as True"
        },
        "status" : {
          "type" : "string",
          "example" : "success",
          "description" : "Deal status  with  Reason code = 0 as success or Error e.g Reason code = 8 for currency cutoffs"
        },
        "ccyPair" : {
          "type" : "string",
          "example" : "success",
          "description" : "Currency pair is represented by the combination of 2 ISO 4217 currency codes of the format XXXYYY, where XXX represents the base currency and YYY the quote currency"
      
        }
      }
    },
    "GetDealRequest" : {
      "type" : "object",
      "properties" : {
        "applicationArea" : {
          "$ref" : "#/definitions/applicationArea"
        },
        "securityArea" : {
          "$ref" : "#/definitions/securityArea"
        },
        "dealFetchObjectRequest" : {
          "$ref" : "#/definitions/DealFetchObjectRequest"
        }
      }
    },
    "DealFetchObjectRequestCommon" : {
      "type" : "object",
      "properties" : {
        "customerSegment" : {
          "type" : "string",
          "example" : "FX_DEFAULT",
          "description" : "Customer segment in Core Banking System for which Global Market is providing Pricing .All end customers are linked to certain set of segments in Core e.g Mass, Retail, Staff, Premium etc and TRAPI is providing rates based on segments with different margins" 
        },
        "valueDate" : {
          "type" : "string",
          "example" : "2017-02-15T11:25:36",
          "description" : "Date for which customer is requesting pricing for" 
       
        },
        "dealtCurrency" : {
          "type" : "string",
          "example" : "AED",
          "description" : "An ISO 4217 currency codes of the format XXX indicating the currency to be bought or sold by customer" 
        },
        "dealtAmount" : {
          "type" : "number",
          "example" : 10000.23,
          "format" : "double",
          "description" : "Amount which is debited /credited to Customer acccount" 
        },
        "tenor" : {
          "type" : "string",
          "description" : "Date for which Core Banking or Channels are requesting price from Global markets i.e tenore as SPOT (T+2 days), TOM (T+1) or Today (Trade Date)" 
        },
        "rateSource" : {
          "type" : "string",
          "description" : "Indicates the source of the rate wheteher it is Real time or Offline Mode"
        },
        "rateType" : {
          "type" : "string",
          "description" : "Field indicates whether price type deal or indicative deal"
        },
        "entity" : {
          "type" : "string",
          "description" : "Company Code of the customer"
        },
        "daoCode" : {
          "type" : "string",
          "description" : "Account Officer detail captured against subjected customer in Core Banking System"
        },
        "customerID" : {
          "type" : "string",
          "description" : "Unique Customer Identification number (CIF) used to identify the end customer in Core Banking System"
        }
      }
    },
    "ConfirmDealRequest" : {
      "type" : "object",
      "properties" : {
        "applicationArea" : {
          "$ref" : "#/definitions/applicationArea"
        },
        "securityArea" : {
          "$ref" : "#/definitions/securityArea"
        },
        "dealConfirmObjectRequest" : {
          "$ref" : "#/definitions/DealConfirmObjectRequest"
        }
      }
    },
    "DealConfirmObjectRequest" : {
      "type" : "object",
      "properties" : {
        "common" : {
          "$ref" : "#/definitions/DealConfirmObjectRequestCommon"
        },
        "rates" : {
          "type" : "array",
          "items" : {
            "$ref" : "#/definitions/RateObjectRequestCurrencies"
          }
        }
      }
    },
    "ConfirmDealResponse" : {
      "type" : "object",
      "properties" : {
        "applicationArea" : {
          "$ref" : "#/definitions/applicationArea"
        },
        "responseStatus" : {
          "$ref" : "#/definitions/respStatus_RDO"
        },
        "dealConfirmResponse" : {
          "type" : "array",
          "items" : {
            "$ref" : "#/definitions/DealConfirmObject"
          }
        }
      }
    },
    "DealConfirmObject" : {
      "type" : "object",
      "properties" : {
        "dealAccepted" : {
          "type" : "boolean",
          "description" : "Deal is Accepted or not" 
        },
        "dealReferenceNumber" : {
          "type" : "string",
          "description" : "Rate system reference for the Deal confirmed. This can be used for later reference" 
        },
        "transactionDateTime" : {
          "type" : "string",
          "format" : "date-time",
         "description" : "Date and time of the tansaction" 
        },
        "status" : {
          "type" : "string",
          "description" : "Status of the Transaction." 
        }
      }
    },
    "DealConfirmObjectRequestCommon" : {
      "type" : "object",
      "properties" : {
        "customerSegment" : {
          "type" : "string",
          "example" : "FX_DEFAULT",
          "description" : "Customer Rate segment in Core Banking System for which Global Market is providing Pricing .All end customers are linked to certain set of segments in Core e.g Mass, Retail, Staff, Premium etc and TRAPI is providing rates based on segments with different margins" 
        },
        "currentDate" : {
          "type" : "string",
          "example" : "2017-02-15T11:25:36"
        },
        "dealtCurrency" : {
          "type" : "string",
          "example" : "AED",
          "description" : "An ISO 4217 currency codes of the format XXX indicating the currency to be bought or sold by customer" 
        },
        "dealtAmount" : {
          "type" : "number",
          "example" : 10000.23,
          "format" : "double",
          "description" : "Amount which is debited /credited to Customer acccount"
        },
        "valueDate" : {
          "type" : "string",
          "format" : "date-time"
        },
        "tenor" : {
          "type" : "string",
          "description" : "Date for which Core Banking or Channels are requesting price from Global markets i.e tenore as SPOT (T+2 days), TOM (T+1) or Today (Trade Date)" 
             },
        "rateSource" : {
          "type" : "string",
          "description" : "Indicates the source of the rate wheteher it is Real time or Offline Mode"
        },
        "rateType" : {
          "type" : "string",
          "description" : "Field indicates whether price type deal or indicative deal"
        },
        "entity" : {
          "type" : "string",
          "description" : "Company Code of the customer"
        },
        "daoCode" : {
          "type" : "string",
          "description" : "Account Officer detail captured against subjected customer in Core Banking System"
        },
        "gidId" : {
          "type" : "string",
          "description" : "This is a Rate Source system transction reference for the confirmed deal. The transction data can be retrieved any time from the Rate Source System based on the reference"
        
        },
        "customerID" : {
          "type" : "string",
          "description" : "Unique Customer Identification number (CIF) used to identify the end customer in Core Banking System"
        },
        "dealDone" : {
          "type" : "boolean"
        },
        "dealReferenceNumber" : {
          "type" : "string",
          "description" : "Unique Reference number for the deal"
        },
        "GMRate" : {
          "type" : "number",
          "example" : 10000.23,
          "format" : "double",
          "description": "Treasury buy rate or sell rate for the given currency pair to the Branch or Channel"
        },
        "GMMargin" : {
          "type" : "number",
          "example" : 10000.23,
          "format" : "double",
          "description" : "Treasury buy rate or sell rate for the given currency pair to the Branch or Channel"
        },
        "rate" : {
          "type" : "number",
          "example" : 10000.23,
          "format" : "double",
          "description" : "Rate at which the conversion happens for a currency pair in the transaction"
        },
        "contraAmount" : {
          "type" : "number",
          "example" : 10000.23,
          "format" : "double",
          "description" : "Represents the equivalent amount for the sell or buy amount after the Foriegn currency conversion rate provided for the given currency pair as part of this quote is applied."
   
        }
      }
    },
    "CancelDealRequest" : {
      "type" : "object",
      "properties" : {
        "applicationArea" : {
          "$ref" : "#/definitions/applicationArea"
        },
        "securityArea" : {
          "$ref" : "#/definitions/securityArea"
        },
        "dealCancelObjectRequest" : {
          "$ref" : "#/definitions/DealCancelObjectRequest"
        }
      }
    },
    "CancelDealResponse" : {
      "type" : "object",
      "properties" : {
        "applicationArea" : {
          "$ref" : "#/definitions/applicationArea"
        },
        "responseStatus" : {
          "$ref" : "#/definitions/respStatus_RDO"
        },
        "dealCancelResponse" : {
          "type" : "array",
          "items" : {
            "$ref" : "#/definitions/DealCancelObject"
          }
        }
      }
    },
    "DealCancelObject" : {
      "type" : "object",
      "properties" : {
        "dealAccepted" : {
          "type" : "boolean"
        },
        "dealReferenceNumber" : {
          "type" : "string",
          "description" : "Unique Reference Id generated by Rate Source system once Deal is completed in the system"
        },
        "transactionDateTime" : {
          "type" : "string",
          "format" : "date-time",
          "description" : "Date and time of the execution of the Deal"
        },
        "status" : {
          "type" : "string",      
          "description" : "Status of Deal cancellation"
      
        }
      }
    },
    "DealCancelObjectRequest" : {
      "type" : "object",
      "properties" : {
        "common" : {
          "$ref" : "#/definitions/DealCancelObjectRequestCommon"
        },
        "rates" : {
          "type" : "array",
          "items" : {
            "$ref" : "#/definitions/RateObjectRequestCurrencies"
          }
        }
      }
    },
    "DealCancelObjectRequestCommon" : {
      "type" : "object",
      "properties" : {
        "customerSegment" : {
          "type" : "string",
          "example" : "FX_DEFAULT",
          "description" : "Customer Rate segment in Core Banking System for which Global Market is providing Pricing .All end customers are linked to certain set of segments in Core e.g Mass, Retail, Staff, Premium etc and TRAPI is providing rates based on segments with different margins" 
        },
        "currentDate" : {
          "type" : "string",
          "example" : "2017-02-15T11:25:36"
        },
        "dealtCurrency" : {
          "type" : "string",
          "example" : "AED",
          "description" : "An ISO 4217 currency codes of the format XXX indicating the currency to be bought or sold by customer" 
       },
        "dealtAmount" : {
          "type" : "number",
          "example" : 10000.23,
          "format" : "double",
          "description" : "Amount which is debited /credited to Customer acccount"
        },
        "valueDateTime" : {
          "type" : "string",
          "format" : "date-time"
        },
        "tenor" : {
          "type" : "string",
          "description" : "Date for which Core Banking or Channels are requesting price from Global markets i.e tenore as SPOT (T+2 days), TOM (T+1) or Today (Trade Date)" 
             },
        "rateSource" : {
          "type" : "string",
          "description" : "Indicates the source of the rate wheteher it is Real time or Offline Mode"
        },
        "rateMode" : {
          "type" : "string"
        },
        "entity" : {
          "type" : "string",
          "description" : "Company Code of the customer"
        },
        "daoCode" : {
          "type" : "string",
          "description" : "Account Officer detail captured against subjected customer in Core Banking System"
        },
        "gidId" : {
          "type" : "string",
          "description" : "This is a TRAPI transction reference for the confirmed deal. The transction data can be retrieved any time based on the GID from TRAPi/eTraderPro"
        
        },
        "customerID" : {
          "type" : "string",
          "description" : "Unique Customer Identification number (CIF) used to identify the end customer in Core Banking System"
        },
        "dealDone" : {
          "type" : "boolean"
        },
        "dealReferenceNumber" : {
          "type" : "string"
        }
      }
    },
    "respStatus_RDO" : {
      "type" : "object",
      "properties" : {
        "status" : {
          "type" : "string",
          "example" : "SUCCESS/ERROR/WARNING",
	          "description": "Response Status "
        },
        "errorDetails" : {
          "type" : "array",
          "items" : {
            "$ref" : "#/definitions/errorDetails_RDO"
          }
        },
        "metaData" : {
          "type" : "object",
          "properties" : {
            "dateFormat" : {
              "type" : "string",
              "example" : "YYYY-MM-DDTHH:MM:SS"
            }
          }
        }
      }
    },
    "securityArea" : {
      "properties" : {
        "secToken" : {
          "type" : "string",
          "example" : " "
        },
        "userId" : {
          "type" : "string",
          "example" : " "
        },
        "passwd" : {
          "type" : "string",
          "example" : " "
        }
      }
    },
    "applicationArea" : {
      "properties" : {
        "correlationId" : {
          "type" : "string",
          "example" : "",
          "description": "Unique identifier used for identifying the transaction lifecycle"
        },
        "countryOfOrigin" : {
          "maxLength" : 2,
          "minLength" : 2,
          "type" : "string",
          "example" : "AE",
          "description": "Country of origination of the request. ISO 3166 country codes in two bytes format"
        },
        "creationDateTime" : {
          "type" : "string",
          "format" : "date-time",
          "description": "Creation date of the service in ISO 8601 YYYY-MM-DDTHH:MM:SS:sssZ format. This is an optional field"
        },
        "interfaceID" : {
          "type" : "string",
          "description": "Logical reference of the Interface that intiated the service. This is an optional field",
          "example" : ""
        },
        "requiredExecutionDate" : {
          "type" : "string",
          "format" : "date-time",
          "description": "Date on which the transaction needs to be actually posted in ISO 8601 YYYY-MM-DDTHH:MM:SS:sssZ format. This is an optional field"
        },
        "senderUserId" : {
          "type" : "string",
          "example" : "",
          "description": "Sender's User ID. Information about a user who has initiated the transaction"
        },
        "senderBranchId" : {
          "type" : "string",
          "example" : "",
          "description": "Sender's Branch ID. Information about a user who has initiated the transaction"
        },
        "senderId" : {
          "type" : "string",
          "example" : "MOB",
          "description": "Unique identification for the consumer. This will be agreed by Service owner at the time of setup. It will need to be passed in all requests"
        },
        "transactionDateTime" : {
          "type" : "string",
          "format" : "date-time",
          "description": "The data and time the request is initiated in ISO 8601 format: YYYY-MM-DDTHH:MM:SS:sssZ"
        },
        "transactionId" : {
          "type" : "string",
          "example" : "WLT1254378DEFG",
          "description" : "Unique transaction reference id assigned by the Sender to identify the message"
        },
        "transactionTimeZone" : {
          "type" : "string",
          "example" : "",
          "description": "Timezone in which transaction is initiated"
        },
        "senderAuthorizationID" : {
          "type" : "string",
          "example" : "",
          "description" : "Identification of the Authorizer who has authorized the transaction. This is an optional field"
        },
        "senderReferenceID" : {
          "type" : "string",
          "example" : "",
          "description" : "Reference ID from Sender to identify the event that cause the service invocation. This is an optional field"
        },
        "senderAuthorizationComments" : {
          "type" : "string",
          "example" : "",
          "description" : "Comments of the Authorizer on authorizing the transaction. This is an optional field"
        },
        "senderCompanyCode" : {
          "type" : "string",
          "example" : "",
          "description" : "Sender's Company Code. This is an optional field"
        }
      },
      "required" : [ "countryOfOrigin", "transactionId", "transactionDateTime", "correlationId" ],
      "type" : "object"
    },
    "errorDetails_RDO" : {
      "type" : "object",
      "properties" : {
        "errorCode" : {
          "type" : "string",
          "description" : "Code that defines the reason for the error. It is alphanumeric",
          "example" : "SYS001"
        },
        "errorDesc" : {
          "type" : "string",
          "description" : "Details of the exception that has occurred"
        }
      }
    },
    "T24RateResponse" : {
      "type" : "object",
      "properties" : {
        "responseEntity" : {
          "$ref" : "#/definitions/T24RateResponseEntity"
        },
        "response" : {
          "$ref" : "#/definitions/T24RateresponseStatus"
        }
      }
    },
    "T24RateResponseEntity" : {
      "required" : [ "exchangeRateCondition" ],
      "properties" : {
        "exchangeRateCondition" : {
          "type" : "array",
          "items" : {
            "type" : "object",
            "properties" : {
              "isReferencedIn" : {
                "type" : "array",
                "items" : {
                  "type" : "object",
                  "properties" : {
                    "name" : {
                      "type" : "string"
                    },
                    "description" : {
                      "type" : "string"
                    }
                  }
                }
              },
              "hasobjectreference" : {
                "required" : [ "componentId", "description" ],
                "properties" : {
                  "componentId" : {
                    "type" : "string"
                  },
                  "description" : {
                    "type" : "string"
                  }
                },
                "type" : "object"
              },
              "hasConditions" : {
                "type" : "array",
                "items" : {
                  "type" : "object",
                  "properties" : {
                    "exchangeRateType" : {
                      "type" : "string"
                    },
                    "exchangeRate" : {
                      "type" : "number"
                    }
                  }
                }
              },
              "enterpriseId" : {
                "type" : "array",
                "items" : {
                  "type" : "object",
                  "properties" : {
                    "identifier" : {
                      "type" : "string"
                    }
                  }
                }
              },
              "sourceCurrency" : {
                "required" : [ "id", "name" ],
                "properties" : {
                  "id" : {
                    "type" : "string"
                  },
                  "name" : {
                    "type" : "string"
                  }
                },
                "type" : "object"
              },
              "targetCurrency" : {
                "type" : "string"
              },
              "quotationDate" : {
                "type" : "string"
              }
            }
          }
        }
      },
      "type" : "object"
    },
    "T24RateresponseStatus" : {
      "required" : [ "status" ],
      "properties" : {
        "status" : {
          "type" : "string"
        }
      },
      "type" : "object"
    }
  }
}