{
  "swagger": "2.0",
  "info": {
    "title": "Arrangement Credit Card",
    "description": "This service domain facilitates additional services for Credit Card.",
    "version": "2.0.0"
  },
  "host": "api.bankfab.com",
  "schemes": [
    "https"
  ],
  "basePath": "/arrangement/creditcard/v2",
  "consumes": [
    "application/json"
  ],
  "produces": [
    "application/json"
  ],
  "paths": {
    "/transactionhistory": {
      "post": {
        "summary": "Credit Card Transaction History",
        "description": "Retrieves the transaction history for a Credit Card between a given Start Date and End Date",
        "tags": [
          "Card-Information"
        ],
        "operationId": "cardTransactionHistory",
        "parameters": [
          {
            "name": "body",
            "in": "body",
            "schema": {
              "$ref": "#/definitions/cardTransactionHistoryRequest"
            },
            "description": "Credit Card Transaction History Request",
            "required": true
          }
        ],
        "responses": {
          "200": {
            "description": "Credit Card Transaction History Response",
            "schema": {
              "$ref": "#/definitions/cardTransactionHistoryResponse"
            }
          },
          "default": {
            "description": "Unexpected error",
            "schema": {
              "$ref": "#/definitions/errorResponseStatusObject"
            }
          }
        }
      }
    }
  },
  "definitions": {
    "cardTransactionHistoryRequest": {
      "type": "object",
      "properties": {
        "cardNumber": {
          "type": "string",
          "description": "Credit Card number",
          "example": "434142********12"
        },
        "startDate": {
          "type": "string",
          "description": "Start date of the period for which transaction history being requested",
          "example": "01/12/2017"
        },
        "endDate": {
          "type": "string",
          "description": "End date of the period for which transaction history being requested",
          "example": "31/12/2017"
        },
        "txnCount": {
          "type": "string",
          "description": "Number of transactions expected to be returned in response",
          "example": "100"
        }
      },
      "required": [
        "cardNumber"
      ]
    },
    "cardTransactionHistoryResponse": {
      "type": "object",
      "properties": {
        "responseStatus": {
          "$ref": "#/definitions/responseStatusObject"
        },
        "postingEntries": {
          "type": "array",
          "items": {
            "$ref": "#/definitions/postingEntry"
          }
        }
      }
    },
    "postingEntry": {
      "type": "object",
      "properties": {
        "effectiveDate": {
          "type": "string",
          "description": "Transaction posting date",
          "example": "08/01/2018"
        },
        "transactionAmount": {
          "type": "string",
          "description": "Transaction amount",
          "example": "3670.00"
        },
        "transactionCurrency": {
          "type": "string",
          "description": "Transaction currency",
          "example": "AED"
        },
        "transactionType": {
          "type": "string",
          "description": "Transaction type: Credit/Debit",
          "enum": [
            "Debit",
            "Credit"
          ]
        },
        "description": {
          "type": "string",
          "description": "Transaction description",
          "example": "PAYMENT THANK YOU"
        },
        "postingDate": {
          "type": "string",
          "description": "Transaction posting date",
          "example": "08/01/2018"
        },
        "transactionReference": {
          "type": "string",
          "description": "Transaction reference number",
          "example": "32040673"
        },
        "instructedAmount": {
          "type": "string",
          "description": "Transaction amount instructed to be posted",
          "example": "100"
        },
        "instructedCurrency": {
          "type": "string",
          "description": "Instructed amount currency",
          "example": "USD"
        },
        "merchantCategory": {
          "type": "string",
          "description": "Merchant category code which indicates the business domain",
          "example": ""
        },
        "merchantCountry": {
          "type": "string",
          "description": "Merchant country code",
          "example": "ARE"
        },
        "merchantName": {
          "type": "string",
          "description": "Name of the merchant where the transaction was intiated",
          "example": ""
        },
        "authorizationCode": {
          "type": "string",
          "description": "Authorization Code for the transaction",
          "example": ""
        },
        "transactionCode": {
          "type": "string",
          "description": "Code to indicate the type of transaction",
          "example": "407"
        }
      }
    },
    "errorResponseStatusObject": {
      "type": "object",
      "properties": {
        "responseStatus": {
          "$ref": "#/definitions/responseStatusObject"
        }
      }
    },
    "responseStatusObject": {
      "type": "object",
      "properties": {
        "status": {
          "type": "string",
          "description" : "Response Status. Values - SUCCESS/ERROR/WARNING",
          "example" : "SUCCESS"
        },
        "errorDetails": {
          "type": "array",
          "items": {
            "$ref": "#/definitions/errorDetailsObject"
          }
        }
      }
    },
    "errorDetailsObject": {
      "type": "object",
      "properties": {
        "errorCode": {
          "type": "string",
          "description": "Code that defines the reason for the error. It is alphanumeric",
          "example": "SYS9999"
        },
        "errorDesc": {
          "type": "string",
          "description": "Details of the exception that has occurred",
          "example": "Technical Error in Interface"
        }
      }
    }
  }
}