{
  "swagger" : "2.0",
  "info" : {
    "description" : "Corporate Standing Order service facilitates the customer with the option to create, modify and cancel standing instructions real time.The API provide the felxbiity to create and manage the standing instructions by the customer real time through the channels.",
    "version" : "1.0.0",
    "title" : "ArragementCorporatePayment"
  },
  "host" : "api.bankfab.com",
  "basePath" : "/Arragementcorporatepayment/v1",
  "schemes" : [ "https" ],
  "paths" : {
    "/payment/sobooking" : {
      "post" : {
        "tags" : [ "Standing-Order" ],
        "summary": "Creates a Standing Order booking",
        "description" : "Creates a Standing order booking in Core Banking application with an applicable combination for all four transfer types such as A2A, A2T, DFT, IFT",
        "operationId" : "SOBooking",
        "consumes" : [ "application/json" ],
        "produces" : [ "application/json" ],
        "parameters" : [ {
          "in" : "body",
          "name" : "body",
          "description" : "Request parameter for initating new SI Booking need to be passed  under paymentsSObooking data area.",
          "required" : true,
          "schema" : {
            "$ref" : "#/definitions/paymentsSOBookingRequest"
          }
        } ],
        "responses" : {
          "200" : {
            "description" : "Response of the SI booking request will be received under paymentsoresponse",
            "schema" : {
              "$ref" : "#/definitions/paymentsSOResponse"
            }
          }
        }
      }
    },
    "/payment/somodify" : {
      "post" : {
        "tags" : [ "Standing-Order" ],
        "summary": "Modifies a Standing Order",
		"description": "Modifies the existing Standing Order booked in Core Banking System based on the user entitlement. During modification, customers are allowed to change specific fields based on business case. Fields include Last payment date, No of payment modified. However, Beneficiary name or Account number cannot be modified as part of the service",       
        "operationId" : "SOModify",
        "consumes" : [ "application/json" ],
        "produces" : [ "application/json" ],
        "parameters" : [ {
          "in" : "body",
          "name" : "body",
          "description" : "Request parameter for modifing the existing SI Booking need to be passed  under paymentsSOmodifyrequest data area.",
          "required" : true,
          "schema" : {
            "$ref" : "#/definitions/paymetsSOModifyRequest"
          }
        } ],
        "responses" : {
          "200" : {
            "description" : "Response indicates the  status of the SO modification request",
            "schema" : {
              "$ref" : "#/definitions/paymentsSOResponse"
            }
          }
        }
      }
    },
    "/payment/socancel" : {
      "post" : {
        "tags" : [ "Standing-Order" ],
        "summary": "Cancels a Standing Order",
	"description":"Service enables the user to cancel the existing standing order booked under the specific account based on the the SO Booking Reference",
        "operationId" : "SOCancel",
        "consumes" : [ "application/json" ],
        "produces" : [ "application/json" ],
        "parameters" : [ {
          "in" : "body",
          "name" : "body",
          "description" : "Request paramter for Canceling the existing SI need to be passed  under PaymentSOCancelRequest data area.",
          "required" : true,
          "schema" : {
            "$ref" : "#/definitions/paymentsSOCancelRequest"
          }
        } ],
        "responses" : {
          "200" : {
            "description" : "Response for the cancellation reqeust will be provided part of response data area",
            "schema" : {
              "$ref" : "#/definitions/paymentsSOResponse"
            }
          }
        }
      }
    }
  },
  "definitions" : {
    "paymentsSOBookingRequest" : {
      "type" : "object",
      "properties" : {
        "applicationArea" : {
          "$ref" : "#/definitions/applicationArea"
        },
        "securityArea" : {
          "$ref" : "#/definitions/securityArea"
        },
        "dataAreaSOBookingRequest" : {
          "$ref" : "#/definitions/paymentsDataAreaSOBookingRequest"
        }
      }
    },
    "applicationArea" : {
      "type" : "object",
      "required" : [ "correlationId", "countryOfOrigin", "transactionDateTime", "transactionId" ],
      "properties" : {
        "correlationId" : {
          "type" : "string",
          "example" : "C712313123123213",
          "description" : "Unique identifier used for identifing the transaction lifecycle"
        },
        "countryOfOrigin": {
          "type": "string",
          "minLength": 2,
          "maxLength": 2,
          "example": "AE",
          "description": "Country of origination of the request. The representation is in ISO 3166 country codes in two bytes format"
        },
        "creationDateTime": {
          "type": "string",
          "format": "date-time",
          "description": "Creation date of the service in ISO 8601 YYYY-MM-DD HH:MM :SS format. This is an optional field"
        },
        "interfaceID" : {
          "type" : "string",
          "example" : "SIBO0KING",
          "description" : "Logical reference of the Interface that intiated the service. This is an optional field"
        },
        "requiredExecutionDate": {
          "type": "string",
          "format": "date-time",
          "description": "Date on which the transaction needs to be actually posted in ISO 8601 YYYY-MM-DD HH:MM:SS format. This is an optional field"
        },
        "senderUserId": {
          "type": "string",
          "description": "Sender's User ID. Information about a user who has initiated the transaction",
          "example": "CMS"
        },
        "senderBranchId": {
          "type": "string",
          "description": "Sender's Branch ID. Information about a user who has initiated the transaction",
          "example": ""
        },
        "senderId": {
          "type": "string",
          "description": "Unique identification for the consumer. This will be agreed by Service owner at the time of setup. It will need to be passed in all requests",
          "example": "CMS"
        },
        "transactionDateTime": {
          "type": "string",
          "format": "date-time",
          "description": "The data and time the request is initiated in ISO 8601 format: YYYY-MM-DDTHH:MM:SSZ"
        },
        "transactionId": {
          "type": "string",
          "description": "Unique reference id assigned by the Sender to identify the transaction",
          "example": "WLT1254378DEFG"
        },
        "transactionTimeZone": {
          "type": "string",
          "description": "Timezone in which transaction is initiated",
          "example": ""
        },
        "senderReferenceId": {
          "type": "string",
          "description": "Reference ID from Sender to identify the event that cause the service invocation. This is an optional field",
          "example": "C7234234234234"
        }
      }
    },
    "securityArea": {
      "properties": {
        "secToken": {
          "type": "string",
          "description":"Security Token",
          "example":""
        },
        "userId": {
          "type": "string",
          "description":"User ID",
          "example":""
        },
        "passwd": {
          "type": "string",
          "description":"Password",
          "example":""
        }
      }
    },
    "paymentsDataAreaSOBookingRequest" : {
      "properties" : {
        "benDtls" : {
          "type" : "string",
          "example" : "D|1XXXXXXXX01|XX SXXXXXXX|Street no XX| City |Country",
          "description" : "Beneficairy details with combination of Beneficiary Account, Beneficiary Name, Address1,Address2 with delimeter of \"|\""
        },
        "messRecv" : {
          "type" : "string",
          "example" : "BKTXXX33XXX",
          "description" : "Beneficairy Bank Swift Code"
        },
        "ordCust" : {
          "type" : "string",
          "example" : "D|/AE9603XXXXXXXXXXXXX4976|Holder NAME |Address |City |Country",
          "description" : "Debit Account Holder details (Tag 50K )with combination of Debit Account , Account Name , address , Country"
        },
        "benBank" : {
          "type" : "string",
          "example" : "A|BKTRUS33XXX",
          "description" : "Beneficiry Bak Details mapped to TAG 57 A or D , Possible Combination are A|<Swift Code> or D| <Beneficairy Bank Details> i.e  Bene Bank Name,Branch Name,City and Country"
        },
        "chrgTyp" : {
          "type" : "string",
          "example" : "BEN",
          "description" : "BEN, OUR , SHA are possible Values"
        },
        "amount" : {
          "type" : "string",
          "example" : "10000",
          "description" : "Trasnaction Amount with decimal specific to Currency"
        },
        "ccy" : {
          "type" : "string",
          "example" : "AED",
          "description" : "The currency code of the transaction in ISO 4217 format"
        },
        "inputCCY" : {
          "type" : "string",
          "example" : "USD",
          "description" : "Curretny in which payment is made by the customer. i.e Payment Currency"
        },
        "interfaceId" : {
          "type" : "string",
          "example" : "SOBKNG",
          "description" : "Terminal Id assigned to consumer"
        },
        "accNo" : {
          "type" : "string",
          "example" : "4201XXXXXXXX12310",
          "description" : "Persistent unique identifier associated with an account"
        },
        "txnType" : {
          "type" : "string",
          "example" : "IFT",
          "description" : "it denotes the type of the transaction. Possible values are A2A - Accoun to Account, A2T- Account to Thrid Party, DFT - Domestic Fund Transfer , IFT - Iternational Fund Transfer"
        },
        "crAccNo" : {
          "type" : "string",
          "example" : "AE3200XXXXXXXX312121",
          "description" : "Beneficairy / Payee Account number"
        },
        "effDt" : {
          "type" : "string",
          "example" : "YYYYMMDD",
          "description" : "First Payment Date of SI Instruction.Date should be in YYYYMMDD format"
        },
        "expDt" : {
          "type" : "string",
          "example" : "YYYYMMDD",
          "description" : "Last Payment Date of SI Instruction.Date should be in YYYYMMDD format"
        },
        "fType" : {
          "type" : "string",
          "example" : "D",
          "description" : "Execution Frequency of SI Instruction. Possible Values are D , M,Y"
        },
        "freq" : {
          "type" : "string",
          "example" : "1",
          "description" : "Defaulted to 1"
        },
        "remitInfo" : {
          "type" : "string",
          "example" : "<First 35 Character> | <Second 35 Character> | <Third 35 Character> | <Fourth 35 Character>",
          "description" : "Payment Details of the trasnaction ie Tag 70. It can accpet upto 140 Character with combination of 35 * 4 ."
        },
        "noOfPayments" : {
          "type" : "string",
          "example" : "5",
          "description" : "auto adjusted based on last payment date selection and vice versa. No  of payments super seeds the exp date"
        },
        "txnTypeCd" : {
          "type" : "string",
          "example" : "SAL",
          "description" : "Purpose code of Transaction"
        },
        "brCd" : {
          "type" : "string",
          "example" : "BRXX01",
          "description" : "Branch Code .Default to BR0001"
        },
        "ifscCode" : {
          "type" : "string",
          "example" : "HSBCN1231",
          "description" : "This field is conditional Mandatory based on Beneficairy Country. i.e IFSC code / ABA Routing Number need to be passed based on Country and Currency Combination."
        },
        "msgType" : {
          "type" : "string",
          "description" : "Message type of the transaction. this field is optional"
        },
        "custReference" : {
          "type" : "string",
          "example" : "REFERENCE",
          "description" : "Internal Reference of corporate customer for reconcilation process."
        },
        "repostFlg" : {
          "type" : "string",
          "example" : "N",
          "description" : "Reposting Flag . Possible Values are Y / N. If the transaction is posting fisrt time then Value should be N . If same transaction is posted again due to timeout or technical error then Y need to be passed"
        },
        "refNo" : {
          "type" : "string",
          "example" : "C7221235453654234",
          "description" : "Unique Transaction Reference Number"
        },
        "chnlId" : {
          "type" : "string",
          "example" : "CMS",
          "description" : "Channel Id"
        },
        "companyCode" : {
          "type" : "string",
          "example" : "AE0010001",
          "description" : "Logical Entity Code associated with Debit Accoun number ."
        },
        "crDrFlag" : {
          "type" : "string",
          "example" : "D",
          "description" : "Debit Credit Flag . D for Debit / C for Credit passed on customer selection."
        }
      }
    },
    "paymentsSOResponse" : {
      "type" : "object",
      "properties" : {
        "applicationArea" : {
          "$ref" : "#/definitions/applicationArea"
        },
        "dataAreaSOResponse" : {
          "$ref" : "#/definitions/paymentsDataAreaSOResponse"
        },
        "exceptionData" : {
          "$ref" : "#/definitions/paymentsSOResponse_exceptionData"
        }
      }
    },
    "paymentsDataAreaSOResponse" : {
      "type" : "object",
      "properties" : {
        "changeStatus" : {
          "$ref" : "#/definitions/changeStatus"
        },
        "recordstatus" : {
          "type" : "string",
          "description" : "This field indicates the status of the transaction.  If it is 00000 then the transaction is success, otherwise the corresponding error code will be mapped in the field.  If it is starts with RTE, RME or RCE it means error occurred while processing the transaction."
        },
        "errorcode" : {
          "type" : "string",
          "description" : "This field is mapped with the Actual result code from CORE Banking."
        },
        "resEchoField" : {
          "type" : "string",
          "description" : "Transaction Co-relation field"
        },
        "externalidentifier" : {
          "type" : "string",
          "description" : "Instruction reference number from Core Bankig System"
        },
        "externalidentifiertype" : {
          "type" : "string",
          "description" : "External identifier reference"
        },
        "transactionId" : {
          "type" : "string",
          "example" : "C734512213123213",
          "description" : "Unique Trasnaction Reference Number passed part of Request"
        },
        "accountingUnitIdentifier" : {
          "type" : "string",
          "example" : "AE0010001",
          "description" : "Company Code associated with Trasnaction."
        }
      }
    },
    "exceptionResult" : {
      "properties" : {
        "code" : {
          "type" : "string",
          "description": "Response Status - Values - SUCCESS/ERROR/WARNING",
          "example": "SUCCESS"
        },
        "description" : {
          "type" : "string",
          "description": "Status Description",
          "example": "Successful"
         },
        "errorDetailsInfo" : {
          "type" : "array",
          "items" : {
            "$ref" : "#/definitions/errorDetails"
          }
        }
      }
    },
    "errorDetails": {
      "type": "object",
      "properties": {
        "errorCode": {
          "type": "string",
          "description": "Code that defines the reason for the error. It is alphanumeric",
          "example": "SYS9999"
        },
        "errorDesc": {
          "type": "string",
          "description": "Details of the exception that has occurred",
          "example": "Technical Error in Interface"
		  
        }
      }
    },
    "changeStatus" : {
      "type" : "object",
      "properties" : {
        "reasonCode" : {
          "type" : "string",
          "example" : "999",
          "description" : "Code that defines the reason for change in status"
        },
        "reasonDescription" : {
          "type" : "string",
          "example" : "Invalid Request parameter",
          "description" : "Reason description for the change"
        },
        "status" : {
          "type" : "string",
          "example" : "Success",
          "description" : "Status code"
        }
      }
    },
    "paymetsSOModifyRequest" : {
      "type" : "object",
      "properties" : {
        "applicationArea" : {
          "$ref" : "#/definitions/applicationArea"
        },
        "securityArea" : {
          "$ref" : "#/definitions/securityArea"
        },
        "dataAreaSOModifyRequest" : {
          "$ref" : "#/definitions/paymentsDataAreaSOModifyRequest"
        }
      }
    },
    "paymentsDataAreaSOModifyRequest" : {
      "properties" : {
        "companyCode" : {
          "type" : "string",
          "example" : "AE0010001",
          "description" : "Logical Entity Code associated with Debit Accoun number"
        },
        "chrgType" : {
          "type" : "string",
          "description" : "Charge type selected for the Transaction. Possible values are BEN, OUR , SHA. example: OUR"
        },
        "brCd" : {
          "type" : "string",
          "example" : "BR0001",
          "description" : "Branch Code .Default to BR0001"
        },
        "sIRefNo" : {
          "type" : "string",
          "example" : "BT2312312312",
          "description" : "Standing Instruction Reference number booked in Core Banking for Tracking"
        },
        "effDt" : {
          "type" : "string",
          "example" : "20202010",
          "description" : "First Payment Date of SI Instruction.Date should be in YYYYMMDD format."
        },
        "expDt" : {
          "type" : "string",
          "example" : "20201010",
          "description" : "Last Payment Date of SI Instruction.Date should be in YYYYMMDD format"
        },
        "fType" : {
          "type" : "string",
          "example" : "D",
          "description" : "Execution Frequency of SI Instruction. Possible Values are D , M,Y"
        },
        "freq" : {
          "type" : "string",
          "description" : "Frequency in which trasnaction will be executed. i.e 2 Days once in daily . Defaulted to 1 example: 1"
        },
        "noOfPayments" : {
          "type" : "string",
          "example" : "5",
          "description" : "auto adjusted based on last payment date selection and vice versa. No of payments super seeds the exp date"
        },
        "ifscCode" : {
          "type" : "string",
          "example" : "HSBCNN123",
          "description" : "This field is conditional Mandatory based on Beneficairy Country. i.e  IFSC code / ABA Routing Number need to be passed based on Country and Currency Combination."
        },
        "msgType" : {
          "type" : "string",
          "description" : "Message type of the transaction. this field is optional"
        },
        "repostFlg" : {
          "type" : "string",
          "example" : "N",
          "description" : "Reposting Flag . Possible Values are Y / N. If the transaction is posting fisrt time then Value should be N . If same transaction is posted again due to timeout or technical error then Y need to be passed"
        }
      }
    },
    "paymentsSOCancelRequest" : {
      "type" : "object",
      "properties" : {
        "applicationArea" : {
          "$ref" : "#/definitions/applicationArea"
        },
        "securityArea" : {
          "$ref" : "#/definitions/securityArea"
        },
        "dataAreaSOCancelRequest" : {
          "$ref" : "#/definitions/paymentsDataAreaSOCancelRequest"
        }
      }
    },
    "paymentsDataAreaSOCancelRequest" : {
      "properties" : {
        "companyCode" : {
          "type" : "string",
          "example" : "AE0010001",
          "description" : "Logical Entity Code associated with Debit Accoun number"
        },
        "refNo" : {
          "type" : "string",
          "example" : "C72423123123213",
          "description" : "unique Trasnaction Reference number"
        },
        "chrgType" : {
          "type" : "string",
          "example" : "BEN",
          "description" : "charge type selected for the Transaction. Possible values are BEN, OUR , SHA."
        },
        "brCd" : {
          "type" : "string",
          "example" : "BR0001",
          "description" : "Branch Code .Default to BR0001"
        },
        "sIRefNo" : {
          "type" : "string",
          "example" : "SI234345123123",
          "description" : "Standing Instruction Reference number booked in Core Banking for Tracking"
        },
        "ifscCode" : {
          "type" : "string",
          "example" : "SC123345",
          "description" : "This field is conditional Mandatory based on Beneficairy Country. i.e  IFSC code / ABA Routing Number need to be passed based on Country and Currency Combination."
        },
        "msgType" : {
          "type" : "string",
          "description" : "Message type of the transaction. this field is optional"
        },
        "repostFlg" : {
          "type" : "string",
          "description" : "Reposting Flag . Possible Values are Y / N. If the transaction is posting fisrt time then Value should be N . If same transaction is posted again due to timeout or technical error then Y need to be passed example: N"
        }
      }
    },
    "paymentsSOResponse_exceptionData" : {
      "type" : "object",
      "properties" : {
        "exceptions" : {
          "$ref" : "#/definitions/exceptionResult"
        }
      }
    }
  }
}