{
  "swagger" : "2.0",
  "info" : {
    "description" : "Corporate Account API provide the corporate customer with an overview of customer's transaction details and payment status.The API facilitates in retrieving real time transaction details,payment processing udpates, account statements based on the user entitlement.",
    "version" : "1.0.0",
    "title" : "Corporate AccountServices "
  },
  "host" : "api.bankfab.com",
  "basePath" : "/corporatearrangement/accounts/v1/",
  "schemes" : [ "https" ],
  "paths" : {
    "/swiftmsg/download" : {
      "post" : {
        "tags" : [ "Transactions" ],
        "summary" : "Swift Message Download",
        "description" : "This service is used to retrieve SWIFT / CB Message from coresponding downstream system based on FAB Transaction reference number.",
        "operationId" : "retrieveTrnsMessageMTFormat",
        "consumes" : [ "application/json" ],
        "produces" : [ "application/json" ],
        "parameters" : [ {
          "in" : "body",
          "name" : "body",
          "description" : "The request body for the retrieveTrnsMessageMTFormat",
          "required" : true,
          "schema" : {
            "$ref" : "#/definitions/retrieveTrnsMessageMTFormatReq"
          }
        } ],
        "responses" : {
          "200" : {
            "description" : "The operation was successful.",
            "schema" : {
              "$ref" : "#/definitions/retrieveTrnsMessageMTFormatRes"
            }
          }
        }
      }
    },
    "/statement/cycle" : {
      "post" : {
        "tags" : [ "Transactions" ],
        "summary" : "Get Account Statement Cycle",
        "description" : "This API helps us to retrieve the last six statement cycle avaialble for an particular account number.",
        "operationId" : "getAccountStatementCycle",
        "parameters" : [ {
          "in" : "body",
          "name" : "body",
          "description" : "The request body for the getaccountstatementCycleRequest",
          "required" : true,
          "schema" : {
            "$ref" : "#/definitions/getAccountStatementCycleRequest"
          }
        } ],
        "responses" : {
          "200" : {
            "description" : "Response Area for Get Account Statement Cycle",
            "schema" : {
              "$ref" : "#/definitions/getAccountStatementCycleResponse"
            }
          }
        }
      }
    },
    "/payment/status" : {
      "post" : {
        "tags" : [ "Transactions" ],
        "summary" : "Process Payment Tracking",
        "description" : "This service facilitates the end to end tracking of Transaction life cycle using FAB Tranaction reference number. It provides the details till the last status of Beneficairy credit to Initator.",
        "operationId" : "processPaymentTracking",
        "consumes" : [ "application/json" ],
        "produces" : [ "application/json" ],
        "parameters" : [ {
          "in" : "body",
          "name" : "body",
          "description" : "The request body for the processPaymentTracking Service",
          "required" : true,
          "schema" : {
            "$ref" : "#/definitions/processPaymentTrackingRequest"
          }
        } ],
        "responses" : {
          "200" : {
            "description" : "Response area for ProcessPaymentTracking Reqeust.",
            "schema" : {
              "$ref" : "#/definitions/processPaymentTrackingResponse"
            }
          }
        }
      }
    },
    "/loan/txnhistory" : {
      "post" : {
        "tags" : [ "Transactions" ],
        "summary" : "Get Loan Transaction Details",
        "description" : "Returns an array of transactions for the specified account for selected data range. Currently this API supports maximum date rage of 180 days as from and to date as date range .",
        "operationId" : "getLoanTransactionDetails",
        "parameters" : [ {
          "in" : "body",
          "name" : "body",
          "description" : "The request body for getloanTransaction operation",
          "required" : true,
          "schema" : {
            "$ref" : "#/definitions/getLoanTransactionRequest"
          }
        } ],
        "responses" : {
          "200" : {
            "description" : "Get Loan Transaction Details",
            "schema" : {
              "$ref" : "#/definitions/getLoanTransactionResponse"
            }
          }
        }
      }
    },
    "/corporate/user/validate" : {
      "post" : {
        "tags" : [ "Customer-Access-Entitlement" ],
        "summary" : "Validate corporate user details",
        "description" : "Valdiate the corproate user crenditials based on the input parameter such as user id / gcif / other details and returs the current status of the logged in user as response back to the consumer.",
        "operationId" : "validateCorporateUser",
        "parameters" : [ {
          "in" : "body",
          "name" : "body",
          "description" : "The request body for the operation",
          "required" : true,
          "schema" : {
            "$ref" : "#/definitions/validateCorporateCustomerRequest"
          }
        } ],
        "responses" : {
          "200" : {
            "description" : "Valdiate the corproate user crenditials based on the input parameter such as user id / gcif / other details and returs the current status of the logged in user as response back to the consumer.",
            "schema" : {
              "$ref" : "#/definitions/validateCorporateCustomerResponse"
            }
          }
        }
      }
    },
    "/corporate/user/update" : {
      "post" : {
        "tags" : [ "Customer-Access-Entitlement" ],
        "summary" : "Update corporate customer",
        "description" : "Update the status of the logged in user based on the user action. Currently it support disable / enable opreation part of user update operation.",
        "operationId" : "updateCorporateUserStatus",
        "parameters" : [ {
          "in" : "body",
          "name" : "body",
          "description" : "The request body for the operation",
          "required" : true,
          "schema" : {
            "$ref" : "#/definitions/updateCorporateCustomerRequest"
          }
        } ],
        "responses" : {
          "200" : {
            "description" : "Update the status of the logged in user based on the user action. Currently it support disable / enable opreation part of user update operation.",
            "schema" : {
              "$ref" : "#/definitions/updateCorporateCustomerResponse"
            }
          }
        }
      }
    },
    "/corporate/user/entitlements" : {
      "post" : {
        "tags" : [ "Customer-Access-Entitlement" ],
        "summary" : "Get Corporate Customer Entitlements",
        "description" : "Retreive the Corproate customer Entitlements and associated information from multiple core system based on logged in corproate corpaorte and User id . Currently it support retrival of informaton from T24, EWS-DB, Cashcore-DB & Murex system.",
        "operationId" : "getCustomerEntitlements",
        "parameters" : [ {
          "in" : "body",
          "name" : "body",
          "description" : "The request body for the operation",
          "required" : true,
          "schema" : {
            "$ref" : "#/definitions/CustomerEntitlementRequest"
          }
        } ],
        "responses" : {
          "200" : {
            "description" : "Retreive the Corporate Customer Entitlements and associated information from multiple core system based on logged in corproate corpaorte and User id . Currently it support retrival of informaton from T24, EWS-DB, Cashcore-DB & Murex system.",
            "schema" : {
              "$ref" : "#/definitions/CustomerEntitlementResponse"
            }
          }
        }
      }
    }
  },
  "definitions" : {
    "retrieveTrnsMessageMTFormatReq" : {
      "type" : "object",
      "properties" : {
        "applicationArea" : {
          "$ref" : "#/definitions/applicationArea"
        },
        "securityArea" : {
          "$ref" : "#/definitions/securityArea"
        },
        "dataAreaRetrieveTrnsMessageMTFormatReq" : {
          "$ref" : "#/definitions/paymentDetails"
        }
      }
    },
    "CustomerEntitlementRequest" : {
      "type" : "object",
      "properties" : {
        "applicationArea" : {
          "$ref" : "#/definitions/applicationArea"
        },
        "securityArea" : {
          "$ref" : "#/definitions/securityArea"
        },
        "dataArea" : {
          "$ref" : "#/definitions/CustomerEntitlementRequest_dataAreaCustomerEntitlementReq"
        }
      }
    },
    "CustomerEntitlementResponse" : {
      "type" : "object",
      "properties" : {
        "applicationArea" : {
          "$ref" : "#/definitions/applicationArea"
        },
        "securityArea" : {
          "$ref" : "#/definitions/securityArea"
        },
        "dataArea" : {
          "$ref" : "#/definitions/CustomerEntitlementResponse_dataAreaCustomerEntitlementRes"
        }
      }
    },
    "applicationArea" : {
      "type" : "object",
      "required" : [ "correlationId", "countryOfOrigin", "transactionDateTime", "transactionId" ],
      "properties" : {
        "correlationId" : {
          "type" : "string",
          "example" : "",
          "description" : "128 bit random UUID generated uniquely for every request"
        },
        "countryOfOrigin" : {
          "type" : "string",
          "example" : "AE",
          "description" : "Country of origination of the request. The representation is in ISO 3166 country codes in two bytes format"
        },
        "creationDateTime" : {
          "type" : "string",
          "format" : "date-time",
          "example" : "2020-08-20 14:22:00",
          "description" : "Creation date of the service in ISO 8601 YYYY-MM-DD HH:MM :SS format. This is an optional field"
        },
        "interfaceID" : {
          "type" : "string",
          "example" : "AE",
          "description" : "Logical reference of the Interface that intiated the service. This is an optional field"
        },
        "requiredExecutionDate" : {
          "type" : "string",
          "format" : "date-time",
          "example" : "2020-08-20 14:22:00",
          "description" : "Date on which the transaction needs to be actually posted in ISO 8601 YYYY-MM-DD HH:MM:SS format. This is an optional field"
        },
        "senderUserId" : {
          "type" : "string",
          "example" : "",
          "description" : "Sender's User ID. Information about a user who has initiated the transaction"
        },
        "senderBranchId" : {
          "type" : "string",
          "example" : "",
          "description" : "Sender's Branch ID. Information about a user who has initiated the transaction"
        },
        "senderId" : {
          "type" : "string",
          "example" : "",
          "description" : "Unique identification for the consumer. This will be agreed by Service owner at the time of setup. It will need to be passed in all requests"
        },
        "transactionDateTime" : {
          "type" : "string",
          "format" : "date-time",
          "description" : "The data and time the request is initiated in ISO 8601 format YYYY-MM-DD HH:MM :SS format"
        },
        "transactionId" : {
          "type" : "string",
          "example" : "",
          "description" : "Unique transaction reference id assigned by the Sender to unambiguously identify the message"
        },
        "transactionTimeZone" : {
          "type" : "string",
          "example" : "",
          "description" : "Timezone in which transaction is initiated"
        },
        "senderReferenceId" : {
          "type" : "string",
          "example" : "",
          "description" : "Reference ID from Sender to identify the event that cause the service invocation. This is an optional field"
        }
      }
    },
    "securityArea" : {
      "properties" : {
        "secToken" : {
          "type" : "string",
          "description" : "Token id",
          "example" : ""
        },
        "userId" : {
          "type" : "string",
          "description" : "unique Id assocaited with logged in user.",
          "example" : ""
        },
        "passwd" : {
          "type" : "string",
          "description" : "Encrypted password",
          "example" : ""
        }
      }
    },
    "Entitlements" : {
      "type" : "array",
      "items" : {
        "$ref" : "#/definitions/Entitlement"
      }
    },
    "Entitlement" : {
      "type" : "object",
      "properties" : {
        "arrangementIdentifier" : {
          "type" : "string",
          "example" : "100XXXXXXXXXX789",
          "description" : "Persistent unique identifier associated with an account"
        },
        "arrangementTitle" : {
          "type" : "string",
          "example" : "Name of the Corporate Account ",
          "description" : "Account name associated with Unique identifier"
        },
        "ledgerBalance" : {
          "type" : "number",
          "example" : 1000.0,
          "description" : "Balance in an account at the beginning of each day"
        },
        "unclearedBalance" : {
          "type" : "number",
          "example" : 500.0,
          "description" : "Uncleared balance is the amount that is yet to be cleared for utilization."
        },
        "lockAmount" : {
          "type" : "number",
          "example" : 100.0,
          "description" : "Amount which is emarked  by bank and cannot be utilised by customer"
        },
        "accuredCreditAmount" : {
          "type" : "number",
          "example" : 1000.0,
          "description" : "Payable Amount to Customer account"
        },
        "accuredDebitAmount" : {
          "type" : "number",
          "example" : 0.0,
          "description" : "Receviable Amount from Customer"
        },
        "limitAmount" : {
          "type" : "number",
          "example" : 1000.0,
          "description" : "Overdraft Limit avaialble for the account"
        },
        "availableBalance" : {
          "type" : "number",
          "example" : 5000.0,
          "description" : "Available balance is the balance free for use by the customer or account holder"
        },
        "currency" : {
          "type" : "string",
          "example" : "AED",
          "description" : "The currency code of the transaction in ISO 4217 format."
        },
        "status" : {
          "type" : "string",
          "example" : "ACTIVE ",
          "description" : "Status of the account"
        },
        "notes" : {
          "type" : "string",
          "example" : "NA ",
          "description" : "Remarks if any"
        },
        "accountingUnitIdentifier" : {
          "type" : "string",
          "example" : "AE001001 ",
          "description" : "Company Code associated with account number"
        },
        "osAmount" : {
          "type" : "number",
          "example" : 100.0,
          "description" : "Overdraft Limit avaialble for the account"
        },
        "onlineCleredBalance" : {
          "type" : "number",
          "example" : 1000.0,
          "description" : "Balance free for use by the customer or account holder"
        },
        "workingBanlance" : {
          "type" : "number",
          "example" : 1000.0,
          "description" : "Working Balance means the value of total current assets less any total current liabilities"
        },
        "openBalance" : {
          "type" : "number",
          "example" : 1000.0,
          "description" : "Balance in an account at the beginning of each day"
        },
        "frozenAmount" : {
          "type" : "number",
          "example" : 1000.0,
          "description" : "Amount which is freezed by bank based on request"
        },
        "lmsClearedBalance" : {
          "type" : "number",
          "example" : 1000.0,
          "description" : "Balance free for use by the customer or account holder"
        },
        "involvedPartyIdentifier" : {
          "type" : "string",
          "example" : "86XXXX082",
          "description" : "Customer ID associted with account number i,e CIF ID"
        },
        "logicalInvolvedPartyIdentifier" : {
          "type" : "string",
          "example" : "CORPORATE ID",
          "description" : "Logical Group Id of corport entity"
        },
        "branchName" : {
          "type" : "string",
          "example" : "Salam Street",
          "description" : "Branch in which the account is opened"
        },
        "bankName" : {
          "type" : "string",
          "example" : "Frist Abu Dhabi Bank ",
          "description" : "Bank Name associated with account"
        },
        "accountCreationDate" : {
          "type" : "string",
          "format" : "date",
          "description" : "Date in which the account is opened in  bank core system"
        },
        "swiftidentifier" : {
          "type" : "string",
          "example" : "NBADAEAACMS",
          "description" : "Swift Code associated with account owning bank"
        },
        "ibanIdentifier" : {
          "type" : "string",
          "example" : "AE42035400000000000010",
          "description" : "iBAN account Number associated with account"
        },
        "tenure" : {
          "type" : "integer",
          "example" : "30 Days",
          "description" : "it represent the deposit period . Possible value in days, Months , years"
        },
        "depositedAmount" : {
          "type" : "number",
          "example" : 100000.0,
          "description" : "Amount which is locked by customer for specific period."
        },
        "interestAmount" : {
          "type" : "number",
          "example" : 1000.0,
          "description" : "Amount which is to be credited as interest for the deposit"
        },
        "matuarityAmount" : {
          "type" : "number",
          "example" : 101000.0,
          "description" : "Aount to be creidted to customer at end of deposit maturity date."
        },
        "matuarityDate" : {
          "type" : "string",
          "format" : "date",
          "description" : "Date in which deposit is getting matured"
        },
        "productName" : {
          "type" : "string",
          "example" : "Fixed Deposit",
          "description" : "Type of deposit"
        },
        "productDescription" : {
          "type" : "string",
          "example" : "Fixed Deposit",
          "description" : "Description of deposit type i.e Fixed Deposit , Term Deposit"
        },
        "bookingDate" : {
          "type" : "string",
          "format" : "date",
          "description" : "Date in which deposit is booked in the bank"
        },
        "productType" : {
          "type" : "string",
          "example" : "Fixed Deposit",
          "description" : "Product Type of deposit."
        }
      }
    },
    "paymentDetails" : {
      "type" : "object",
      "properties" : {
        "accountNumber" : {
          "type" : "string",
          "example" : "100XXXXXXX456789",
          "description" : "Persistent unique identifier associated with an account"
        },
        "companyCode" : {
          "type" : "string",
          "example" : "AE0010001",
          "description" : "Logical entity assocaited with Account"
        },
        "txnReference" : {
          "type" : "string",
          "example" : "FT18212324324",
          "description" : "Unique Transaction Reference to identify the transaction"
        },
        "valueDate" : {
          "type" : "string",
          "description" : "The date that the transaction was posted to the account"
        }
      }
    },
    "retrieveTrnsMessageMTFormatRes" : {
      "type" : "object",
      "properties" : {
        "applicationArea" : {
          "$ref" : "#/definitions/applicationArea"
        },
        "dataAreaRetrieveTrnsMessageMTFormatRes" : {
          "$ref" : "#/definitions/retrieveTrnsMessageMTFormatRes_dataAreaRetrieveTrnsMessageMTFormatRes"
        },
        "exceptionData" : {
          "$ref" : "#/definitions/retrieveTrnsMessageMTFormatRes_exceptionData"
        }
      }
    },
    "exceptionResult" : {
      "properties" : {
        "code" : {
          "type" : "string",
          "example" : "0",
          "description" : "Error / response code"
        },
        "description" : {
          "type" : "string",
          "example" : "Success",
          "description" : "Error / response description"
        },
        "errorDetailsInfo" : {
          "type" : "array",
          "items" : {
            "$ref" : "#/definitions/errorDetails"
          }
        }
      }
    },
    "errorDetails" : {
      "type" : "object",
      "properties" : {
        "errorCode" : {
          "type" : "string",
          "example" : "0",
          "description" : "Error / response code"
        },
        "errorDesc" : {
          "type" : "string",
          "example" : "Success",
          "description" : "Error / response description"
        }
      }
    },
    "changeStatus" : {
      "type" : "object",
      "properties" : {
        "reasonCode" : {
          "type" : "string",
          "example" : "999",
          "description" : "Reson code for rejection if any"
        },
        "reasonDescription" : {
          "type" : "string",
          "example" : "Techincal Error",
          "description" : "Reason Associated with code"
        },
        "status" : {
          "type" : "string",
          "description" : "Status description"
        }
      }
    },
    "getAccountStatementCycleRequest" : {
      "type" : "object",
      "properties" : {
        "applicationArea" : {
          "$ref" : "#/definitions/applicationArea"
        },
        "securityArea" : {
          "$ref" : "#/definitions/securityArea"
        },
        "dataAreaGetAccountStatementCycleRequest" : {
          "$ref" : "#/definitions/accountStatementRequestDetails"
        }
      }
    },
    "accountStatementRequestDetails" : {
      "type" : "object",
      "required" : [ "accountNumber", "companyCode" ],
      "properties" : {
        "companyCode" : {
          "type" : "string",
          "example" : "AE0010001",
          "description" : "Logical entity associated with account number"
        },
        "accountNumber" : {
          "type" : "string",
          "example" : "1001XXXXXX789023",
          "description" : "Persistent unique identifier associated with an account"
        }
      }
    },
    "getAccountStatementCycleResponse" : {
      "type" : "object",
      "properties" : {
        "applicationArea" : {
          "$ref" : "#/definitions/applicationArea"
        },
        "dataAreaGetAccountStatementCycleResponse" : {
          "$ref" : "#/definitions/getAccountStatementCycleResponse_dataAreaGetAccountStatementCycleResponse"
        },
        "exceptionData" : {
          "$ref" : "#/definitions/retrieveTrnsMessageMTFormatRes_exceptionData"
        }
      }
    },
    "arrangements_res" : {
      "type" : "object",
      "properties" : {
        "segmentNumber" : {
          "type" : "string",
          "example" : "1",
          "description" : "It denotes the sequence of  transaction for sorting purpose"
        },
        "startDate" : {
          "type" : "string",
          "example" : "2020-01-20",
          "description" : "Starting range for transaction date in ISO 8601 date format 'YYYY-MM-DD'"
        },
        "endDate" : {
          "type" : "string",
          "example" : "2020-01-20",
          "description" : "End range for transaction date in ISO 8601 date format 'YYYY-MM-DD'"
        },
        "postingDate" : {
          "type" : "string",
          "example" : "2020-01-20",
          "description" : "it denote the date when the eStatement is generated for that account"
        }
      }
    },
    "processPaymentTrackingRequest" : {
      "type" : "object",
      "properties" : {
        "applicationArea" : {
          "$ref" : "#/definitions/applicationArea"
        },
        "securityArea" : {
          "$ref" : "#/definitions/securityArea"
        },
        "dataAreaProcessPaymentTrackingReq" : {
          "$ref" : "#/definitions/DataAreaPaymentTrackingReqDef"
        }
      }
    },
    "DataAreaPaymentTrackingReqDef" : {
      "type" : "object",
      "properties" : {
        "txnReference" : {
          "type" : "string",
          "example" : "FT123453565421",
          "description" : "Unique ID of Transaction for tracking"
        },
        "fromDate" : {
          "type" : "string",
          "example" : "2020-01-20",
          "description" : "Starting range for transaction date in ISO 8601 date format 'YYYY-MM-DD'."
        },
        "toDate" : {
          "type" : "string",
          "example" : "2020-01-20",
          "description" : "End range for transaction date in ISO 8601 date format 'YYYY-MM-DD'. If transactionToDate is present, transactionFromDate is required."
        },
        "fromAmount" : {
          "type" : "string",
          "example" : "1000",
          "description" : "Starting range for Amount with decimal"
        },
        "toAmount" : {
          "type" : "string",
          "example" : "1000",
          "description" : "End range for Amount with decimal"
        },
        "paymentCurrency" : {
          "type" : "string",
          "example" : "AED",
          "description" : "Currency in which payment is made to the payee account."
        },
        "beneficiaryBankSwift" : {
          "type" : "string",
          "example" : "NBADAEAACMS",
          "description" : "Swift code of Bencificary bank. it may be 8 or 11 digit"
        },
        "status" : {
          "type" : "string",
          "example" : "Processed by Bank",
          "description" : "Status of the transaction"
        },
        "segmentData" : {
          "$ref" : "#/definitions/PaymentTrackingReqSegmentDataDef"
        }
      }
    },
    "PaymentTrackingReqSegmentDataDef" : {
      "type" : "array",
      "items" : {
        "$ref" : "#/definitions/PaymentTrackingReqSegmentDataDef_inner"
      }
    },
    "processPaymentTrackingResponse" : {
      "type" : "object",
      "properties" : {
        "applicationArea" : {
          "$ref" : "#/definitions/applicationArea"
        },
        "dataAreaProcessPaymentTrackingRes" : {
          "$ref" : "#/definitions/processPaymentTrackingResponse_dataAreaProcessPaymentTrackingRes"
        },
        "exceptionData" : {
          "$ref" : "#/definitions/retrieveTrnsMessageMTFormatRes_exceptionData"
        }
      }
    },
    "getLoanTransactionRequest" : {
      "type" : "object",
      "properties" : {
        "applicationArea" : {
          "$ref" : "#/definitions/applicationArea"
        },
        "securityArea" : {
          "$ref" : "#/definitions/securityArea"
        },
        "dataAreaGetLoanTransactionRequest" : {
          "$ref" : "#/definitions/getLoanTransactionRequestDetails"
        }
      }
    },
    "getLoanTransactionRequestDetails" : {
      "type" : "object",
      "required" : [ "channelID", "loan_Unit_Identifier" ],
      "properties" : {
        "loan_Ref_No" : {
          "type" : "string",
          "example" : "LD12XXXXX1212",
          "description" : "Persistent unique identifier associated with an account"
        },
        "loan_Unit_Identifier" : {
          "type" : "string",
          "example" : "AE0010001",
          "description" : "Logical enity assocaited with loan"
        },
        "from_Date" : {
          "type" : "string",
          "example" : "2020-02-20T00:00:00.000Z",
          "description" : "Starting range for transaction date in ISO 8601 date format 'YYYY-MM-DD'"
        },
        "to_Date" : {
          "type" : "string",
          "example" : "2020-02-20T00:00:00.000Z",
          "description" : "End range for transaction date in ISO 8601 date format 'YYYY-MM-DD'. If transactionToDate is present, transactionFromDate is required"
        },
        "noOfTransactions" : {
          "type" : "string",
          "example" : "5",
          "description" : "it represent number of transaction to be retreived for that account.(i.e Last 5 Tranaction , N Transaction)If transactionToDate is present, noOfTransactions is not required."
        },
        "request_Type" : {
          "type" : "string",
          "example" : "Date",
          "description" : "To indicate the request based on the range of date or transaction count"
        },
        "channelID" : {
          "type" : "string",
          "example" : "CMS",
          "description" : "Channel ID generated part of service onboarding."
        }
      }
    },
    "getLoanTransactionResponse" : {
      "type" : "object",
      "properties" : {
        "applicationArea" : {
          "$ref" : "#/definitions/applicationArea"
        },
        "dataAreaGetLoanTransactionResponse" : {
          "$ref" : "#/definitions/getLoanTransactionResponse_dataAreaGetLoanTransactionResponse"
        }
      }
    },
    "retrieveTrnsMessageMTFormatRes_dataAreaRetrieveTrnsMessageMTFormatRes" : {
      "properties" : {
        "changeStatus" : {
          "$ref" : "#/definitions/changeStatus"
        },
        "txnReference" : {
          "type" : "string",
          "example" : "FT1234034523",
          "description" : "Unique id of the transaction"
        },
        "valueDate" : {
          "type" : "string",
          "example" : "2020-02-20T00:00:00.000Z",
          "description" : "The date that the transaction was posted to the account"
        },
        "swiftmessage" : {
          "type" : "string",
          "description" : "Swiftmessage generatd for that transaction in BASE64 Format"
        }
      }
    },
    "retrieveTrnsMessageMTFormatRes_exceptionData" : {
      "properties" : {
        "exceptions" : {
          "$ref" : "#/definitions/exceptionResult"
        }
      }
    },
    "getAccountStatementCycleResponse_dataAreaGetAccountStatementCycleResponse" : {
      "properties" : {
        "changeStatus" : {
          "$ref" : "#/definitions/changeStatus"
        },
        "arrangementIdentifier" : {
          "type" : "array",
          "items" : {
            "$ref" : "#/definitions/arrangements_res"
          }
        }
      }
    },
    "PaymentTrackingReqSegmentDataDef_inner" : {
      "required" : [ "accountNumber" ],
      "properties" : {
        "companyCode" : {
          "type" : "string",
          "example" : "AXX1XXX1",
          "description" : "Logical entity assocaited with account number"
        },
        "accountNumber" : {
          "type" : "string",
          "example" : "12XXXXXXXXXXXX20",
          "description" : "Persistent unique identifier associated with an account"
        }
      }
    },
    "processPaymentTrackingResponse_dataAreaProcessPaymentTrackingRes_responseDataPPT" : {
      "properties" : {
        "transRef" : {
          "type" : "string",
          "example" : "FT13423323432",
          "description" : "Unique id of the transaction."
        },
        "coreRef" : {
          "type" : "string",
          "example" : "BT46542343452",
          "description" : "Bank reference numebr associated with trasnacton for end to end tracking"
        },
        "vostroAcc" : {
          "type" : "string",
          "example" : "421XXXXXX65463",
          "description" : "Account assocaited with transaction for debit instruction"
        },
        "valueDate" : {
          "type" : "string",
          "example" : "2020-02-20T00:00:00.000Z",
          "description" : "The date in when the amount is credited to the beneficairy"
        },
        "beneAcc" : {
          "type" : "string",
          "example" : "781XXXXXXX2132",
          "description" : "beneficairy account number assocaited with trasnaction"
        },
        "currency" : {
          "type" : "string",
          "example" : "AED",
          "description" : "The currency code of the transaction in ISO 4217 format."
        },
        "amount" : {
          "type" : "string",
          "example" : "10000",
          "description" : "The transaction amount in the primary currency of the account"
        },
        "beneBankName" : {
          "type" : "string",
          "example" : "CITI BANK",
          "description" : "Bank name assocaited with Beneficiary account number"
        },
        "beneSwift" : {
          "type" : "string",
          "example" : "CITIUS33XXX",
          "description" : "Swift Code assocaited with Bank Name. it can be either 8 or 11 digit"
        },
        "status" : {
          "type" : "string",
          "example" : "Processed by bank",
          "description" : "The status of the transaction. Valid values are either Processed by Bank or Rejected by Bank"
        },
        "rejectReason" : {
          "type" : "string",
          "example" : "Invalid Bank Code",
          "description" : "Reason for rejection. if the transaction is processed then it will be  empty"
        },
        "portalRef" : {
          "type" : "string",
          "example" : "C7231125435465473",
          "description" : "Channel Reference number associated with Trasnaction"
        },
        "beneCustName" : {
          "type" : "string",
          "example" : "Benficiary Name",
          "description" : "Payee Customer Name"
        },
        "debitAcctName" : {
          "type" : "string",
          "example" : "Saving Account XXXX",
          "description" : "Account Name associted with debit account."
        }
      }
    },
    "processPaymentTrackingResponse_dataAreaProcessPaymentTrackingRes" : {
      "properties" : {
        "changeStatus" : {
          "$ref" : "#/definitions/changeStatus"
        },
        "responseDataPPT" : {
          "type" : "array",
          "items" : {
            "$ref" : "#/definitions/processPaymentTrackingResponse_dataAreaProcessPaymentTrackingRes_responseDataPPT"
          }
        }
      }
    },
    "getLoanTransactionResponse_dataAreaGetLoanTransactionResponse" : {
      "properties" : {
        "changeStatus" : {
          "$ref" : "#/definitions/changeStatus"
        },
        "responseData" : {
          "type" : "object",
          "properties" : { }
        }
      }
    },
    "validateCorporateCustomerRequest" : {
      "type" : "object",
      "properties" : {
        "applicationArea" : {
          "$ref" : "#/definitions/applicationArea"
        },
        "securityArea" : {
          "$ref" : "#/definitions/securityArea"
        },
        "dataArea" : {
          "$ref" : "#/definitions/validateCorporateCustomerRequestDetails"
        }
      }
    },
    "validateCorporateCustomerRequestDetails" : {
      "type" : "object",
      "required" : [ "GCIF", "UserID" ],
      "properties" : {
        "GCIF" : {
          "type" : "string",
          "example" : "GCIFID123",
          "description" : "Logical entity name associated with corporate user"
        },
        "UserID" : {
          "type" : "string",
          "example" : "TESTUSER",
          "description" : "Unique Id assocaited with logged in user."
        }
      }
    },
    "validateCorporateCustomerResponse" : {
      "type" : "object",
      "properties" : {
        "applicationArea" : {
          "$ref" : "#/definitions/applicationArea"
        },
        "responseStatus" : {
          "$ref" : "#/definitions/respStatus_RDO"
        },
        "dataArea" : {
          "$ref" : "#/definitions/validateCorporateCustomerResponse_dataArea"
        }
      }
    },
    "updateCorporateCustomerRequest" : {
      "type" : "object",
      "properties" : {
        "applicationArea" : {
          "$ref" : "#/definitions/applicationArea"
        },
        "securityArea" : {
          "$ref" : "#/definitions/securityArea"
        },
        "dataArea" : {
          "$ref" : "#/definitions/updateCorporateCustomerRequestDetails"
        }
      }
    },
    "updateCorporateCustomerRequestDetails" : {
      "type" : "object",
      "required" : [ "GCIF", "UserID" ],
      "properties" : {
        "GCIF" : {
          "type" : "string",
          "example" : "GCIFID123",
          "description" : "Logical entity name associated with corporate user"
        },
        "UserID" : {
          "type" : "string",
          "example" : "TESTLOGIN123",
          "description" : "Unique Id assocaited with logged in user."
        },
        "activationFlag" : {
          "type" : "string",
          "example" : "E",
          "description" : "It denote the status of the user to be upated. Enable / Disable are the possible user status"
        }
      }
    },
    "updateCorporateCustomerResponse" : {
      "type" : "object",
      "properties" : {
        "applicationArea" : {
          "$ref" : "#/definitions/applicationArea"
        },
        "responseStatus" : {
          "$ref" : "#/definitions/respStatus_RDO"
        },
        "dataArea" : {
          "$ref" : "#/definitions/updateCorporateCustomerResponse_dataArea"
        }
      }
    },
    "respStatus_RDO" : {
      "type" : "object",
      "properties" : {
        "status" : {
          "type" : "string",
          "description" : "Response Status. Values - SUCCESS/ERROR/WARNING",
          "example" : "SUCCESS"
        },
        "statusMessage" : {
          "type" : "string",
		  "description" : "Status of the message",
          "example" : "SUCCESS/ERROR/WARNING"
        },
        "errorDetails" : {
          "type" : "array",
          "items" : {
            "$ref" : "#/definitions/errorDetails_RDO"
          }
        }
      }
    },
    "errorDetails_RDO" : {
      "type" : "object",
      "properties" : {
        "errorCode" : {
          "type" : "string",
          "description": "Code that defines the reason for the error. It is alphanumeric",
          "example": "SYS9999"
        },
        "errorDesc" : {
          "type" : "string",
          "description": "Details of the exception that has occurred",
          "example": "Technical Error in Interface"
        }
      }
    },
    "validateCorporateCustomerResponse_dataArea" : {
      "properties" : {
        "GCIF" : {
          "type" : "string",
          "example" : "GCIFID123",
          "description" : "Logical entity name associated with corporate user"
        },
        "UserID" : {
          "type" : "string",
          "example" : "TESTUSER123",
          "description" : "unique Id assocaited with logged in user."
        },
        "mobile" : {
          "type" : "string",
          "example" : "50XXXX311",
          "description" : "Mobile number associated with logged in user."
        },
        "emailID" : {
          "type" : "string",
          "example" : "test@bankfab.com",
          "description" : "email Id assocaitd with logged in user."
        },
        "userStatus" : {
          "type" : "string",
          "example" : "Active",
          "description" : "it represent the current status of  logged in user. Active / Inactive  / Closed are possible status"
        },
        "isMobileAllowed" : {
          "type" : "string",
          "example" : "yes",
          "description" : "It denotes whether logged in user is authorized to access the Mobile Channel"
        },
        "userName" : {
          "type" : "string",
          "example" : "TESTUSER",
          "description" : "Logged in user name with combination of first , Middle, Last name ."
        }
      }
    },
    "updateCorporateCustomerResponse_dataArea" : {
      "properties" : {
        "status" : {
          "type" : "string",
          "example" : "success/failure"
        }
      }
    },
    "CustomerEntitlementRequest_dataAreaCustomerEntitlementReq" : {
      "properties" : {
        "globalCustomerNumber" : {
          "type" : "string",
          "example" : "GCIFNAME",
          "description" : "Gloabl Customer ID created by bank on bhealf of corporate customer for  entity setup process"
        },
        "userId" : {
          "type" : "string",
          "example" : "TESTUSERID",
          "description" : "unique Id assocaited with logged in user."
        }
      }
    },
    "CustomerEntitlementResponse_dataAreaCustomerEntitlementRes" : {
      "properties" : {
        "entitlements" : {
          "$ref" : "#/definitions/Entitlements"
        }
      }
    }
  }
}