{
  "swagger" : "2.0",
  "info" : {
    "description" : "Handles additional card services for a Prepaid card product. This includes the intial set up of the card and updates for the product ",
    "version" : "2.0.0",
    "title" : "Prepaid Card Operations"
  },
  "host" : "api.bankfab.com",
  "basePath" : "/arrangement/prepaidcard/v2",
  "schemes" : [ "https" ],
  "consumes" : [ "application/json" ],
  "produces" : [ "application/json" ],
  "paths" : {
    "/create" : {
      "post" : {
        "tags" : [ "Additional-Card-Services" ],
        "description" : "Service to Request Prepaid Card from External Systems",
        "summary" : "Create New Prepaid Card",
        "operationId" : "createPrepaidCard",
        "parameters" : [ {
          "in" : "body",
          "name" : "createPrepaidCardRequest",
          "description" : "To Create New Prepaid Card Request",
          "required" : false,
          "schema" : {
            "$ref" : "#/definitions/CreatePrepaidCardRequest"
          }
        } ],
        "responses" : {
          "200" : {
            "description" : "Create Prepaid Card Response",
            "schema" : {
              "$ref" : "#/definitions/CreatePrepaidCardResponse"
            }
          },
          "default" : {
            "description" : "Unexpected error",
            "schema" : {
              "$ref" : "#/definitions/ErrorResponse"
            }
          }
        }
      }
    },
    "/details/send" : {
      "post" : {
        "tags" : [ "Additional-Card-Services" ],
        "summary" : "Send Prepaid Card Details",
        "description" : "Service to Send Prepaid Card Details to External Systems",
        "operationId" : "sendPrepaidCardDetails",
        "parameters" : [ {
          "in" : "body",
          "name" : "sendPrepaidCardDetailsRequest",
          "description" : "Send Prepaid Card Status Update Request",
          "required" : false,
          "schema" : {
            "$ref" : "#/definitions/SendPrepaidCardDetailsRequest"
          }
        } ],
        "responses" : {
          "200" : {
            "description" : "Send Prepaid Card Status Update Response",
            "schema" : {
              "$ref" : "#/definitions/CommonResponse"
            }
          },
          "default" : {
            "description" : "Unexpected error",
            "schema" : {
              "$ref" : "#/definitions/ErrorResponse"
            }
          }
        }
      }
    },
    "/status/update" : {
      "post" : {
        "tags" : [ "Additional-Card-Services" ],
        "summary" : "Update Prepaid Card Status",
        "description" : "Service to update prepaid card status in Card Management System",
        "operationId" : "updatePrepaidCardStatus",
        "parameters" : [ {
          "in" : "body",
          "name" : "updatePrepaidCardStatusRequest",
          "description" : "Update Prepaid Card Status Request",
          "required" : false,
          "schema" : {
            "$ref" : "#/definitions/CardStatusUpdateRequest"
          }
        } ],
        "responses" : {
          "200" : {
            "description" : "Update Prepaid Card Status Response",
            "schema" : {
              "$ref" : "#/definitions/CommonResponse"
            }
          },
          "default" : {
            "description" : "Unexpected error",
            "schema" : {
              "$ref" : "#/definitions/ErrorResponse"
            }
          }
        }
      }
    },
    "/status/update/send" : {
      "post" : {
        "tags" : [ "Additional-Card-Services" ],
        "summary" : "Update Card Status",
        "description" : "Service to Send Prepaid Card Status Update to External Systems",
        "operationId" : "sendPrepaidCardStatusUpdate",
        "parameters" : [ {
          "in" : "body",
          "name" : "sendPrepaidCardStatusUpdateRequest",
          "description" : "Send Prepaid Card Status Update Request",
          "required" : false,
          "schema" : {
            "$ref" : "#/definitions/CardStatusUpdateRequest"
          }
        } ],
        "responses" : {
          "200" : {
            "description" : "Send Prepaid Card Status Update Response",
            "schema" : {
              "$ref" : "#/definitions/CommonResponse"
            }
          },
          "default" : {
            "description" : "Unexpected error",
            "schema" : {
              "$ref" : "#/definitions/ErrorResponse"
            }
          }
        }
      }
    },
    "/details/update" : {
      "post" : {
        "tags" : [ "Additional-Card-Services" ],
        "summary" : "Update Customer Contact Details",
        "description" : "Service to update prepaid card customer contact details like mobile, email, address and Emirates ID",
        "operationId" : "updatePrepaidCardContactDetails",
        "consumes" : [ "application/json" ],
        "produces" : [ "application/json" ],
        "parameters" : [ {
          "in" : "body",
          "name" : "updatePrepaidCardContactDetailsRequest",
          "description" : "Update PrepaidCard Contact Details Request",
          "required" : false,
          "schema" : {
            "$ref" : "#/definitions/UpdateContactDetailsRequest"
          }
        } ],
        "responses" : {
          "200" : {
            "description" : "Update Contact Details Response",
            "schema" : {
              "$ref" : "#/definitions/UpdateContactDetailsResponse"
            }
          },
          "default" : {
            "description" : "Unexpected error",
            "schema" : {
              "$ref" : "#/definitions/ErrorResponse"
            }
          }
        }
      }
    }
  },
  "definitions" : {
    "errorDetails_RDO" : {
      "type" : "object",
      "required" : [ "errorCode", "errorDesc" ],
      "properties" : {
        "errorCode" : {
          "type" : "string",
          "description": "Code that defines the reason for the error. It is alphanumeric",
          "example": "SYS9999"
        },
        "errorDesc" : {
          "type" : "string",
          "description": "Details of the exception that has occurred",
          "example": "Technical Error in Interface"
        }
      }
    },
    "Identity_RDO" : {
      "type" : "object",
      "properties" : {
        "identityType" : {
          "type" : "string",
		  "description": "Customer Identity document,1-PASSPORT,4-LABOUR CARD,5-NATIONAL ID",
          "example": "5"
        },
        "identityNumber" : {
          "type" : "string",
		  "description": "Identity Number of the Identity Document",
          "example": "784YYYYXXXXXXXX"
        },
        "identityExpiryDate" : {
          "type" : "string",
          "format" : "date",
		  "description": "Expiry Date of the Identity Document, DD/MM/YYYY",
          "example": "DD/MM/YYYY"
        },
        "identityIssuedCountry" : {
          "type" : "string",
		  "description": "Country which has Issued the Identity Document, 2 Digit ISO Alpha code of the Country",
          "example": "AE"
        }
      }
    },
    "CreatePrepaidCardResponse_RDO" : {
      "type" : "object",
      "properties" : {
        "applicationId" : {
          "type" : "string",
		  "description": "Application ID Generated and sent to External System",
          "example": "6767876876876"
        }
      }
    },
    "Phone_RDO" : {
      "type" : "object",
      "properties" : {
        "phoneNumber" : {
          "type" : "string",
		  "description": "Phone Number of the Card Holder for whom Prepaid Card is requested",
          "example": "012XXXXXXX"
        },
        "phoneType" : {
          "type" : "string"
        }
      }
    },
    "Address_RDO" : {
      "type" : "object",
      "properties" : {
        "addressType" : {
          "type" : "string"
        },
        "addressLine1" : {
          "type" : "string",
		  "description": "Address of the card holder",
          "example": "H No 123, ABC Street"
        },
        "addressLine2" : {
          "type" : "string",
		  "description": "Address of the card holder",
          "example": "Sample Street"
        },
        "addressLine3" : {
          "type" : "string",
		  "description": "Address of the card holder",
          "example": "Sample Street"
        },
        "addressLine4" : {
          "type" : "string",
		  "description": "Address of the card holder",
          "example": "Sample Street"
        },
        "city" : {
          "type" : "string",
		  "description": "City of the card holder",
          "example": "City"
        },
        "state" : {
          "type" : "string",
		  "description": "Emirate of the card holder",
          "example": "Sample Emirate"
        },
        "country" : {
          "type" : "string",
		  "description": "Country of the card holder,2 Digit ISO Alpha code of the Country",
          "example": "AE"
        },
        "postalCode" : {
          "type" : "string"
        }
      }
    },
    "Product_RDO" : {
      "type" : "object",
      "properties" : {
        "productCode" : {
          "type" : "string"
        },
        "productDescription" : {
          "type" : "string"
        }
      }
    },
    "CreatePrepaidCardRequest_RDO" : {
      "type" : "object",
      "properties" : {
        "customerType" : {
          "type" : "string",
          "description":"Customer Type to whom the Card is requested,I-INDIVIDUAL,C-CORPORATE,J-GOVERNMENT,N-BANKS,F-JOINT,M-NBAD DIVISION BRANCH,L-NON PROFIT ENTITY,D-PARTNERSHIP,O-PRIVATE COMPANY CO,H-PRIVATE COMPANY SM,P-PRIVATE COMPANY-FINA,E-PUBLIC SECTOR COMPAN,G-PUBLIC SECTOR FINANC",
          "example":"Individual/ Corporate"
        },
        "isArrowRegistered" : {
          "type" : "boolean",
          "description":"Registered for performing arrow transactions",
          "example":"Yes/ No"
        },
        "isDocumentsVerified" : {
          "type" : "boolean",
          "description":"Document verification is done",
          "example":"Yes/ No"
        },
        "prefixTitle" : {
          "type" : "string",
          "description":"Title Prefix",
          "example":"Mr"
        },
        "firstName" : {
          "type" : "string",
           "description":"First Name of the card holder whose details are requested (in English)",
          "example":"First"
        },
        "middleName" : {
          "type" : "string",
          "description":"Middle Name of the card holder whose details are requested (in English)",
          "example":"Middle"
        },
        "lastName" : {
          "type" : "string",
          "description":"Last Name of the card holder whose details are requested (in English)",
          "example":"Last"
        },
        "embossedName" : {
          "type" : "string",
          "description":"Card holder Embossed Name",
          "example":"Embossed Name"
        },
        "birthDate" : {
          "type" : "string",
          "format" : "date",
          "description":"Date of birth of the card holder",
          "example":"DD-MM-YYYY"
        },
        "nationality" : {
          "type" : "string",
          "description":"Card holder's Nationality",
          "example":"Indian"
        },
        "emirate" : {
          "type" : "string",
          "description":"Emirate in which the card holder resides",
          "example":"Abu Dhabi"
        },
        "address" : {
          "type" : "array",
          "items" : {
            "$ref" : "#/definitions/Address_RDO"
          }
        },
        "contactPoints" : {
          "type" : "array",
          "items" : {
            "$ref" : "#/definitions/ContactPoint_RDO"
          }
        },
        "identity" : {
          "type" : "array",
          "items" : {
            "$ref" : "#/definitions/Identity_RDO"
          }
        },
        "products" : {
          "type" : "array",
          "items" : {
            "$ref" : "#/definitions/Product_RDO"
          }
        }
      }
    },
    "ApplicationArea_RDO" : {
      "type" : "object",
      "required" : [ "senderId", "transactionDateTime", "transactionId" ],
      "properties" : {
        "correlationId" : {
          "type" : "string",
          "description": "Unique identifier used for identifying the transaction lifecycle",
          "example": "123DEFG89"
        },
        "countryOfOrigin" : {
          "type" : "string",
          "minLength" : 2,
          "maxLength" : 2,
          "example": "AE"
        },
        "creationDateTime" : {
          "type" : "string",
          "format" : "date-time",
          "description": "Creation date of the service in ISO 8601 YYYY-MM-DDTHH:MM:SS:sssZ format. This is an optional field"
        },
        "interfaceID" : {
          "type" : "string",
          "description": "Logical reference of the Interface that intiated the service. This is an optional field",
          "example": ""
        },
        "requiredExecutionDate" : {
          "type" : "string",
          "format" : "date-time",
          "description": "Date on which the transaction needs to be actually posted in ISO 8601 YYYY-MM-DDTHH:MM:SS:sssZ format. This is an optional field"
        },
        "senderUserId" : {
          "type" : "string",
          "description": "Sender's User ID. Information about a user who has initiated the transaction",
          "example": ""
        },
        "senderBranchId" : {
          "type" : "string",
          "description": "Sender's Branch ID. Information about a user who has initiated the transaction",
          "example": ""
        },
        "senderId" : {
          "type" : "string",
          "description": "Unique identification for the consumer. This will be agreed by Service owner at the time of setup. It will need to be passed in all requests",
          "example": "MOB"
        },
        "transactionDateTime" : {
          "type" : "string",
          "format" : "date-time",
          "description" : "The data and time the request is initiated in ISO 8601 format: YYYY-MM-DDTHH:MM:SS:sssZ"
        },
        "transactionId" : {
          "type" : "string",
          "example" : "WLT1254378DEFG",
          "description" : "Unique transaction reference id assigned by the Sender to identify the message"
        },
        "transactionTimeZone" : {
          "type" : "string",
          "description" : "Timezone in which transaction is initiated",
          "example" : ""
        },
        "senderAuthorizationID" : {
          "type" : "string",
          "description" : "Identification of the Authorizer who has authorized the transaction. This is an optional field",
          "example" : ""
        },
        "senderReferenceID" : {
          "type" : "string",
          "description" : "Reference ID from Sender to identify the event that cause the service invocation. This is an optional field",
          "example" : ""
        },
        "senderAuthorizationComments" : {
          "type" : "string",
          "description" : "Comments of the Authorizer on authorizing the transaction. This is an optional field",
          "example" : ""
        },
        "language" : {
          "type" : "string",
          "description" : "Language",
          "example" : "EN"
        }
      }
    },
    "responseStatus_RDO" : {
      "type" : "object",
      "required" : [ "status" ],
      "properties" : {
        "status" : {
          "type" : "string",
          "description" : "Response Status",
          "enum" : [ "SUCCESS", "ERROR", "WARNING" ],
          "example" : "SUCCESS"
        },
        "errorDetails" : {
          "type" : "array",
          "items" : {
            "$ref" : "#/definitions/errorDetails_RDO"
          }
        }
      }
    },
    "ErrorResponse" : {
      "type" : "object",
      "properties" : {
        "applicationArea" : {
          "$ref" : "#/definitions/ApplicationArea_RDO"
        },
        "responseStatus" : {
          "$ref" : "#/definitions/responseStatus_RDO"
        }
      }
    },
    "CardStatusUpdateRequest_RDO" : {
      "type" : "object",
      "properties" : {
        "cardId" : {
          "type" : "string",
		  "description":"Card ID assigned to the card",
          "example":"M1XXXXXXXXXX"
        },
        "cardNumber" : {
          "type" : "string",
		  "description":"Card Number whose status needs to be updated",
          "example":"521314XXXXXX8939"
        },
        "statusCode" : {
          "type" : "string",
		  "description":"Status which needs to be set on the card. Valid Values - 1-INACTIVE,2-ACTIVE,3-HOT,4-WARM,5-STOLEN,6-CLOSED,7-LOST,8-BLOCKED BY CUSTOMER,9-REPLACED,10-SUSPICIOUS TRANSACTION,11-CARD AT POTENTIAL RISK,12-DESTROYED,13-BLOCKED BY BANK,14-UNDER RENEWAL,15-EXPIRED",
          "example":"5"
        },
        "statusChangeDateTime" : {
          "type" : "string",
          "format" : "date-time,DD-MM-YYYY"
        },
        "productCode" : {
          "type" : "string"
        }
      }
    },
    "CardStatusUpdateRequest" : {
      "type" : "object",
      "required" : [ "applicationArea", "dataArea" ],
      "properties" : {
        "applicationArea" : {
          "$ref" : "#/definitions/ApplicationArea_RDO"
        },
        "dataArea" : {
          "$ref" : "#/definitions/CardStatusUpdateRequest_RDO"
        }
      }
    },
    "CreatePrepaidCardResponse" : {
      "type" : "object",
      "required" : [ "responseStatus" ],
      "properties" : {
        "applicationArea" : {
          "$ref" : "#/definitions/ApplicationArea_RDO"
        },
        "responseStatus" : {
          "$ref" : "#/definitions/responseStatus_RDO"
        },
        "dataArea" : {
          "$ref" : "#/definitions/CreatePrepaidCardResponse_RDO"
        }
      }
    },
    "PrepaidCardDetails_RDO" : {
      "type" : "object",
      "properties" : {
        "customerType" : {
          "type" : "string",
		  "description":"Customer Type to whom the Card is requested,I-INDIVIDUAL,C-CORPORATE,J-GOVERNMENT,N-BANKS,F-JOINT,M-NBAD DIVISION BRANCH,L-NON PROFIT ENTITY,D-PARTNERSHIP,O-PRIVATE COMPANY CO,H-PRIVATE COMPANY SM,P-PRIVATE COMPANY-FINA,E-PUBLIC SECTOR COMPAN,G-PUBLIC SECTOR FINANC",
          "example":"Individual/ Corporate"
        },
        "isArrowRegistered" : {
          "type" : "boolean",
		  "description":"Registered for performing arrow transactions",
          "example":"Yes/ No"
        },
        "isDocumentsVerified" : {
          "type" : "boolean",
		  "description":"Document verification is done",
          "example":"Yes/ No"
        },
        "prefixTitle" : {
          "type" : "string",
		  "description":"Title Prefix",
          "example":"Mr"
        },
        "firstName" : {
          "type" : "string",
		  "description":"First Name of the card holder whose details are requested (in English)",
          "example":"First Name"
        },
        "middleName" : {
          "type" : "string",
		  "description":"Middle Name of the card holder whose details are requested (in English)",
          "example":"Middle Name"
        },
        "lastName" : {
          "type" : "string",
		  "description":"Last Name of the card holder whose details are requested (in English)",
          "example":"Last Name"
        },
        "embossedName" : {
          "type" : "string",
		  "description":"Card holder Embossed Name",
          "example":"Embossed Name"
        },
        "birthDate" : {
          "type" : "string",
          "format" : "date",
		  "description":"Date of birth of the card holder",
          "example":"DD-MM-YYYY"
        },
        "nationality" : {
          "type" : "string",
		  "description":"Card holder's Nationality",
          "example":"Indian"
        },
        "applicationId" : {
          "type" : "string",
		  "description":"Application ID which is generated by system ",
          "example":"123456789"
        },
        "applicationStatus" : {
          "type" : "string"
        },
        "oldCardId" : {
          "type" : "string",
		  "description":"OLD Card ID value against which the new card is issued",
          "example":"M1XXXXXXXX"
        },
        "cardId" : {
          "type" : "string",
		  "description":"New card ID value",
          "example":"M1XXXXXXXX"
        },
        "cardNumber" : {
          "type" : "string",
		  "description":"Card number",
          "example":"533191XXXXXX4521"
        },
        "address" : {
          "type" : "array",
          "items" : {
            "$ref" : "#/definitions/Address_RDO"
          }
        },
        "contactPoints" : {
          "type" : "array",
          "items" : {
            "$ref" : "#/definitions/ContactPoint_RDO"
          }
        },
        "identity" : {
          "type" : "array",
          "items" : {
            "$ref" : "#/definitions/Identity_RDO"
          }
        },
        "products" : {
          "type" : "array",
          "items" : {
            "$ref" : "#/definitions/Product_RDO"
          }
        }
      }
    },
    "ContactPoint_RDO" : {
      "type" : "object",
      "properties" : {
        "contactType" : {
          "type" : "string",
          "description": "Contact Type",
          "example": ""
        },
        "mobileNumber" : {
          "type" : "string",
          "description": "Mobile Number",
          "example": ""
        },
        "phoneNumber" : {
          "type" : "string",
          "description": "Phone Number",
          "example": ""
        },
        "email" : {
          "type" : "string",
          "description": "Email Address",
          "example": ""
        },
        "fax" : {
          "type" : "string",
          "description": "Fax Number",
          "example": ""
        }
      }
    },
    "CreatePrepaidCardRequest" : {
      "type" : "object",
      "required" : [ "applicationArea", "dataArea" ],
      "properties" : {
        "applicationArea" : {
          "$ref" : "#/definitions/ApplicationArea_RDO"
        },
        "dataArea" : {
          "$ref" : "#/definitions/CreatePrepaidCardRequest_RDO"
        }
      }
    },
    "SendPrepaidCardDetailsRequest" : {
      "type" : "object",
      "required" : [ "applicationArea", "dataArea" ],
      "properties" : {
        "applicationArea" : {
          "$ref" : "#/definitions/ApplicationArea_RDO"
        },
        "dataArea" : {
          "$ref" : "#/definitions/PrepaidCardDetails_RDO"
        }
      }
    },
    "UpdateContactDetailsRequest" : {
      "type" : "object",
      "properties" : {
        "applicationArea" : {
          "$ref" : "#/definitions/ApplicationArea_RDO"
        },
        "dataArea" : {
          "$ref" : "#/definitions/UpdateContactDetails_RDO"
        }
      }
    },
    "UpdateContactDetails_RDO" : {
      "type" : "object",
      "required" : [ "changeFlag" ],
      "properties" : {
        "changeFlag" : {
          "type" : "string"
        },
        "cardNumber" : {
          "type" : "string",
		  "description":"Card Number",
          "example":"521314XXXXXX8939"
        },
        "phone" : {
          "$ref" : "#/definitions/Phone_RDO"
        },
        "address" : {
          "$ref" : "#/definitions/Address_RDO"
        },
        "email" : {
          "type" : "string",
          "description": "Email Address",
          "example": ""
        }
      }
    },
    "UpdateContactDetailsResponse" : {
      "type" : "object",
      "properties" : {
        "applicationArea" : {
          "$ref" : "#/definitions/ApplicationArea_RDO"
        },
        "responseStatus" : {
          "$ref" : "#/definitions/responseStatus_RDO"
        }
      }
    },
    "CommonResponse" : {
      "type" : "object",
      "required" : [ "responseStatus" ],
      "properties" : {
        "applicationArea" : {
          "$ref" : "#/definitions/ApplicationArea_RDO"
        },
        "responseStatus" : {
          "$ref" : "#/definitions/responseStatus_RDO"
        }
      }
    }
  }
}