{
  "swagger": "2.0",
  "info": {
    "description": "This service domain caters to processing cheques",
    "version": "1.0.0",
    "title": "Cheque Accounting"
  },
  "host": "api.bankfab.com",
  "basePath": "/arrangement/cheque/v1/",
  "schemes": [
    "https",
    "http"
  ],
  "produces": [
    "application/json"
  ],
  "paths": {
    "/status/enquiry": {
      "post": {
        "tags": [
          "Cheque-Services"
        ],
        "summary": "Retrieve Cheque Status Details",
        "description": "Retrieve cheque status details based on account number and cheque number.",
        "operationId": "getChequeStatusDetails",
        "parameters": [
          {
            "in": "body",
            "name": "body",
            "description": "The request body for the operation",
            "required": true,
            "schema": {
              "$ref": "#/definitions/getChequeStatusRequest"
            }
          }
        ],
        "responses": {
          "200": {
            "description": "Get Transaction Details",
            "schema": {
              "$ref": "#/definitions/getChequeStatusResponse"
            }
          }
        }
      }
    },
    "/status/update": {
      "post": {
        "tags": [
          "Cheque-Services"
        ],
        "summary": "Update Cheque Status Details",
        "description": "Updates cheque status details based on account number and cheque number.",
        "operationId": "updateChequeStatusDetails",
        "parameters": [
          {
            "in": "body",
            "name": "body",
            "description": "The request body for the operation",
            "required": true,
            "schema": {
              "$ref": "#/definitions/updateChequeStatusRequest"
            }
          }
        ],
        "responses": {
          "200": {
            "description": "Get Transaction Details",
            "schema": {
              "$ref": "#/definitions/updateChequeStatusResponse"
            }
          }
        }
      }
    },
    "/QRCode/validate": {
      "post": {
        "tags": [
          "Cheque-Services"
        ],
        "summary": "Validate cheque QR code details",
        "description": "Validates the cheque QR code details based on account number and cheque number.",
        "operationId": "validateQRCodeDetails",
        "parameters": [
          {
            "in": "body",
            "name": "body",
            "description": "The request body for the operation",
            "required": true,
            "schema": {
              "$ref": "#/definitions/validateQRCodeStatusRequest"
            }
          }
        ],
        "responses": {
          "200": {
            "description": "Get Transaction Details",
            "schema": {
              "$ref": "#/definitions/validateQRCodeStatusResponse"
            }
          }
        }
      }
    },
    "/image/retrieve": {
      "post": {
        "tags": [
          "Cheque-Services"
        ],
        "summary": "Retrieves the cheque image",
        "description": "Retrieves the cheque image details based on account number and cheque number.",
        "operationId": "chequeImageRetrieval",
        "parameters": [
          {
            "in": "body",
            "name": "body",
            "description": "The request body for the operation",
            "required": true,
            "schema": {
              "$ref": "#/definitions/getChequeImageRequest"
            }
          }
        ],
        "responses": {
          "200": {
            "description": "Get Cheque Image Details",
            "schema": {
              "$ref": "#/definitions/getChequeImageResponse"
            }
          }
        }
      }
    }
  },
  "definitions": {
    "applicationArea": {
      "type": "object",
      "required": [
        "correlationId",
        "countryOfOrigin",
        "transactionDateTime",
        "transactionId"
      ],
      "properties": {
        "correlationId": {
          "type": "string",
          "description": "Unique identifier used for identifing the transaction lifecycle",
          "example": "1234DEFG89"
        },
        "countryOfOrigin": {
          "type": "string",
          "minLength": 2,
          "maxLength": 2,
          "example": "AE",
          "description": "Country of origination of the request. The representation is in ISO 3166 country codes in two bytes format"
        },
        "creationDateTime": {
          "type": "string",
          "format": "date-time",
          "description": "Creation date of the service in ISO 8601 YYYY-MM-DD HH:MM :SS format. This is an optional field"
        },
        "interfaceID": {
          "type": "string",
          "description": "Logical reference of the Interface that intiated the service. This is an optional field",
          "example": ""
        },
        "requiredExecutionDate": {
          "type": "string",
          "format": "date-time",
          "description": "Date on which the transaction needs to be actually posted in ISO 8601 YYYY-MM-DD HH:MM:SS format. This is an optional field"
        },
        "senderUserId": {
          "type": "string",
          "description": "Sender's User ID. Information about a user who has initiated the transaction",
          "example": "AMO12345"
        },
        "senderBranchId": {
          "type": "string",
          "description": "Sender's Branch ID. Information about a user who has initiated the transaction",
          "example": ""
	 },
        "senderId": {
          "type": "string",
          "description": "Unique identification for the consumer. This will be agreed by Service owner at the time of setup. It will need to be passed in all requests",
          "example": "MOB"
         },
        "transactionDateTime": {
          "type": "string",
          "format": "date-time",
          "description": "The data and time the request is initiated in ISO 8601 format YYYY-MM-DD HH:MM :SS format"
        },
        "transactionId": {
          "type": "string",
          "description": "Unique reference id assigned by the Sender to identify the transaction",
          "example": "WLT1254378DEFG"
        },
        "transactionTimeZone": {
          "type": "string",
          "example": "",
          "description": "Timezone in which transaction is initiated"
        },
        "senderReferenceId": {
          "type": "string",
          "description": "Reference ID from Sender to identify the event that cause the service invocation. This is an optional field",
          "example": ""
        }
      }
    },
    "respStatus_RDO": {
      "type": "object",
      "properties": {
        "status": {
          "type": "string",
          "example": "SUCCESS/ERROR/WARNING"
        },
        "statusMessage": {
          "type": "string",
          "example": "SUCCESS/ERROR/WARNING"
        },
        "errorDetails": {
          "type": "array",
          "items": {
            "$ref": "#/definitions/errorDetails_RDO"
          }
        }
      }
    },
    "errorDetails_RDO": {
      "type": "object",
      "properties": {
        "errorCode": {
          "type": "string",
          "example": "SYS001",
          "description": "Code that defines the reason for the error. It is alphanumeric"
        },
        "errorDesc": {
          "type": "string",
          "description": "Details of the exception that has occured",
          "example": "Technical Error in Interface"
        }
      }
    },
    "getChequeStatusRequest": {
      "type": "object",
      "properties": {
        "applicationArea": {
          "$ref": "#/definitions/applicationArea"
        },
        "dataArea": {
          "$ref": "#/definitions/getChequeStatusRequest_dataArea"
        }
      }
    },
    "getChequeStatusRequest_dataArea": {
      "properties": {
        "accountIdentifier": {
          "type": "string",
          "description": "T24 Customer Account number for which the cheques are issued",
          "example": "12XXXXXXXXXXXX20"
        },
        "accountingUnitIdentifier": {
          "type": "string",
          "description": "Company code of the Account number (Islamic/Coventional)",
          "example": "AEXX1XXX1"
        },
        "chequeStartNumber": {
          "type": "string",
          "description": "Cheque number series issued to the customer for a specific account number start series",
          "example": "DDD011"
        },
        "numberOfCheques": {
          "type": "string",
          "description": "Number of Cheque leaves issued based on which the series are derived",
          "example": "50"
        }
      }
    },
    "getChequeStatusResponse": {
      "type": "object",
      "properties": {
        "applicationArea": {
          "$ref": "#/definitions/applicationArea"
        },
        "responseStatus": {
          "$ref": "#/definitions/respStatus_RDO"
        },
        "dataArea": {
          "$ref": "#/definitions/getChequeStatusResponse_dataArea"
        }
      }
    },
    "getChequeStatusResponse_dataArea": {
      "properties": {
        "chequeBookRequestStatus": {
          "type": "array",
          "items": {
            "$ref": "#/definitions/chequeStatusDetailsResponseObject"
          }
        }
      }
    },
    "chequeStatusDetailsResponseObject": {
      "type": "object",
      "properties": {
        "accountIdentifier": {
          "type": "string",
          "description": "T24 Customer Account number for which the cheques are issued",
          "example": "12XXXXXXXXXXXX20"
        },
        "chequeNumber": {
          "type": "string",
          "description": "cheque Number which is derived based on the cheque series and number of cheques and each cheque number details will be sent as a multivalue",
          "example": "2DDDD3"
        },
        "chequeStatus": {
          "type": "string",
          "description": "cheque status for each cheque Number which is derived based on the cheque series and number of cheques  with the possible values as REQUESTED or CHEQUES RECEIVED or ISSUED or CANCELLED or ACKNOWLEDGED or INVALID",
          "example": "ISSUED"
        }
      }
    },
    "updateChequeStatusRequest": {
      "type": "object",
      "properties": {
        "applicationArea": {
          "$ref": "#/definitions/applicationArea"
        },
        "dataArea": {
          "$ref": "#/definitions/updateChequeStatusRequest_dataArea"
        }
      }
    },
    "validateQRCodeStatusRequest": {
      "type": "object",
      "properties": {
        "applicationArea": {
          "$ref": "#/definitions/applicationArea"
        },
        "dataArea": {
          "$ref": "#/definitions/validateQRCodeStatusRequest_dataArea"
        }
      }
    },
    "validateQRCodeStatusRequest_dataArea": {
      "properties": {
        "chequeData": {
          "type": "array",
          "items": {
            "$ref": "#/definitions/chequeData_QRCode"
          }
        }
      }
    },
    "updateChequeStatusRequest_dataArea": {
      "properties": {
        "accountIdentifier": {
          "type": "string",
          "description": "T24 Customer Account number for which the cheques are issued",
          "example": "12XXXXXXXXXXXX20"
        },
        "accountingUnitIdentifier": {
          "type": "string",
          "description": "Company where the account and the cheque number belongs",
          "example": "AEXX1XXX1"
        },
        "chequeDetails": {
          "$ref": "#/definitions/chequeDetails_RDO"
        }
      }
    },
    "chequeData_QRCode": {
      "properties": {
        "chequeNumber": {
          "type": "string",
          "description": "T24 Cheque number present in the Cheque leaf",
          "example": "20XX03"
        },
        "accountIdentifier": {
          "type": "string",
          "description": "Account number for which the cheque is issued for",
          "example": "95XXXXXX03"
        },
        "amount": {
          "type": "string",
          "description": "Amount captured in the deposited Cheque",
          "example": "2XX0"
        },
        "chequeDate": {
          "type": "string",
          "description": "Issue date of the Cheque will be captured here",
          "example": "YYYY-MM-DD"
        },
        "chequeReferenceNumber": {
          "type": "string",
          "description": "TBC",
          "example": "TBC"
        },
        "businessDate": {
          "type": "string",
          "description": "Date on which the Cheque is deposited in the Consumer System- ICCS",
          "example": "YYYY-MM-DD"
        },
        "routingCode": {
          "type": "string",
          "description": "Routing code of the presenting bank",
          "example": "123XXX789"
        },
        "bankName": {
          "type": "string",
          "description": "Name of the presenting bank where the cheque is deposited",
          "example": "ADCB"
        },
        "frontImage": {
          "type": "object",
          "description": "Front side image of the Cheque in Base64 format",
          "example": "Not provided as it is an image",
          "properties": {}
        },
        "backImage": {
          "type": "object",
          "description": "Back side image of the Cheque in Base64 format",
          "example": "Not provided as it is an image",
          "properties": {}
        }
      }
    },
    "chequeDetails_RDO": {
      "properties": {
        "chequeNumber": {
          "type": "string",
          "description": "T24 Cheque number present in the Cheque leaf",
          "example": "2XXX03"
        },
        "amount": {
          "type": "string",
          "description": "The Cheque Amount which is captured in the Cheque for withdrawal",
          "example": "2000"
        },
        "chequeDate": {
          "type": "string",
          "description": "Date of the Cheque which should be in the format of YYYYMMDD",
          "example": "YYYY-MM-DD"
        },
        "routingCode": {
          "type": "string",
          "description": "Qr Code/Routing code sent from the channel for the cheque through remote cheque processing ",
          "example": "902XX0108"
        },
        "beneficiaryName": {
          "type": "string",
          "description": "Name of the beneficiary customer who withdraws the cheque",
          "example": "AXXXl"
        },
        "qrCode": {
          "type": "string",
          "description": "Qr Code which is scanned and captured in ICCS based on the scanning the values are set which can be either 0-Not Applicable or 1-QR Verified or 2-QR Failed or 5 – Image Not Clear to Read",
          "example": "1"
        },
        "positivePay": {
          "type": "string",
          "description": "if the payment should be treated as a positive payment based on the cheque scanning and verification and the values possible are 3-Positive Pay verified or 4-Positive Pay Failed or 5-Image not clear to read",
          "example": "5"
        },
        "valueDate": {
          "type": "string",
          "description": "It denotes the payment date of the instrument.Date should be in YYYY-MM-DD format",
          "example": "YYYY-MM-DD"
        },
        "bookingDate": {
          "type": "string",
          "description": "It denotes the payment date of the instrument.Date should be in YYYY-MM-DD format",
          "example": "YYYY-MM-DD"
        },
        "debitCreditIndicator": {
          "type": "string",
          "description": "It indicates the flag of the account entireis . It can be either Credit or Debit",
          "example": "CR"
        }
      }
    },
    "updateChequeStatusResponse": {
      "type": "object",
      "properties": {
        "applicationArea": {
          "$ref": "#/definitions/applicationArea"
        },
        "responseStatus": {
          "$ref": "#/definitions/respStatus_RDO"
        }
      }
    },
    "validateQRCodeStatusResponse": {
      "type": "object",
      "properties": {
        "applicationArea": {
          "$ref": "#/definitions/applicationArea"
        },
        "responseStatus": {
          "$ref": "#/definitions/respStatus_RDO"
        },
        "dataArea": {
          "$ref": "#/definitions/validateQRCodeStatusResponse_dataArea"
        }
      }
    },
    "validateQRCodeStatusResponse_dataArea": {
      "properties": {
        "chequeData": {
          "type": "array",
          "items": {
            "$ref": "#/definitions/chequeDataResponse_QRCode"
          }
        }
      }
    },
    "chequeDataResponse_QRCode": {
      "properties": {
        "chequeNumber": {
          "type": "string",
          "description": "T24 Cheque number present in the Cheque leaf",
          "example": "20XX03"
        },
        "accountIdentifier": {
          "type": "string",
          "description": "Account number for which the cheque is issued for",
          "example": "95XXXXXX03"
        },
        "amount": {
          "type": "string",
          "description": "Amount captured in the deposited Cheque",
          "example": "2000"
        },
        "chequeDate": {
          "type": "string",
          "description": "Issue date of the Cheque will be captured here",
          "example": "YYYY-MM-DD"
        },
        "chequeReferenceNumber": {
          "type": "string",
          "description": "TBC",
          "example": "TBC"
        },
        "businessDate": {
          "type": "string",
          "description": "Date on which the Cheque is deposited in the Consumer System- ICCS",
          "example": "2019-06-24"
        },
        "routingCode": {
          "type": "string",
          "description": "Routing code of the presenting bank",
          "example": "123XX6789"
        },
        "bankName": {
          "type": "string",
          "description": "Name of the presenting bank where the cheque is deposited",
          "example": "ADCB"
        },
        "chequeRCPData": {
          "type": "string",
          "description": "If the cheque is RCP issued cheque then the value returned will be Yes otherwise the value returned will be No",
          "example": "Yes"
        },
        "chequeQRValidation": {
          "type": "string",
          "description": "If QRCode validated by RCP is successful then the value rturned will be Yes otherwise the value returned will be No",
          "example": "Yes"
        },
        "positivePayValidation": {
          "type": "string",
          "description": "If PositivePay (Beneficiary name & Amount) fields in the presented cheque matches RCP record then the field will have the value as Yes and if it is mismacthed then the field will have the value as No",
          "example": "Yes"
        },
        "statusCode": {
          "type": "string",
          "description": "In case of successful the value returned will be 00 and incase of failure it returns 99",
          "example": "00"
        },
        "statusDescription": {
          "type": "string",
          "description": "Based on Status code the value returned will be Success or Failure",
          "example": "Success"
        }
      }
    },
    "getChequeImageRequest": {
      "type": "object",
      "properties": {
        "applicationArea": {
          "$ref": "#/definitions/applicationArea"
        },
        "dataArea": {
          "$ref": "#/definitions/getChequeImageRequest_dataArea"
        }
      }
    },
    "getChequeImageRequest_dataArea": {
      "properties": {
        "accountIdentifier": {
          "type": "string",
          "description": "Account Number for which cheque details enquiry is required",
          "example": "12XXXXXXXXXXXX20"
        },
        "accountingUnitIdentifier": {
          "type": "string",
          "description": "Company code of the customer (Islamic/Coventional)",
          "example": "AEXX1XXX3"
        },
        "bankReferenceNumber": {
          "type": "string",
          "description": "Transaction posting reference number for the mentioned account  and  cheque number",
          "example": "TT1615XX2538"
        },
        "chequeDetails": {
          "$ref": "#/definitions/chequeDetails_RDO"
        }
      }
    },
    "getChequeImageResponse": {
      "type": "object",
      "properties": {
        "applicationArea": {
          "$ref": "#/definitions/applicationArea"
        },
        "responseStatus": {
          "$ref": "#/definitions/respStatus_RDO"
        },
        "dataArea": {
          "$ref": "#/definitions/getChequeImageResponse_dataArea"
        }
      }
    },
    "getChequeImageResponse_dataArea": {
      "type": "object",
      "properties": {
        "chequeNumber": {
          "type": "string",
          "description": "Cheque Number for which cheque image details are provided",
          "example": "010161"
        },
        "chequeFrontSideImage": {
          "type": "string",
          "description": "Image of the cheque-front side",
          "example": "Not provided as it is an image"
        },
        "chequeBackSideImage": {
          "type": "string",
          "description": "Image of the cheque-back side",
          "example": "Not provided as it is an image"
        }
      }
    }
  }
}