{
  "swagger": "2.0",
  "info": {
    "title": "Arrangement Deposit",
    "version": "1.0.0",
    "description": "Arrangement Deposit Services domain handles the set-up of consumer Term deposits"
  },
  "host": "api.bankfab.com",
  "schemes": [
    "https"
  ],
  "basePath": "/arrangement/deposit/v1",
  "paths": {
    "/termdeposit/record": {
      "post": {
        "tags":[
          "Term-Deposit-NotRequired"
        ],
        "operationId": "recordTermDepositArrangement",
        "summary": "Records a Term Deposit",
        "responses": {
          "200": {
            "description": "Record Term Deposit",
            "schema": {
              "$ref": "#/definitions/recordTermDepositArrangementResponse"
            }
          },
          "default": {
            "description": "Unexpected error",
            "schema": {
              "$ref": "#/definitions/Error"
            }
          }
        },
        "consumes": [
          "application/json"
        ],
        "produces": [
          "application/json"
        ],
        "description": "Record Term Deposit",
        "parameters": [
          {
            "name": "body",
            "in": "body",
            "schema": {
              "$ref": "#/definitions/deposit"
            },
            "description": "The request body for the operation",
            "required": true
          }
        ]
      }
    },
    "/termdeposit/create": {
      "post": {
        "tags":[
          "Term-Deposit"
        ],
        "operationId": "createTermDeposit",
        "summary": "Creates a Term Deposit",
        "responses": {
          "200": {
            "description": "This service is used to create the Term Deposit.",
            "schema": {
              "$ref": "#/definitions/createTermDepositResponse"
            }
          },
          "default": {
            "description": "Unexpected error",
            "schema": {
              "$ref": "#/definitions/Error"
            }
          }
        },
        "consumes": [
          "application/json"
        ],
        "produces": [
          "application/json"
        ],
        "description": "Creates a Term Deposit in Core Banking System",
        "parameters": [
          {
            "name": "body",
            "in": "body",
            "schema": {
              "$ref": "#/definitions/deposit"
            },
            "description": "The request body for the operation",
            "required": true
          }
        ]
      }
    }
  },
  "definitions": {
    "createTermDepositResponse": {
      "type": "object",
      "properties": {
        "responseStatus": {
          "$ref": "#/definitions/respStatus_RDO"
        },
        "deposit": {
          "$ref": "#/definitions/deposit"
        }
      }
    },
    "recordTermDepositArrangementResponse": {
      "type": "object",
      "properties": {
        "responseStatus": {
          "$ref": "#/definitions/respStatus_RDO"
        },
        "deposit": {
          "$ref": "#/definitions/deposit"
        }
      }
    },
    "deposit": {
      "type": "object",
      "properties": {
        "sourceAccountNumber": {
          "type": "string",
          "description": "Identifies the account number of the Drawdown Amount to be used on the Value Date, Deposit amount source account",
          "example": "12XXXXXXXXXXXX20"
        },
        "principalRedeemAccount": {
          "type": "string",
          "description": "Account number to which the principal amount will be credited on maturity",
          "example": "12XXXXXXXXXXXX20"
        },
        "interestRedeemAccount": {
          "type": "string",
          "description": "Account number to which the interest amount will be deposited on maturity",
          "example": "12XXXXXXXXXXXX20"
        },
        "customerIdentifier": {
          "type": "string",
          "description": "Unique identifier of the customer",
          "example": "2XXXXX8"
        },
        "depositAmount": {
          "type": "number",
          "description": "Amount deposited to the account",
          "example": "100,000.00"
        },
        "depositCurrency": {
          "type": "string",
          "description": "Currency of the Deposit Account",
          "example": "AED"
        },
        "tenor": {
          "type": "string",
          "description": "Term of the fixed deposit or This is first rollover date of the term deposit.",
          "example": "13M"
        },
        "renewOnMaturity": {
          "type": "string",
          "description": "Flags this contract to be rolled automatically on its Maturity Date.",
          "example": "Y"
        },
        "tenorOnMaturity": {
          "type": "string",
          "description": "The period for which the contract will be rolled for is defined in this field. The Term can be expressed as a Number of Days, Weeks or Months.",
          "example": "90D"
        },
        "rolloverTerm": {
          "type": "string",
          "description": "The period for which the contract will be rolled for is defined in this field. The Term can be expressed as a Number of Days, Weeks or Months.",
          "example": "90D"
        },
        "rolloverRate": {
          "type": "string",
          "description": "The new Interest Rate when the Contract is Rolled over is specified here.",
          "example": "P02B"
        },
        "renewWithInterest": {
          "type": "string",
          "description": "Flags the contract to Capitalize the interest every time it is rolled. If set to 'Y' the interest will be capitalized (added to the Principal) when the contract is rolled automatically",
          "example": "Y"
        },
        "interestRate": {
          "type": "number",
          "description": "Contains the annual interest rate applicable to the contract. For Fixed rate contracts, this is the rate used to calculate the interest accruals and the interest which will be credited to, or debited from, the customer",
          "example": "2.56"
        },
        "interestRateType": {
          "type": "string",
          "description": "Indicates the type of interest rate to be used for the contract. For Money Market operations, the following values are defined for the interest rate type field 1 = Fixed 3 = Floating",
          "example": "1"
        },
        "periodicInterestKey": {
          "type": "string",
          "description": "Periodic interest Key. Instead of interest rate, PI key can be sent in the request based on which T24 will default the interest rate.",
          "example": "02"
        },
        "dayCountBasis": {
          "type": "string",
          "description": "Indicates the calculation method to be used to generate the interest amount for each interest schedule, A = 360/360, B = 366/360,E = 366/365",
          "example": "E"
        },
        "openingDate": {
          "type": "string",
          "description": "Represents the actual day that the transaction was agreed between all parties to the contract.",
          "example": "20200415"
        },
        "accountingUnitIdentifier": {
          "type": "string",
          "description": "Company code of the customer (Islamic/Coventional)",
          "example": "AEXX1XXX1"
        },
        "additionalInformation": {
          "type": "string",
          "description": "Additional information of the deposit contract",
          "example": ""
        },
        "depositType": {
          "type": "string",
          "description": "Type of deposit to be opened, Consumer must pass deposit type as 'FIXED TERM' or 'FLOATING'.",
          "example": "FIXED TERM"
        },
        "externalSystem": {
          "$ref": "#/definitions/externalSystem"
        },
        "depositNumber": {
          "type": "string",
          "description": "Represents the reference number which uniquely identifies a particular deposit contract",
          "example": "MMXXXXXXXXX5"
        },
        "recordStatus": {
          "type": "string",
          "description": "Represents the status of the Deposit contract",
          "example": ""
        },
        "startDate": {
          "type": "string",
          "description": "Contains the value date of the contract and is therefore the date from which the system will start to accrue interest",
          "example": "20200415"
        },
        "category": {
          "type": "string",
          "description": "Represents the deposit product name and it's relation.",
          "example": "21020"
        },
        "maturityDate": {
          "type": "string",
          "description": "The date when the Fixed Deposit is due to mature. The Maturity Date is the date on which the deal will be liquidated. At liquidation, all the corresponding amounts of principal and interest will be passed to the appropriate accounts as designated within the transaction",
          "example": "20250415"
        }
      }
    },
    "externalSystem": {
      "type": "array",
      "items": {
        "type": "object",
        "properties": {
          "identifier": {
            "type": "string"
          },
          "identifierType": {
            "type": "string"
          }
        }
      }
    },
    "Error": {
      "type": "object",
      "properties": {
        "responseStatus": {
          "$ref": "#/definitions/respStatus_RDO"
        }
      }
    },
    "respStatus_RDO": {
      "type": "object",
      "properties": {
        "status": {
          "type": "string",
          "example": "SUCCESS/ERROR/WARNING",
          "description": "Response Status"
        },
        "errorDetails": {
          "type": "array",
          "items": {
            "$ref": "#/definitions/errorDetails_RDO"
          }
        },
        "metaData": {
          "type": "object",
          "properties": {
            "dateFormat": {
              "type": "string",
              "example": "dd/MM/yyyy"
            }
          }
        }
      }
    },
    "errorDetails_RDO": {
      "type": "object",
      "properties": {
        "errorCode": {
          "type": "string",
          "description": "Code that defines the reason for the error. It is alphanumeric",
          "example": "SYS001"
        },
        "errorDesc": {
          "type": "string",
          "example": "Details of the exception that has occurred"
        }
      }
    }
  }
}