{
  "swagger" : "2.0",
  "info" : {
    "description" : "Authorization API facilitates to send One Time Password (OTP) to customers registered email address and mobile number. Based on the second factor authendications (OTP Validation) the transaction authorization is processed.",
    "version" : "1.0.0",
    "title" : "Authorization API"
  },
  "host" : "api.bankfab.com",
  "basePath" : "/authorization/v1",
  "schemes" : [ "https" ],
  "paths" : {
    "/otp/generate" : {
      "post" : {
        "tags" : [ "OTP-Services" ],
        "summary" : "Generate OTP",
        "description" : "Generate and send One Time Password (OTP) to the customer's registered mobile number and / or email for the two factor authentication to perform the transaction authorization.",
        "operationId" : "generateOtp",
        "consumes" : [ "application/json" ],
        "produces" : [ "application/json" ],
        "parameters" : [ {
          "in" : "body",
          "name" : "body",
          "description" : "Request Payload",
          "required" : true,
          "schema" : {
            "$ref" : "#/definitions/dataAreaGenerateOTPRequest"
          }
        } ],
        "responses" : {
          "200" : {
            "description" : "The operation was successful.",
            "schema" : {
              "$ref" : "#/definitions/dataAreaGenerateOTPResponse"
            }
          }
        }
      }
    },
    "/otp/validate" : {
      "post" : {
        "tags" : [ "OTP-Services" ],
        "summary" : "Validate OTP",
        "description" : "Validates the customer entered One Time Password (OTP) with system generated One Time Password (OTP) based on request reference number to perform the transaction authorization.",
        "operationId" : "validateOtp",
        "consumes" : [ "application/json" ],
        "produces" : [ "application/json" ],
        "parameters" : [ {
          "in" : "body",
          "name" : "body",
          "description" : "The request body for the operation",
          "required" : true,
          "schema" : {
            "$ref" : "#/definitions/dataAreaValidateOTPRequest"
          }
        } ],
        "responses" : {
          "200" : {
            "description" : "The operation was successful.",
            "schema" : {
              "$ref" : "#/definitions/dataAreaValidateOTPResponse"
            }
          }
        }
      }
    }
  },
  "definitions" : {
    "applicationArea" : {
      "type" : "object",
      "properties" : {
        "correlationId" : {
          "type" : "string",
          "description": "Unique identifier used for identifying the transaction lifecycle",
          "example" : "1234DEFG89"
        },
        "countryOfOrigin" : {
          "type" : "string",
          "description": "Country of origination of the request. ISO 3166 country codes in two bytes format",
          "example" : "AE",
          "minLength" : 2,
          "maxLength" : 2
        },
        "creationDateTime" : {
          "type" : "string",
          "format" : "date-time",
          "description": "Creation date of the service in ISO 8601 YYYY-MM-DDTHH:MM:SS:sssZ format. This is an optional field"
        },
        "interfaceID" : {
          "type" : "string",
          "description": "Logical reference of the Interface that intiated the service. This is an optional field",
          "example": ""
        },
        "requiredExecutionDate" : {
          "type" : "string",
          "format" : "date-time",
          "description": "Date on which the transaction needs to be actually posted in ISO 8601 YYYY-MM-DDTHH:MM:SS:sssZ format. This is an optional field"
        },
        "senderUserId" : {
          "type" : "string",
          "description": "Sender's User ID. Information about a user who has initiated the transaction",
          "example": ""
        },
        "senderBranchId" : {
          "type" : "string",
          "description": "Sender's Branch ID. Information about a user who has initiated the transaction",
          "example": ""
        },
        "senderId" : {
          "type" : "string",
          "description": "Unique identification for the consumer. This will be agreed by Service owner at the time of setup. It will need to be passed in all requests",
          "example": "MOB"
        },
        "transactionDateTime" : {
          "type" : "string",
          "format" : "date-time",
          "description": "The data and time the request is initiated in ISO 8601 format: YYYY-MM-DDTHH:MM:SS:sssZ"
        },
        "transactionId" : {
          "type" : "string",
          "example" : "WLT1254378DEFG",
          "description" : "Unique transaction reference id assigned by the Sender to identify the message"
        },
        "transactionTimeZone" : {
          "type" : "string",
          "description": "Transaction TimeZone",
          "example": "GMT+4"
        },
        "senderAuthorizationID" : {
          "type" : "string",
          "description" : "Identification of the Authorizer who has authorized the transaction. This is an optional field",
          "example": ""
        },
        "senderReferenceID" : {
          "type" : "string",
          "description" : "Reference ID from Sender to identify the event that cause the service invocation. This is an optional field",
          "example": ""
        },
        "senderAuthorizationComments" : {
          "type" : "string",
          "description": "Sender Authorization Comments",
          "example": ""
        }
      }
    },
    "getOTPRequest_RDO" : {
      "type" : "object",
      "required" : [ "mobileNumber" ],
      "properties" : {
        "mobileNumber" : {
          "type" : "number",
          "description" : "Mobile Number",
          "example" : "050XXX5554"
        },
        "emailID" : {
          "type" : "string",
          "description" : "Email Address",
          "example" : "test@test.com"
        },
        "transactionCode" : {
          "type" : "string",
          "description" : "Transaction Code",
          "example": ""
        },
        "digitsInOTP" : {
          "type" : "number",
          "description" : "Digits in OTP",
          "example" : 6.0
        },
        "splitOTP" : {
          "type" : "string",
          "description" : "Flag to decide if OTP needs to be split and sent to Mobile number and Email ID",
          "example" : "Y"
        },
        "expiryTime" : {
          "type" : "number",
          "example" : 300.0,
          "description" : "Expirty time for OTP in seconds"
        },
        "alertType" : {
          "type" : "string",
          "description" : "Alert type SMS and/or Email",
          "example" : "BOTH",
          "default" : "SMS",
          "enum" : [ "SMS", "EMAIL", "BOTH" ]
        },
        "maxFailedAttempt" : {
          "type" : "number",
          "description" : "Maximum retry attempt in case of failure",
          "example" : 3.0
        }
      }
    },
    "getOTPResponse_RDO" : {
      "type" : "object",
      "properties" : {
        "referenceNumber" : {
          "type" : "string",
          "description" : "Reference Number",
          "example" : "68a5XX7-8cfa-4923-bc4a-01baXXXf92"
        },
        "mobileNumber" : {
          "type" : "number",
          "description" : "Mobile Number",
          "example" : "050XXX5554"
        },
        "emailID" : {
          "type" : "string",
          "description" : "Email Address",
          "example" : "test@test.com"
        }
      }
    },
    "responseStatus" : {
      "type" : "object",
      "properties" : {
        "status" : {
          "type" : "string",
          "description" : "Response Status",
          "example" : "SUCCESS/ERROR/WARNING"
        },
        "statusMessage" : {
          "type" : "string",
          "description" : "Status Description",
          "example" : "Successful"      
        },
        "errorDetails" : {
          "type" : "array",
          "items" : {
            "$ref" : "#/definitions/errorDetails"
          }
        }
      }
    },
    "errorDetails" : {
      "type" : "object",
      "properties" : {
        "errorCode" : {
          "type" : "string",
          "description": "Code that defines the reason for the error. It is alphanumeric",
          "example": "SYS9999"
        },
        "errorDesc" : {
          "type" : "string",
          "description": "Details of the exception that has occurred",
          "example": "Technical Error in Interface"
        }
      }
    },
    "dataAreaGenerateOTPRequest" : {
      "type" : "object",
      "properties" : {
        "applicationArea" : {
          "$ref" : "#/definitions/applicationArea"
        },
        "dataArea" : {
          "$ref" : "#/definitions/getOTPRequest_RDO"
        }
      }
    },
    "dataAreaGenerateOTPResponse" : {
      "type" : "object",
      "properties" : {
        "applicationArea" : {
          "$ref" : "#/definitions/applicationArea"
        },
        "dataArea" : {
          "$ref" : "#/definitions/getOTPResponse_RDO"
        },
        "responseStatus" : {
          "$ref" : "#/definitions/responseStatus"
        }
      }
    },
    "validateOTPRequest_RDO" : {
      "type" : "object",
      "required" : [ "referenceNumber" ],
      "properties" : {
        "referenceNumber" : {
          "type" : "string",
          "description" : "Reference Number",
          "example" : "68a5XX7-8cfa-4923-bc4a-01baXXXf92"
        },
        "otp" : {
          "type" : "string",
          "description" : "OTP Value",
          "example" : "134625"
        },
        "transactionCode" : {
          "type" : "string",
          "description" : "Transaction Code",
          "example" : ""
        },
        "mobileNumber" : {
          "type" : "string",
          "description" : "Mobile Number",
          "example" : "050XXX5554"
        },
        "emailID" : {
          "type" : "string",
          "description" : "Email Address",
          "example" : "test@test.com"
        }
      }
    },
    "validateOTPResponse_RDO" : {
      "type" : "object",
      "properties" : {
        "otpMatched" : {
          "type" : "boolean",
          "description" : "Is OTP matched?",
          "example" : true
        },
        "mismatchCount" : {
          "type" : "number",
          "description" : "Failed retry count for OTP",
          "example" : 2
        }
      }
    },
    "dataAreaValidateOTPRequest" : {
      "type" : "object",
      "properties" : {
        "applicationArea" : {
          "$ref" : "#/definitions/applicationArea"
        },
        "dataArea" : {
          "$ref" : "#/definitions/validateOTPRequest_RDO"
        }
      }
    },
    "dataAreaValidateOTPResponse" : {
      "type" : "object",
      "properties" : {
        "applicationArea" : {
          "$ref" : "#/definitions/applicationArea"
        },
        "dataArea" : {
          "$ref" : "#/definitions/validateOTPResponse_RDO"
        },
        "responseStatus" : {
          "$ref" : "#/definitions/responseStatus"
        }
      }
    }
  }
}