{
  "swagger" : "2.0",
  "info" : {
    "description" : "bank-devices",
    "version" : "1.0.0",
    "title" : "bank-devices"
  },
  "host" : "api.bankfab.com",
  "basePath" : "/bank-devices/v1",
  "schemes" : [ "https" ],
  "paths" : {
    "/print" : {
      "post" : {
        "summary" : "Post print Request",
        "description" : "post print request",
        "operationId" : "postPrinter",
        "consumes" : [ "application/json" ],
        "produces" : [ "application/json" ],
        "parameters" : [ {
          "in" : "body",
          "name" : "body",
          "description" : "The request body for the operation",
          "required" : true,
          "schema" : {
            "$ref" : "#/definitions/postPrinterRequest"
          }
        } ],
        "responses" : {
          "200" : {
            "description" : "The operation was successful.",
            "schema" : {
              "$ref" : "#/definitions/postPrinterResponse"
            }
          }
        }
      }
    }
  },
  "definitions" : {
    "applicationArea" : {
      "type" : "object",
      "properties" : {
        "correlationId" : {
          "type" : "string",
          "description": "Correlation id"
        },
        "countryOfOrigin" : {
          "type" : "string",
          "description": "Country code in 2 character ISO 3166 format"
        },
        "creationDateTime" : {
          "type" : "string",
          "description" : "Creattion date in ISO 8601 date format 'YYYY-MM-DD'"
        },
        "interfaceID" : {
          "type" : "string",
          "description": "Interface id"
        },
        "requiredExecutionDate" : {
          "type" : "string",
          "description" : "execution date in ISO 8601 date format 'YYYY-MM-DD'"
        },
        "senderUserId" : {
          "type" : "string",
          "description" : "sender user id"
        },
        "senderBranchId" : {
          "type" : "string",
          "description" : "sender Branch id"
        },
        "senderId" : {
          "type" : "string",
          "description" : "sender id"
        },
        "transactionDateTime" : {
          "type" : "string",
          "description" :"Date merchant did the sale to the customer in ISO 8601 YYYY-MM-DD HH : MM: SS format"
        },
        "transactionId" : {
          "type" : "string",
          "description" : "transaction Id to uniquely identify the transaction within an account."
        },
        "transactionTimeZone" : {
          "type" : "string",
          "description" : "time zone in GMT."
        },
        "senderAuthorizationID" : {
          "type" : "string",
          "description" : "The Authorization Token"
        },
        "senderReferenceID" : {
          "type" : "string",
          "description" : "sender ref Id to uniquely identify the transaction within an account."
        },
        "senderAuthorizationComments" : {
          "type" : "string",
          "description" : "sender authorization description"
        }
      }
    },
    "postPrinterRequest" : {
      "type" : "object",
      "properties" : {
        "applicationArea" : {
          "$ref" : "#/definitions/applicationArea"
        },
        "dataArea" : {
          "$ref" : "#/definitions/printerRequest"
        }
      }
    },
    "postPrinterResponse" : {
      "type" : "object",
      "properties" : {
        "applicationArea" : {
          "$ref" : "#/definitions/applicationArea"
        },
        "responseStatus" : {
          "$ref" : "#/definitions/respStatus_RDO"
        }
      }
    },
    "respStatus_RDO" : {
      "type" : "object",
      "properties" : {
        "status" : {
          "type" : "string",
          "example" : "SUCCESS/ERROR/WARNING",
          "description" : "Response status"
        },
        "statusMessage" : {
          "type" : "string",
          "example" : "SUCCESS/ERROR/WARNING",
          "description" : "Response code"
        },
        "errorDetails" : {
          "type" : "array",
          "description" : "error details",
          "items" : {
            "$ref" : "#/definitions/errorDetails_RDO"
          }
        },
        "metaData" : {
          "$ref" : "#/definitions/respStatus_RDO_metaData"
        }
      }
    },
    "errorDetails_RDO" : {
      "type" : "object",
      "properties" : {
        "errorCode" : {
          "type" : "string",
          "example" : "SYS001",
          "description" : "Error Code"
        },
        "errorDesc" : {
          "type" : "string",
          "example" : "error 404",
          "description" : "Error code description message"
        }
      }
    },
    "printerRequest" : {
      "type" : "object",
      "properties" : {
        "printStructure" : {
          "type" : "string",
          "enum" : [ "tabular", "template" ]
        },
        "contentType" : {
          "type" : "string",
          "default" : "html"
        },
        "templateAttribute" : {
          "type" : "array",
          "items" : {
            "$ref" : "#/definitions/printerRequest_templateAttribute"
          }
        },
        "printerDetails" : {
          "$ref" : "#/definitions/printerDetails_RDO"
        },
        "printContent" : {
          "type" : "string"
        },
        "printDocumentExtension" : {
          "type" : "string",
          "description" : "printing document extension .jpg/.pdf"
        }
      }
    },
    "printerDetails_RDO" : {
      "type" : "object",
      "properties" : {
        "numberOfCopies" : {
          "type" : "string",
          "description" : "Number of copy required for printing"
        },
        "printerName" : {
          "type" : "string",
          "description" : "Detail name of the printer"
        }
      }
    },
    "respStatus_RDO_metaData" : {
      "properties" : {
        "dateFormat" : {
          "type" : "string",
          "example" : "dd/MM/yyyy",
          "description" : "date format details"
        }
      }
    },
    "printerRequest_templateAttribute" : {
      "properties" : {
        "name" : {
          "type" : "string",
          "description" : "Printer Name"
        },
        "value" : {
          "type" : "string",
          "description" : ""
        }
      }
    }
  }
}