{
  "swagger" : "2.0",
  "info" : {
    "description" : "UAE Billers Service facilitates bill payments to UAE utility service providers",
    "version" : "1.0.0",
    "title" : "Billers"
  },
  "host" : "api.bankfab.com",
  "basePath" : "/billers/v1",
  "schemes" : [ "https" ],
  "paths" : {
    "/bill/enquiry" : {
      "post" : {
        "summary" : "Retrieve Balance for Utility billers",
		"description" : "Intiate a Balance Enquiry with the service provider",
        "operationId" : "enquireBill",
        "consumes" : [ "application/json" ],
        "produces" : [ "application/json" ],
        "parameters" : [ {
          "in" : "body",
          "name" : "body",
          "description" : "The request body for the operation",
          "required" : false,
          "schema" : {
            "$ref" : "#/definitions/BillsInquiryRequest"
          }
        } ],
        "responses" : {
          "200" : {
            "description" : "Balance Enquiry",
            "schema" : {
              "$ref" : "#/definitions/BillsInquiryResponse"
            }
          }
        }
      }
    },
    "/bill/payment/account" : {
      "post" : {
        "summary" : "Post Bill Payment by Account",
        "description" : "Executes a payment with the service provider from  CASA account",
        "operationId" : "billPaymentByAccount",
        "consumes" : [ "application/json" ],
        "produces" : [ "application/json" ],
        "parameters" : [ {
          "in" : "body",
          "name" : "body",
          "description" : "The request body for the operation",
          "required" : false,
          "schema" : {
            "$ref" : "#/definitions/BillPaymentRequest"
          }
        } ],
        "responses" : {
          "200" : {
            "description" : "Bill Payment",
            "schema" : {
              "$ref" : "#/definitions/BillPaymentResponse"
            }
          }
        }
      }
    },
    "/bill/payment/creditcard" : {
      "post" : {
        "summary" : "Post Bill Payment by Credit card",
        "description" : "Executes a payment with the service provider by using credit card",
        "operationId" : "billPaymentByCreditCard",
        "consumes" : [ "application/json" ],
        "produces" : [ "application/json" ],
        "parameters" : [ {
          "in" : "body",
          "name" : "body",
          "description" : "The request body for the operation",
          "required" : false,
          "schema" : {
            "$ref" : "#/definitions/BillPaymentRequest"
          }
        } ],
        "responses" : {
          "200" : {
            "description" : "Bill Payment",
            "schema" : {
              "$ref" : "#/definitions/BillPaymentResponse"
            }
          }
        }
      }
    },
    "/bill/payment/prepaidcard" : {
      "post" : {
        "summary" : "Post Bill Payment by Prepaid card",
        "description" : "Executes a payment with the service provider by using prepaid card",
        "consumes" : [ "application/json" ],
        "produces" : [ "application/json" ],
        "parameters" : [ {
          "in" : "body",
          "name" : "body",
          "description" : "The request body for the operation",
          "required" : false,
          "schema" : {
            "$ref" : "#/definitions/BillPaymentRequest"
          }
        } ],
        "responses" : {
          "200" : {
            "description" : "Bill Payment",
            "schema" : {
              "$ref" : "#/definitions/BillPaymentResponse"
            }
          }
        }
      }
    }
  },
  "definitions" : {
    "errorDetails_RDO" : {
      "type" : "object",
      "properties" : {
        "errorCode" : {
          "type" : "string",
          "description" : "error code",
          "example" : "sys001"
        },
        "errorDesc" : {
          "type" : "string",
           "example" : "<system unavailable>",
            "description" : "error code description"
        }
      }
    },
    "Identity_RDO" : {
      "type" : "object",
      "properties" : {
        "identityType" : {
          "type" : "string",
          "description" : "Type of identity documents"
        },
        "identityNumber" : {
          "type" : "string",
          "description" : "Identity number"
        },
        "identityExpiryDate" : {
          "type" : "string",
          "format" : "date",
          "description" : "Identity expiry date in YYYY-MM-DD format"
        },
        "identityIssuedCountry" : {
          "type" : "string",
          "example" : "Identity number",
          "description": "ISO 3166 country codes in two bytes format."
        }
      }
    },
    "BillsInquiryRequest" : {
      "type" : "object",
      "properties" : {
        "applicationArea" : {
          "$ref" : "#/definitions/applicationArea"
        },
        "dataArea" : {
          "$ref" : "#/definitions/BillRequest_RDO"
        }
      }
    },
    "PaymentResponse_RDO" : {
      "type" : "object",
      "properties" : {
        "serviceProviderReferenceNumber" : {
          "type" : "string",
          "description" : "utility provider reference number"
        },
        "coreReferenceNumber" : {
          "type" : "string",
          "description" : "core banking reference number"
        },
        "consumerNumber" : {
          "type" : "string",
          "description" : "consumer number"
        },
        "transactionType" : {
          "type" : "string",
          "description" : "transaction type"
        },
        "amountPaid" : {
          "type" : "number",
          "format" : "int32",
          "description" : "amount paid"
        },
        "availableBalance" : {
          "type" : "number",
          "format" : "double",
          "description" : "available balance"
        },
        "currentBalance" : {
          "type" : "number",
          "format" : "double",
          "description" : "current balance"
        }
      }
    },
    "BillRequest_RDO" : {
      "type" : "object",
      "properties" : {
        "customerIdentifier" : {
          "type" : "string",
          "description" : "customer identifier"
        },
        "consumerNumber" : {
          "type" : "string",
          "description" : "consumer number"
        },
        "billerType" : {
          "type" : "string",
          "description" : "biller type"
        },
        "serviceType" : {
          "type" : "string",
          "description" : "service type"
        },
        "paymentType" : {
          "type" : "string",
          "description" : "payment type"
        },
        "identity" : {
          "description" : "identity",
          "$ref" : "#/definitions/Identity_RDO"
        }
      }
    },
    "BillsInquiryResponse" : {
      "type" : "object",
      "properties" : {
        "applicationArea" : {
          "$ref" : "#/definitions/applicationArea"
        },
        "dataArea" : {
          "$ref" : "#/definitions/BillResponse_RDO"
        },
        "responseStatus" : {
          "$ref" : "#/definitions/responseStatus_RDO"
        }
      }
    },
    "BillResponse_RDO" : {
      "type" : "object",
      "properties" : {
        "consumerNumber" : {
          "type" : "string",
          "description" : "consumer number"
        },
        "isChequeBlocked" : {
          "type" : "boolean",
          "description" : "is cheque blocked"
        },
        "amountDue" : {
          "type" : "number",
          "format" : "double",
          "description" : "amount due"
        },
        "transactionType" : {
          "type" : "string",
          "description" : "transaction type"
        },
        "dueDate" : {
          "type" : "string",
          "format" : "date",
          "description" : "due date in YYYY-MM-DD format"
        },
        "transactionDescription" : {
          "type" : "string",
          "description" : "transaction description"
        },
        "isExactPaymentRequired" : {
          "type" : "boolean",
          "description" : "is exact payment required"
        },
        "isExcessPaymentAllowed" : {
          "type" : "boolean",
          "description" : "is excess payment allowed"
        },
        "isRecurringAllowed" : {
          "type" : "boolean",
          "description" : "is recurring allowed"
        },
        "contactDetails" : {
          "type" : "string",
          "description" : "contact details"
        },
        "additionalDetails" : {
          "type" : "string",
          "description" : "additional details"
        },
        "minimumAmount" : {
          "type" : "number",
          "format" : "double",
          "description" : "minimum allowed amount"
        },
        "maximumAmount" : {
          "type" : "number",
          "format" : "double",
          "description" : "maximum allowed amount"
        }
      }
    },
    "applicationArea" : {
      "type" : "object",
      "required" : [ "countryOfOrigin", "senderId", "transactionDateTime", "transactionId" ],
      "properties" : {
        "correlationId" : {
          "type" : "string"
        },
        "countryOfOrigin" : {
          "type" : "string",
          "description": "ISO 3166 country codes in two bytes format.",
          "minLength" : 2,
          "maxLength" : 2
                  },
        "creationDateTime" : {
          "type" : "string",
          "format" : "date-time",
          "description" :"Creation date in ISO 8601 YYYY-MM-DD HH : MM: SS format"
        },
        "interfaceID" : {
          "type" : "string",
          "description" :"Interface id number"
        },
        "requiredExecutionDate" : {
          "type" : "string",
          "format" : "date-time",
          "description" :"execution date in ISO 8601 YYYY-MM-DD HH : MM: SS format"
        },
        "senderUserId" : {
          "type" : "string",
          "description" :"sender user id"
        },
        "senderBranchId" : {
          "type" : "string",
          "description" :"sender branch id"
        },
        "senderId" : {
          "type" : "string",
          "description" : "channel identifier"
        },
        "senderLocation" : {
          "type" : "string",
          "description" :"sender location id"
        },
        "transactionDateTime" : {
          "type" : "string",
          "format" : "date-time",
          "description" : "transaction date time in ISO 8601 YYYY-MM-DD HH : MM: SS format"
        },
        "transactionId" : {
          "type" : "string",
          "description" : "Unique transaction id"
        },
        "transactionTimeZone" : {
          "type" : "string",
           "description" : "transaction date time in ISO 8601 YYYY-MM-DD HH : MM: SS format"
        },
        "senderAuthorizationID" : {
          "type" : "string",
          "description" : "Unique reference id"
        },
        "senderReferenceID" : {
          "type" : "string",
          "description" : "Unique reference id"
        },
        "senderAuthorizationComments" : {
          "type" : "string",
          "description" : "Authorization comments"
        },
        "language" : {
          "type" : "string",
          "description" : "Language details",
          "example" : " English or Arabic"
        }
      }
    },
    "PaymentRequest_RDO" : {
      "type" : "object",
      "properties" : {
        "customerIdentifier" : {
          "type" : "string",
          "description" : "customer identifier"
        },
        "accountIdentifier" : {
          "type" : "string",
          "description" : "account number"
        },
        "cardIdentifier" : {
          "type" : "string",
          "description" : "credit/prepaid card number"
        },
        "cardExpiryDate" : {
          "type" : "string",
          "description" : "card expiry date"
        },
        "consumerNumber" : {
          "type" : "string",
          "description" : "consumer number"
        },
        "amountDue" : {
          "type" : "number",
          "format" : "double",
          "description" : "amount due"
        },
        "currency" : {
          "type" : "string",
          "description": "The currency code of the transaction in ISO 4217 format"
        },
        "transactionAmount" : {
          "type" : "number",
          "format" : "double",
          "description" : "transaction amount"
        },
        "billerCode" : {
          "type" : "string",
          "description" : "biller code"
        },
        "serviceType" : {
          "type" : "string",
          "description" : "service type"
        },
        "paymentType" : {
          "type" : "string",
          "description" : "payment type"
        },
        "paymentMode" : {
          "type" : "string",
          "description" : "payment mode"
        },
        "transactionType" : {
          "type" : "string",
          "description" : "transaction type"
        },
        "billerType" : {
          "type" : "string",
          "description" : "biller type"
        },
        "paymentDetails" : {
          "type" : "string",
          "description" : "payment details"
        },
        "mobileNumber" : {
          "type" : "string",
          "description" : "mobile number"
        },
        "identity" : {
          "description" : "identity",
          "$ref" : "#/definitions/Identity_RDO"
        },
        "chargesAmount" : {
          "type" : "number",
          "format" : "double",
          "description" : "charge amount"
        },
        "accountingUnitIdentifier" : {
          "type" : "string",
          "description" : "core banking company code"
        }
      }
    },
    "responseStatus_RDO" : {
      "type" : "object",
      "properties" : {
        "status" : {
          "type" : "string"
        },
        "errorDetails" : {
          "type" : "array",
          "items" : {
            "$ref" : "#/definitions/errorDetails_RDO"
          }
        }
      }
    },
    "BillPaymentResponse" : {
      "type" : "object",
      "properties" : {
        "applicationArea" : {
          "$ref" : "#/definitions/applicationArea"
        },
        "dataArea" : {
          "$ref" : "#/definitions/PaymentResponse_RDO"
        },
        "responseStatus" : {
          "$ref" : "#/definitions/responseStatus_RDO"
        }
      }
    },
    "BillPaymentRequest" : {
      "type" : "object",
      "properties" : {
        "applicationArea" : {
          "$ref" : "#/definitions/applicationArea"
        },
        "dataArea" : {
          "$ref" : "#/definitions/PaymentRequest_RDO"
        }
      }
    }
  }
}