{
  "swagger" : "2.0",
  "info" : {
    "description" : "Communication service domain handles notifications to the customers",
    "version" : "1.0.0",
    "title" : "Communication"
  },
  "host" : "api.bankfab.com",
  "basePath" : "/communication/v1",
  "schemes" : [ "http", "https" ],
  "paths" : {
    "/send/email" : {
      "post" : {
        "tags" : [ "Notification" ],
        "summary" : "Email Notification",
        "description" : "This service is used to send Email Notification to the Customer.",
        "operationId" : "sendEmail",
        "consumes" : [ "application/json" ],
        "produces" : [ "application/json" ],
        "parameters" : [ {
          "in" : "body",
          "name" : "sendEmail",
          "description" : "Send Email details input.",
          "required" : false,
          "schema" : {
            "$ref" : "#/definitions/sendEmailRequest"
          }
        } ],
        "responses" : {
          "200" : {
            "description" : "Email Delivery Response Status",
            "schema" : {
              "$ref" : "#/definitions/sendEmailResponse"
            }
          },
          "default" : {
            "description" : "Unexpected error",
            "schema" : {
              "$ref" : "#/definitions/errorDefinition"
            }
          }
        }
      }
    },
    "/send/fax" : {
      "post" : {
        "tags" : [ "Notification" ],
        "summary" : "Fax Notification",
        "description" : "This service is used to send FAX to the Customer.",
        "operationId" : "sendFax",
        "consumes" : [ "application/json" ],
        "produces" : [ "application/json" ],
        "parameters" : [ {
          "in" : "body",
          "name" : "sendFax",
          "description" : "Send Fax details input.",
          "required" : false,
          "schema" : {
            "$ref" : "#/definitions/sendFaxRequest"
          }
        } ],
        "responses" : {
          "200" : {
            "description" : "Fax Delivery Response Status",
            "schema" : {
              "$ref" : "#/definitions/sendFaxResponse"
            }
          },
          "default" : {
            "description" : "Unexpected error",
            "schema" : {
              "$ref" : "#/definitions/errorDefinition"
            }
          }
        }
      }
    },
    "/send/sms" : {
      "post" : {
        "tags" : [ "Notification" ],
        "summary" : "SMS Notification",
        "description" : "This service is used to send SMS Notification to the Customer.",
        "operationId" : "sendSms",
        "consumes" : [ "application/json" ],
        "produces" : [ "application/json" ],
        "parameters" : [ {
          "in" : "body",
          "name" : "sendSms",
          "description" : "Send Sms details input.",
          "required" : false,
          "schema" : {
            "$ref" : "#/definitions/sendSmsRequest"
          }
        } ],
        "responses" : {
          "200" : {
            "description" : "SMS Delivery Response Status",
            "schema" : {
              "$ref" : "#/definitions/sendSmsResponse"
            }
          },
          "default" : {
            "description" : "Unexpected error",
            "schema" : {
              "$ref" : "#/definitions/errorDefinition"
            }
          }
        }
      }
    }
  },
  "definitions" : {
    "errorDetails_RDO" : {
      "type" : "object",
      "properties" : {
        "errorCode" : {
          "type" : "string",
          "description" : "Code that defines the reason for the error. It is alphanumeric",
          "example" : "SYS001"
        },
        "errorDesc" : {
          "type" : "string",
		  "example" : "Details of the exception that has occurred"
        }
      }
    },
    "sendSmsRequest" : {
      "type" : "object",
      "properties" : {
        "applicationArea" : {
          "$ref" : "#/definitions/applicationArea"
        },
        "dataArea" : {
          "$ref" : "#/definitions/smsRequest_RDO"
        }
      }
    },
    "sendEmailResponse" : {
      "type" : "object",
      "required" : [ "responseStatus" ],
      "properties" : {
        "applicationArea" : {
          "$ref" : "#/definitions/applicationArea"
        },
        "dataArea" : {
          "$ref" : "#/definitions/response_RDO"
        },
        "responseStatus" : {
          "$ref" : "#/definitions/respStatus_RDO"
        }
      }
    },
    "smsRequest_RDO" : {
      "type" : "object",
      "required" : [ "messageText", "mobileNumber" ],
      "properties" : {
        "mobileNumber" : {
          "type" : "string",
          "description" : "Customer Contact Number to send SMS notification",
          "example" : "50XXXX567"
        },
        "messageText" : {
          "type" : "string",
          "description" : "Notification Message Content",
          "example" : "Dear Customer, Get 60% off deliveries with your FAB Mastercard"
        },
        "originatorName" : {
          "type" : "string",
          "example" : "FAB",
          "description" : "This is mandatory to specify if the SMS needs to go from separate Sender Address based on consumer need"
        },
        "alertId" : {
          "type" : "string",
		   "example" : "Format: FAB_Channel_TransactionType_ALERT ",
		   "description" : "Unique internal identifier of the Alert"
        },
        "messagePriority" : {
          "type" : "string",
		  "example" : "Allowed values 0 to 9",
		  "description" : "Priority of the message to Deliver"
        },
        "textType" : {
          "type" : "string",
		  "example" : "BASE64",
		  "description" : "Encoding with Base64"
        }
      }
    },
    "respStatus_RDO" : {
      "type" : "object",
      "properties" : {
        "status" : {
          "type" : "string"
        },
        "errorDetails" : {
          "type" : "array",
          "items" : {
            "$ref" : "#/definitions/errorDetails_RDO"
          }
        },
        "metaData" : {
          "$ref" : "#/definitions/metaData_RDO"
        }
      }
    },
    "sendFaxRequest" : {
      "type" : "object",
      "properties" : {
        "applicationArea" : {
          "$ref" : "#/definitions/applicationArea"
        },
        "dataArea" : {
          "$ref" : "#/definitions/faxRequest_RDO"
        }
      }
    },
    "sendSmsResponse" : {
      "type" : "object",
      "required" : [ "responseStatus" ],
      "properties" : {
        "applicationArea" : {
          "$ref" : "#/definitions/applicationArea"
        },
        "responseStatus" : {
          "$ref" : "#/definitions/respStatus_RDO"
        },
        "dataArea" : {
          "$ref" : "#/definitions/response_RDO"
        }
      }
    },
    "response_RDO" : {
      "type" : "object",
      "properties" : {
        "acknowledgementId" : {
          "type" : "string",
		  "description" : "Acknowledgement of request"
        }
      }
    },
    "sendFaxResponse" : {
      "type" : "object",
      "required" : [ "responseStatus" ],
      "properties" : {
        "applicationArea" : {
          "$ref" : "#/definitions/applicationArea"
        },
        "responseStatus" : {
          "$ref" : "#/definitions/respStatus_RDO"
        },
        "dataArea" : {
          "$ref" : "#/definitions/response_RDO"
        }
      }
    },
    "attachment" : {
      "type" : "object",
      "properties" : {
        "attachFileContents" : {
          "type" : "string",
		  "description" : "Attachment Content in Base64",
		  "example" : "JVSSSi0xLjYKJeLjz9MKMSAwIG9iago"
		},
        "attachMimeType" : {
          "type" : "string",
		  "description" : "Attachment MimeType"
        },
        "attachFileName" : {
          "type" : "string",
		  "description" : "Attachment File Name",
          "example" : "Customer number-ddHHmmss.pdf"
        }
      }
    },
    "faxRequest_RDO" : {
      "type" : "object",
      "properties" : {
        "fromName" : {
          "type" : "string",
		  "description" : "Source Name"
        },
        "toName" : {
          "type" : "string",
		  "description" : "Destination Name"
        },
        "fromCompany" : {
          "type" : "string",
		  "description" : "Source Company"
        },
        "toCompany" : {
          "type" : "string",
		   "description" : "Destination Company"
        },
        "faxToAddress" : {
          "type" : "string",
		  "description" : "Destination Address to send FAX"
        },
        "attachmentsList" : {
          "$ref" : "#/definitions/attachment"
        }
      }
    },
    "metaData_RDO" : {
      "type" : "object",
      "properties" : {
        "dateFormat" : {
          "type" : "string"
        }
      }
    },
    "sendEmailRequest" : {
      "type" : "object",
      "properties" : {
        "applicationArea" : {
          "$ref" : "#/definitions/applicationArea"
        },
        "dataArea" : {
          "$ref" : "#/definitions/emailRequest_RDO"
        }
      }
    },
    "applicationArea" : {
      "type" : "object",
      "required" : [ "countryOfOrigin", "interfaceID", "senderId", "senderLocation", "transactionDateTime", "transactionId" ],
      "properties" : {
        "correlationId" : {
          "type" : "string",
		  "description": "Unique identifier used for identifying the transaction life cycle",
		  "example": "123DEFG89"
        },
       "countryOfOrigin" : {
          "type" : "string",
          "minLength" : 2,
          "maxLength" : 2,
		  "example" : "AE",
		  "description": "Country of origination of the request. The representation is in ISO 3166 country codes in two bytes format"
        },
        "creationDateTime" : {
          "type" : "string",
          "format" : "date-time",
          "description": "Creation date of the service in ISO 8601 YYYY-MM-DDTHH:MM:SS:sssZ format. This is an optional field"
        },
        "interfaceID" : {
          "type" : "string",
          "description": "Logical reference of the Interface that intiated the service. This is an optional field",
          "example": ""
        },
        "requiredExecutionDate" : {
          "type" : "string",
          "format" : "date-time",
          "description": "Date on which the transaction needs to be actually posted in ISO 8601 YYYY-MM-DDTHH:MM:SS:sssZ format. This is an optional field"
        },
        "senderUserId" : {
          "type" : "string",
		  "description": "Sender's User ID. Information about a user who has initiated the transaction"
        },
        "senderBranchId" : {
          "type" : "string",
          "description": "Sender's Branch ID. Information about a user who has initiated the transaction",
          "example": ""
        },
        "senderId" : {
          "type" : "string",
          "description": "Unique identification for the consumer. This will be agreed by Service owner at the time of setup. It will need to be passed in all requests",
          "example": "MOB"
        },
        "transactionDateTime" : {
          "type" : "string",
          "format" : "date-time",
          "description" : "The data and time the request is initiated in ISO 8601 format: YYYY-MM-DDTHH:MM:SS:sssZ"
        },
        "transactionId" : {
          "type" : "string",
          "example" : "WLT1254378DEFG",
          "description" : "Unique transaction reference id assigned by the Sender to identify the message"
        },
        "transactionTimeZone" : {
          "type" : "string",
          "description" : "Timezone in which transaction is initiated",
          "example" : ""
        },
        "senderAuthorizationID" : {
          "type" : "string",
          "description" : "Identification of the Authorizer who has authorized the transaction. This is an optional field",
          "example" : ""
        },
        "senderReferenceID" : {
          "type" : "string",
          "description" : "Comments of the Authorizer on authorizing the transaction. This is an optional field",
          "example" : ""
        },
        "senderAuthorizationComments" : {
          "type" : "string",
          "description" : "Comments of the Authorizer on authorizing the transaction. This is an optional field",
          "example" : ""
        }
      }
    },
    "errorDefinition" : {
      "type" : "object",
      "properties" : {
        "applicationArea" : {
          "$ref" : "#/definitions/applicationArea"
        },
        "responseStatus" : {
          "$ref" : "#/definitions/respStatus_RDO"
        }
      }
    },
    "emailRequest_RDO" : {
      "type" : "object",
      "properties" : {
        "toAddress" : {
          "type" : "string",
          "description" : "Receiver email address",
		  "example" : "abc.xyz@abc.com"
        },
        "fromAddress" : {
          "type" : "string",
		  "example" : "no-reply@abc.ae",
		  "description" : "Sender email address"
        },
        "ccAddress" : {
          "type" : "string",
          "description" : "CC email address",
          "example" : "abc.xyz@abc.com"
        },
        "bccAddress" : {
          "type" : "string",
          "description" : "BCC email address",
          "example" : "abc.xyz@abc.com"
        },
        "emailSubject" : {
          "type" : "string",
          "description" : "Email Subject",
          "example" : "Congratulations! Your account has been created successfully"
        },
        "emailBodyContent" : {
          "type" : "string",
          "description" : "Email Body of the message content",
          "example" : "Welcome and thank you for choosing FAB. You are only a few steps from fully activating your new account."
        },
        "emailBodyContentType" : {
          "type" : "string",
          "description" : "Content type of the Email Body Text/HTML/etc",
          "example" : "text/html"
        },
		"fromEntityName" : {
          "type" : "string",
          "example" : "FAB",
          "description" : "Sender Name"
        },
        "attachmentsList" : {
          "$ref" : "#/definitions/attachment"
        }
        
      }
    }
  }
}