{
  "swagger":"2.0",
  "info":{
    "description":"Customer Management services helps to Search Customer, update Customer Details, KYC details update, KYC Status updates and to calculate the loan installment amount.",
    "version":"2.0.0",
    "title":"Customer Management"
  },
  "host":"api.bankfab.com",
  "basePath":"/customer/v3",
  "schemes":[
    "https"
  ],
  "produces":[
    "application/json"
  ],
  "paths":{
    "/initiateupdate":{
      "post":{
        "tags":[
          "Offline-Profile-Update"
        ],
        "summary":"Initiate process to update Customer Details",
        "description":"This service is used to update Customer Details in the core banking system based on the Registeration form Reference Number, Process Reference number, customer details, document folder attributes etc.",
        "operationId":"initiateCustomerDetailsUpdate",
        "consumes":[
          "application/json"
        ],
        "produces":[
          "application/json"
        ],
        "parameters":[
          {
            "in":"body",
            "name":"initiateCustomerDetailsUpdate",
            "description":"Request Definition",
            "required":false,
            "schema":{
              "$ref":"#/definitions/initiateCustomerDetailsUpdateRequest"
            }
          }
        ],
        "responses":{
          "200":{
            "description":"Response Definition",
            "schema":{
              "$ref":"#/definitions/initiateCustomerDetailsUpdateResponse"
            }
          }
        }
      }
    },
    "/kyc-update":{
      "post":{
        "tags":[
          "Offline-Profile-Update"
        ],
        "summary":"Initiate process to update KYC",
        "description":"This service is used to initiate the process for KYC update based on the customer identifier, customer name, branch and operation user details.",
        "operationId":"initiateKYCUpdate",
        "consumes":[
          "application/json"
        ],
        "produces":[
          "application/json"
        ],
        "parameters":[
          {
            "in":"body",
            "name":"initiateKYCUpdate",
            "description":"Request Definition",
            "required":false,
            "schema":{
              "$ref":"#/definitions/initiateKYCUpdateRequest"
            }
          }
        ],
        "responses":{
          "200":{
            "description":"Response Definition",
            "schema":{
              "$ref":"#/definitions/initiateKYCUpdateResponse"
            }
          }
        }
      }
    },
    "/kyc-update-status":{
      "post":{
        "tags":[
          "Offline-Profile-Update"
        ],
        "summary":"Get KYC Update Status",
        "description":"This service is used to get KYC update status based on customer's identifier which returns the document type and KYC update status.",
        "operationId":"getKYCUpdateStatus",
        "consumes":[
          "application/json"
        ],
        "produces":[
          "application/json"
        ],
        "parameters":[
          {
            "in":"body",
            "name":"getKYCUpdateStatus",
            "description":"Request Definition",
            "required":false,
            "schema":{
              "$ref":"#/definitions/getKYCUpdateStatusRequest"
            }
          }
        ],
        "responses":{
          "200":{
            "description":"Response Definition",
            "schema":{
              "$ref":"#/definitions/getKYCUpdateStatusResponse"
            }
          }
        }
      }
    },
    "/loan-emi":{
      "post":{
        "tags":[
          "Loan-Details"
        ],
        "summary":"Calculate Loan Installment",
        "description":"This service is used to calculate EMI based on ADHA authorized loan rules algorithm",
        "operationId":"calculateLoanInstallment",
        "consumes":[
          "application/json"
        ],
        "produces":[
          "application/json"
        ],
        "parameters":[
          {
            "in":"body",
            "name":"calculateLoanInstallment",
            "description":"Request Payload",
            "required":false,
            "schema":{
              "$ref":"#/definitions/CalculateLoanInstallmentRequest"
            }
          }
        ],
        "responses":{
          "200":{
            "description":"Response Definition",
            "schema":{
              "$ref":"#/definitions/CalculateLoanInstallmentResponse"
            }
          }
        }
      }
    },
    "/search":{
      "post":{
        "tags":[
          "Search-Customer"
        ],
        "summary":"Search Customer",
        "description":"This service is used to search the customer on the basis of customer related identifiers such as debit card number, credit card number, account number, mobile number etc.",
        "operationId":"searchCustomer",
        "consumes":[
          "application/json"
        ],
        "produces":[
          "application/json"
        ],
        "parameters":[
          {
            "in":"body",
            "name":"searchCustomer",
            "description":"Request Definition",
            "required":false,
            "schema":{
              "$ref":"#/definitions/SearchCustomerRequest"
            }
          }
        ],
        "responses":{
          "200":{
            "description":"Response Definition",
            "schema":{
              "$ref":"#/definitions/SearchCustomerResponse"
            }
          },
          "default":{
            "description":"Unexpected error",
            "schema":{
              "$ref":"#/definitions/Error_AppArea"
            }
          }
        }
      }
    }
  },
  "definitions":{
    "identityObj":{
      "type":"object",
      "properties":{
        "identityType":{
          "type":"string",
          "description":"Identity Type",
          "example":"PAS"
        },
        "identityNumber":{
          "type":"string",
          "description":"Identity Number",
          "example":"ABC1XXXX6"
        },
        "identityExpiryDate":{
          "type":"string",
          "description":"Identity Expiry Date",
          "example":"YYYY-MM-DD"
        }
      }
    },
    "errorDetails_RDO":{
      "type":"object",
      "properties":{
        "errorCode":{
          "type":"string",
          "description":"Code that defines the reason for the error. It is alphanumeric",
          "example":"SYS9999"
        },
        "errorDesc":{
          "type":"string",
          "description":"Details of the exception that has occurred",
          "example":"Technical Error in Interface"
        }
      }
    },
    "Installment_RDO":{
      "type":"object",
      "properties":{
        "allowedEmiType":{
          "type":"string",
          "description":"Allowed EMI Type",
          "enum":[
            "Minimum",
            "Maximum",
            "Floating",
            "Absolute"
          ]
        },
        "emiAmount":{
          "type":"string",
          "format":"double",
          "description":"EMI Amount",
          "example":5000.00
        }
      }
    },
    "Term_RDO":{
      "type":"object",
      "properties":{
        "allowedTermType":{
          "type":"string",
          "description":"Allowed Term Type",
          "enum":[
            "Minimum",
            "Maximum",
            "Floating"
          ]
        },
        "term":{
          "type":"integer",
          "format":"double",
          "description":"Term Value",
          "example":60.00
        }
      }
    },
    "addressObj":{
      "type":"object",
      "properties":{
        "address1":{
          "type":"string",
          "description":"Address Line 1",
          "example":"Sample Street"
        },
        "city":{
          "type":"string",
          "description":"City",
          "example":"Sample City"
        },
        "state":{
          "type":"string",
          "description":"State",
          "example":"Sample State"
        },
        "postalCode":{
          "type":"string",
          "description":"Postal Code",
          "example":"1XX"
        },
        "country":{
          "type":"string",
          "description":"Country",
          "example":"United Arab Emirates"
        }
      }
    },
    "initiateKYCUpdateRequest_Obj":{
      "type":"object",
      "required":[
        "branchCode",
        "comments",
        "customerIdentifier",
        "customerName",
        "environment",
        "functionCategory",
        "instance",
        "segment",
        "serviceCategory",
        "source"
      ],
      "properties":{
        "environment":{
          "type":"string",
          "description":"Environment",
          "example":""
        },
        "segment":{
          "type":"string",
          "description":"Segment",
          "example":""
        },
        "instance":{
          "type":"string",
          "description":"Instance",
          "example":""
        },
        "functionCategory":{
          "type":"string",
          "description":"Function Category",
          "example":""
        },
        "serviceCategory":{
          "type":"string",
          "description":"Service Category",
          "example":""
        },
        "branchCode":{
          "type":"string",
          "description":"Branch Code",
          "example":"100"
        },
        "customerIdentifier":{
          "type":"string",
          "description":"Customer Identifier",
          "example":"1XXXXX7"
        },
        "customerName":{
          "type":"string",
          "description":"Customer Name",
          "example":"Test Name"
        },
        "identity":{
          "type":"array",
          "items":{
            "$ref":"#/definitions/identityObj"
          }
        },
        "comments":{
          "type":"string",
          "description":"Comments",
          "example":""
        },
        "accountNumber":{
          "type":"string",
          "description":"Account Number",
          "example":""
        },
        "accountType":{
          "type":"string",
          "description":"Account Type",
          "example":""
        },
        "accountCurrency":{
          "type":"string",
          "description":"Account Currency",
          "example":"AED"
        },
        "source":{
          "type":"string",
          "description":"Source",
          "example":""
        },
        "attachments":{
          "type":"array",
          "items":{
            "$ref":"#/definitions/attachmentsObj"
          }
        },
        "flagName":{
          "type":"string",
          "description":"Flag Name",
          "example":""
        }
      }
    },
    "CalculateLoanInstallmentRequest":{
      "type":"object",
      "properties":{
        "applicationArea":{
          "$ref":"#/definitions/applicationArea"
        },
        "dataArea":{
          "$ref":"#/definitions/LoanInstallmentRequest_RDO"
        }
      }
    },
    "contactPointsObj":{
      "type":"object",
      "properties":{
        "registeredMobileNumber":{
          "type":"string",
          "description":"Registered Mobile Number",
          "example":"+97150XXXXXXX"
        },
        "alternateMobileNumber":{
          "type":"string",
          "description":"Alternate Mobile Number",
          "example":"+97150XXXXXXX"
        },
        "residenceNumber":{
          "type":"string",
          "description":"Residence Number",
          "example":"+9712XXXXXXX"
        },
        "fax":{
          "type":"string",
          "description":"Fax Number",
          "example":"+9712XXXXXXX"
        },
        "email":{
          "type":"string",
          "description":"Email",
          "example":"myemail@mydomain.com"
        }
      }
    },
    "SearchCustomerResponse":{
      "type":"object",
      "required":[
        "responseStatus"
      ],
      "properties":{
        "applicationArea":{
          "$ref":"#/definitions/applicationArea"
        },
        "dataArea":{
          "$ref":"#/definitions/SearchCustomer_RDO"
        },
        "responseStatus":{
          "$ref":"#/definitions/respStatus_RDO"
        }
      }
    },
    "getKYCUpdateStatusResponse_Obj":{
      "type":"object",
      "properties":{
        "customerIdentifier":{
          "type":"string",
          "description":"Customer Identifier",
          "example":""
        },
        "kycUpdateStatus":{
          "type":"string",
          "description":"KYC Update Status",
          "example":"MINI"
        },
        "documentType":{
          "type":"string",
          "description":"Document Type",
          "example":"PAS"
        },
        "creationDate":{
          "type":"string",
          "description":"Creation Date",
          "example":"2020-02-22"
        }
      }
    },
    "Error_AppArea":{
      "type":"object",
      "properties":{
        "applicationArea":{
          "$ref":"#/definitions/applicationArea"
        },
        "responseStatus":{
          "$ref":"#/definitions/respStatus_RDO"
        }
      }
    },
    "LoanInstallmentResponse_RDO":{
      "type":"object",
      "properties":{
        "repaymentAmount":{
          "type":"string",
          "format":"double",
          "description":"Repayment Amount",
          "example":5000.00
        },
        "installmentDetails":{
          "description":"record count",
          "$ref":"#/definitions/Installment_RDO"
        },
        "termDetails":{
          "$ref":"#/definitions/Term_RDO"
        }
      }
    },
    "initiateKYCUpdateResponse":{
      "type":"object",
      "properties":{
        "applicationArea":{
          "$ref":"#/definitions/applicationArea"
        },
        "responseStatus":{
          "$ref":"#/definitions/respStatus_RDO"
        }
      }
    },
    "initiateCustomerDetailsUpdateRequest":{
      "type":"object",
      "properties":{
        "applicationArea":{
          "$ref":"#/definitions/applicationArea"
        },
        "dataArea":{
          "$ref":"#/definitions/initiateCustomerDetailsUpdateRequest_Obj"
        }
      }
    },
    "InvolvedParty1_RDO":{
      "type":"object",
      "properties":{
        "firstName":{
          "type":"string",
          "description":"First Name",
          "example":"First"
        },
        "lastName":{
          "type":"string",
          "description":"Last Name",
          "example":"Last"
        },
        "middleName":{
          "type":"string",
          "description":"Middle Name",
          "example":"Middle"
        },
        "fullName":{
          "type":"string",
          "description":"Full Name",
          "example":"Test Full Name"
        },
        "prefix":{
          "type":"string",
          "description":"Prefix Title",
          "example":"Mr."
        },
        "birthDate":{
          "type":"string",
          "format":"date",
          "description":"Date Of Birth",
          "example":"YYYY-MM-DD"
        },
        "gender":{
          "type":"string",
          "description":"Gender",
          "example":"Male"
        },
        "nationality":{
          "type":"string",
          "description":"Nationality",
          "example":"Nationality"
        },
        "emirate":{
          "type":"string",
          "description":"Emirate",
          "example":"Emirate"
        },
        "country":{
          "type":"string",
          "description":"Country Name",
          "example":"United Arab Emirates"
        },
        "martialStatus":{
          "type":"string",
          "description":"Marital Status",
          "example":"Married"
        },
        "segment":{
          "type":"string",
          "description":"Segment",
          "example":"Mass"
        },
        "placeOfBirth":{
          "type":"string",
          "description":"Place of Birth City",
          "example":"Sample Place"
        },
        "placeOfBirthCountry":{
          "type":"string",
          "description":"Place of Birth Country",
          "example":"United Arab Emirates"
        },
        "mnemonic":{
          "type":"string",
          "description":"Mnemonic",
          "example":""
        },
        "isResident":{
          "type":"string",
          "description":"Is Resident?",
          "example":"Yes"
        },
        "shortName":{
          "type":"string",
          "description":"Short Name",
          "example":"Test Short"
        },
        "initiationType":{
          "type":"string",
          "description":"Customer Onboarding Initiation Type",
          "example":"UAEPASS/EID/NTC"
        },
        "typcif":{
          "type":"string",
          "description":"CIF",
          "example":""
        },
        "grossIncome":{
          "type":"string",
          "description":"Gross Income",
          "example":""
        },
        "customerIdentifier":{
          "type":"string",
          "description":"Customer Identifier",
          "example":"1XXXXX7"
        },
        "cif":{
          "type":"string",
          "description":"CIF",
          "example":""
        },
        "accountingUnitIdentifier":{
          "type":"string",
          "description":"Company Code",
          "example":""
        },
        "isPrimary":{
          "type":"boolean",
          "description":"Is Primary?",
          "example":"true"
        },
        "sector":{
          "type":"string",
          "description":"Sector",
          "example":""
        },
        "target":{
          "type":"string",
          "description":"Target",
          "example":""
        },
        "intellectId":{
          "type":"string",
          "description":"Intellect Id",
          "example":""
        },
        "identity":{
          "type":"array",
          "items":{
            "$ref":"#/definitions/Identity_RDO"
          }
        },
        "contacts":{
          "type":"array",
          "items":{
            "$ref":"#/definitions/ContactPoint_RDO"
          }
        },
        "address":{
          "type":"array",
          "items":{
            "$ref":"#/definitions/Address_RDO"
          }
        }
      }
    },
    "applicationArea":{
      "type":"object",
      "required":[
        "correlationId",
        "countryOfOrigin",
        "transactionDateTime",
        "transactionId"
      ],
      "properties":{
        "correlationId":{
          "type":"string",
          "description":"Unique identifier used for identifying the transaction lifecycle",
          "example":"1234DEFG89"
        },
        "countryOfOrigin":{
          "type":"string",
          "minLength":2,
          "maxLength":2,
          "description":"Country of origination of the request. ISO 3166 country codes in two bytes format",
          "example":"AE"
        },
        "creationDateTime":{
          "type":"string",
          "format":"date-time",
          "description":"Creation date of the service in ISO 8601 YYYY-MM-DDTHH:MM:SS:sssZ format. This is an optional field"
        },
        "interfaceID":{
          "type":"string",
          "description":"Logical reference of the Interface that intiated the service. This is an optional field",
          "example":"GSB"
        },
        "requiredExecutionDate":{
          "type":"string",
          "format":"date-time",
          "description":"Date on which the transaction needs to be actually posted in ISO 8601 YYYY-MM-DDTHH:MM:SS:sssZ format. This is an optional field"
        },
        "senderUserId":{
          "type":"string",
          "description":"Sender's User ID. Information about a user who has initiated the transaction",
          "example":"AMO12345"
        },
        "senderBranchId":{
          "type":"string",
          "description":"Sender's Branch ID. Information about a user who has initiated the transaction",
          "example":""
        },
        "senderId":{
          "type":"string",
          "description":"Unique identification for the consumer. This will be agreed by Service owner at the time of setup. It will need to be passed in all requests",
          "example":"MOB"
        },
        "transactionDateTime":{
          "type":"string",
          "format":"date-time",
          "description":"The data and time the request is initiated in ISO 8601 format: YYYY-MM-DDTHH:MM:SS:sssZ"
        },
        "transactionId":{
          "type":"string",
          "example":"WLT1254378DEFG",
          "description":"Unique transaction reference id assigned by the Sender to identify the message"
        },
        "transactionTimeZone":{
          "type":"string",
          "description":"Timezone in which transaction is initiated",
          "example":"GMT+4"
        },
        "senderAuthorizationID":{
          "type":"string",
          "description":"Identification of the Authorizer who has authorized the transaction. This is an optional field",
          "example":""
        },
        "senderReferenceID":{
          "type":"string",
          "description":"Reference ID from Sender to identify the event that cause the service invocation. This is an optional field",
          "example":""
        },
        "senderAuthorizationComments":{
          "type":"string",
          "description":"Comments of the Authorizer on authorizing the transaction. This is an optional field",
          "example":"Approved"
        },
        "state":{
          "type":"string",
          "description":"State",
          "example":""
        }
      }
    },
    "documentsObj":{
      "type":"object",
      "properties":{
        "drivingLicenseNumber":{
          "type":"string",
          "description":"Driving License Number",
          "example":"123XXXXXXX"
        },
        "visaNumber":{
          "type":"string",
          "description":"Visa Number",
          "example":"123XXXXXXXXXXXX"
        },
        "visaExpiryDate":{
          "type":"string",
          "description":"Visa Expiry Date",
          "example":"YYYY-MM-DD"
        },
        "passportNumber":{
          "type":"string",
          "description":"Passport Number",
          "example":"ABCXXXXXX"
        },
        "passportExpiryDate":{
          "type":"string",
          "description":"Passport Expiry Date",
          "example":"YYYY-MM-DD"
        }
      }
    },
    "Identity_RDO":{
      "type":"object",
      "properties":{
        "identityType":{
          "type":"string",
          "description":"Identity Type",
          "example":"PAS"
        },
        "identityNumber":{
          "type":"string",
          "description":"Identity Number",
          "example":"ABC12XXXX"
        },
        "identityExpiryDate":{
          "type":"string",
          "format":"date",
          "description":"Identity Expiry Date",
          "example":"YYYY-MM-DD"
        },
        "identityIssueDate":{
          "type":"string",
          "format":"date",
          "description":"Identity Issue Date",
          "example":"2012-02-22"
        },
        "identityIssuePlace":{
          "type":"string",
          "description":"Identity Issue Place",
          "example":"Dubai"
        },
        "identityFileNumber":{
          "type":"string",
          "description":"Identity File number if applicable",
          "example":"N/A"
        }
      }
    },
    "SearchCustomer_RDO":{
      "type":"object",
      "properties":{
        "parties":{
          "type":"array",
          "items":{
            "$ref":"#/definitions/InvolvedParty1_RDO"
          }
        },
        "count":{
          "type":"integer",
          "description":"Record Count",
          "example":10
        }
      }
    },
    "attachmentsObj":{
      "type":"object",
      "properties":{
        "fileContent":{
          "type":"string",
          "description":"File Content",
          "example":"FAXXXXXXX5Z543ZXASFQFASXXXXXXXXXXXXXFQFASDF2AVC345Z543ZXASFQ=="
        },
        "fileContentType":{
          "type":"string",
          "description":"File Content Type",
          "example":"application/pdf"
        },
        "fileFormat":{
          "type":"string",
          "description":"File Format",
          "example":"PDF"
        },
        "fileSize":{
          "type":"string",
          "description":"File Size",
          "example":"1365400"
        },
        "fileName":{
          "type":"string",
          "description":"File Name",
          "example":"Passport_Copy.pdf"
        }
      }
    },
    "SearchCustomerRequest":{
      "type":"object",
      "properties":{
        "applicationArea":{
          "$ref":"#/definitions/applicationArea"
        },
        "dataArea":{
          "$ref":"#/definitions/Identifier_RDO"
        }
      }
    },
    "initiateCustomerDetailsUpdateResponse":{
      "type":"object",
      "properties":{
        "applicationArea":{
          "$ref":"#/definitions/applicationArea"
        },
        "responseStatus":{
          "$ref":"#/definitions/respStatus_RDO"
        }
      }
    },
    "Address_RDO":{
      "type":"object",
      "properties":{
        "addressType":{
          "type":"string",
          "description":"Address Type",
          "example":"H"
        },
        "addressLine1":{
          "type":"string",
          "description":"Address Line 1",
          "example":"Sample Street"
        },
        "addressLine2":{
          "type":"string",
          "description":"Address Line 2",
          "example":"Sample Address Line 2 "
        },
        "addressLine3":{
          "type":"string",
          "description":"Address Line 3",
          "example":"Sample Address Line 3"
        },
        "addressLine4":{
          "type":"string",
          "description":"Address Line 4",
          "example":"Sample Address Line 5"
        },
        "city":{
          "type":"string",
          "description":"City",
          "example":"Sample City"
        },
        "state":{
          "type":"string",
          "description":"State",
          "example":"Dubai"
        },
        "country":{
          "type":"string",
          "description":"Country",
          "example":"United Arab Emirates"
        },
        "postalCode":{
          "type":"string",
          "description":"Postal Code",
          "example":"60XXXX"
        },
        "postOfficeBox":{
          "type":"string",
          "description":"Post Office Box",
          "example":"123"
        }
      }
    },
    "CalculateLoanInstallmentResponse":{
      "type":"object",
      "properties":{
        "applicationArea":{
          "$ref":"#/definitions/applicationArea"
        },
        "dataArea":{
          "$ref":"#/definitions/LoanInstallmentResponse_RDO"
        },
        "responseStatus":{
          "$ref":"#/definitions/respStatus_RDO"
        }
      }
    },
    "respStatus_RDO_metaData":{
      "type":"object",
      "properties":{
        "dateFormat":{
          "type":"string",
          "description":"",
          "example":""
        }
      }
    },
    "initiateCustomerDetailsUpdateRequest_Obj":{
      "type":"object",
      "required":[
        "bpmsReferenceNumber",
        "flagName",
        "folderId",
        "formRigRefNo"
      ],
      "properties":{
        "formRigRefNo":{
          "type":"string",
          "description":"Form Registeration Reference Number",
          "example":""
        },
        "bpmsReferenceNumber":{
          "type":"string",
          "description":"BPMS Reference Number",
          "example":""
        },
        "folderId":{
          "type":"string",
          "description":"Folder Id",
          "example":""
        },
        "flagName":{
          "type":"string",
          "description":"Flag Name",
          "example":""
        },
        "operationType":{
          "type":"string",
          "description":"Operation Type",
          "example":""
        },
        "actionedBy":{
          "type":"string",
          "description":"Actioned By",
          "example":""
        },
        "actionedTime":{
          "type":"string",
          "description":"Actioned Time",
          "example":"2017-07-21T17:32:28Z"
        },
        "remarks":{
          "type":"string",
          "description":"Remarks",
          "example":""
        },
        "companyName":{
          "type":"string",
          "description":"Company Name",
          "example":"Sample Company"
        },
        "department":{
          "type":"string",
          "description":"Department",
          "example":"IT Department"
        },
        "emirate":{
          "type":"string",
          "description":"Emirates",
          "example":"Dubai"
        },
        "motherMaidenName":{
          "type":"string",
          "description":"Mother Maiden Name",
          "example":"Name"
        },
        "customerStatus":{
          "type":"string",
          "description":"Customer Status",
          "example":""
        },
        "customerName":{
          "type":"string",
          "description":"Customer Name",
          "example":"Test Full Name"
        },
        "documents":{
          "$ref":"#/definitions/documentsObj"
        },
        "address":{
          "type":"array",
          "items":{
            "$ref":"#/definitions/addressObj"
          }
        },
        "contactPoints":{
          "$ref":"#/definitions/contactPointsObj"
        }
      }
    },
    "LoanInstallmentRequest_RDO":{
      "type":"object",
      "required":[
        "batchNumber",
        "loanAmount",
        "loanCategory",
        "salary"
      ],
      "properties":{
        "batchNumber":{
          "type":"string",
          "description":"Batch Number",
          "example":""
        },
        "loanCategory":{
          "type":"string",
          "description":"Loan Category",
          "example":""
        },
        "loanAmount":{
          "type":"string",
          "format":"double",
          "description":"Loan Amount",
          "example":500000.00
        },
        "salary":{
          "type":"string",
          "format":"double",
          "description":"Salary",
          "example":500000.00
        },
        "accountOpenDate":{
          "type":"string",
          "format":"date",
          "description":"Account Open Date",
          "example":"2019-04-26"
        },
        "isLayoutApproved":{
          "type":"string",
          "description":"Is Layout Approved?",
          "enum":[
            "Y",
            "N"
          ]
        },
        "isOwningTradeLicense":{
          "type":"string",
          "description":"Is Owning Trade License?",
          "enum":[
            "Y",
            "N"
          ]
        }
      }
    },
    "respStatus_RDO":{
      "type":"object",
      "properties":{
        "status":{
          "type":"string",
          "description":"Response Status. Values - SUCCESS/ERROR/WARNING",
          "example":"SUCCESS"
        },
        "statusMessage":{
          "type":"string",
          "description":"Status Description",
          "example":"Successful"
        },
        "errorDetails":{
          "type":"array",
          "items":{
            "$ref":"#/definitions/errorDetails_RDO"
          }
        },
        "metaData":{
          "$ref":"#/definitions/respStatus_RDO_metaData"
        }
      }
    },
    "getKYCUpdateStatusRequest_Obj":{
      "type":"object",
      "properties":{
        "customerIdentifier":{
          "type":"string",
          "description":"Customer Identifier",
          "example":"1XXXXXXXX0"
        }
      }
    },
    "initiateKYCUpdateRequest":{
      "type":"object",
      "properties":{
        "applicationArea":{
          "$ref":"#/definitions/applicationArea"
        },
        "dataArea":{
          "$ref":"#/definitions/initiateKYCUpdateRequest_Obj"
        }
      }
    },
    "Identifier_RDO":{
      "type":"object",
      "properties":{
        "identifierType":{
          "type":"string",
          "description":"Identifier Type",
          "enum":[
            "MOBILENUMBER",
            "DEBITCARD",
            "CREDITCARD",
            "ACCOUNTNUMBER",
            "CIF",
            "EID",
            "CIN"
          ]
        },
        "identifier":{
          "type":"string",
          "description":"Identifier",
          "example":""
        }
      }
    },
    "ContactPoint_RDO":{
      "type":"object",
      "properties":{
        "contactType":{
          "type":"string",
          "description":"Contact Type",
          "example":"P"
        },
        "mobileNumber":{
          "type":"string",
          "description":"Mobile Number",
          "example":"+97150XXXXXXX"
        },
        "phoneNumber":{
          "type":"string",
          "description":"Phone Number",
          "example":"+9712XXXXXXX"
        },
        "email":{
          "type":"string",
          "description":"Email Address",
          "example":"myemail@mydomain.com"
        },
        "fax":{
          "type":"string",
          "description":"Fax Number",
          "example":"+9712XXXXXXX"
        }
      }
    },
    "getKYCUpdateStatusResponse":{
      "type":"object",
      "properties":{
        "applicationArea":{
          "$ref":"#/definitions/applicationArea"
        },
        "responseStatus":{
          "$ref":"#/definitions/respStatus_RDO"
        },
        "dataArea":{
          "$ref":"#/definitions/getKYCUpdateStatusResponse_Obj"
        }
      }
    },
    "getKYCUpdateStatusRequest":{
      "type":"object",
      "properties":{
        "applicationArea":{
          "$ref":"#/definitions/applicationArea"
        },
        "dataArea":{
          "$ref":"#/definitions/getKYCUpdateStatusRequest_Obj"
        }
      }
    }
  }
}