{
   "swagger": "2.0",
   "info": {
      "description": "Customer Onboarding APIs facilitates to create the Individual account opening process for new to bank customers.",
      "version": "1.0.0",
      "title": "Customer Onboarding"
   },
   "host": "api.bankfab.com",
   "basePath": "/customeronboarding/v2",
   "schemes": [
      "https"
   ],
   "paths": {
      "/close-account": {
         "post": {
            "tags": [
               "OnBoarding-Services"
            ],
            "summary": "Close Account",
            "description": "This service is invoked to close account in the core banking system.",
            "operationId": "closeAccount",
            "consumes": [
               "application/json"
            ],
            "produces": [
               "application/json"
            ],
            "parameters": [
               {
                  "in": "body",
                  "name": "closeAccount",
                  "description": "Close Account Request Payload",
                  "required": false,
                  "schema": {
                     "$ref": "#/definitions/CloseAccountRequest"
                  }
               }
            ],
            "responses": {
               "200": {
                  "description": "OK",
                  "schema": {
                     "$ref": "#/definitions/CloseAccountResponse"
                  }
               },
               "400": {
                  "description": "Bad Request",
                  "schema": {
                     "$ref": "#/definitions/Error_AppArea"
                  }
               },
               "500": {
                  "description": "Internal Server Error",
                  "schema": {
                     "$ref": "#/definitions/Error_AppArea"
                  }
               }
            }
         }
      },
      "/create-account": {
         "post": {
            "tags": [
               "OnBoarding-Services"
            ],
            "summary": "Create Account",
            "description": "This service is invoked to Create Account in the core banking system instantly with debit restriction and returns the account number. The debit restriction on the customer account will be removed once KYC fulfilment with customer.",
            "operationId": "createAccount",
            "consumes": [
               "application/json"
            ],
            "produces": [
               "application/json"
            ],
            "parameters": [
               {
                  "in": "body",
                  "name": "createAccount",
                  "description": "Create Account Request Payload",
                  "required": false,
                  "schema": {
                     "$ref": "#/definitions/CreateAccountRequest"
                  }
               }
            ],
            "responses": {
               "200": {
                  "description": "Create Customer Response Payload",
                  "schema": {
                     "$ref": "#/definitions/CreateAccountResponse"
                  }
               },
               "default": {
                  "description": "Unexpected error",
                  "schema": {
                     "$ref": "#/definitions/Error_AppArea"
                  }
               }
            }
         }
      },
      "/create-customer": {
         "post": {
            "tags": [
               "OnBoarding-Services"
            ],
            "summary": "Create Customer",
            "description": "This service is invoked to Create Customer in core banking system and returs the customer Id.",
            "operationId": "createCustomer",
            "consumes": [
               "application/json"
            ],
            "produces": [
               "application/json"
            ],
            "parameters": [
               {
                  "in": "body",
                  "name": "createCustomer",
                  "description": "Create Customer Request Payload",
                  "required": false,
                  "schema": {
                     "$ref": "#/definitions/CreateCustomerRequest"
                  }
               }
            ],
            "responses": {
               "200": {
                  "description": "Create Customer Response Payload",
                  "schema": {
                     "$ref": "#/definitions/CreateCustomerResponse"
                  }
               },
               "default": {
                  "description": "Unexpected error",
                  "schema": {
                     "$ref": "#/definitions/Error_AppArea"
                  }
               }
            }
         }
      },
      "/customer-details": {
         "post": {
            "tags": [
               "OnBoarding-Services"
            ],
            "summary": "Get Customer Details",
            "description": "This service is invoked to Get customer details based on the customer identifier.",
            "operationId": "getCustomerDetails",
            "consumes": [
               "application/json"
            ],
            "produces": [
               "application/json"
            ],
            "parameters": [
               {
                  "in": "body",
                  "name": "getCustomerDetails",
                  "description": "Request Payload",
                  "required": false,
                  "schema": {
                     "$ref": "#/definitions/GetCustomerRequest"
                  }
               }
            ],
            "responses": {
               "200": {
                  "description": "OK",
                  "schema": {
                     "$ref": "#/definitions/GetCustomerResponse"
                  }
               },
               "400": {
                  "description": "Bad Request",
                  "schema": {
                     "$ref": "#/definitions/Error_AppArea"
                  }
               },
               "500": {
                  "description": "Internal Server Error",
                  "schema": {
                     "$ref": "#/definitions/Error_AppArea"
                  }
               }
            }
         }
      },
      "/initiate-customer-sync": {
         "post": {
            "tags": [
               "OnBoarding-Services"
            ],
            "summary": "Initiate Customer Data Sync",
            "description": "Technical service performs the sync up of customer and account data instantly into stagging databases after creation of customer and account in core banking system.",
            "operationId": "initiateCustomerOfflineSync",
            "consumes": [
               "application/json"
            ],
            "produces": [
               "application/json"
            ],
            "parameters": [
               {
                  "in": "body",
                  "name": "initiateCustomerSync",
                  "description": "Request Payload",
                  "required": false,
                  "schema": {
                     "$ref": "#/definitions/InitiateCustomerSyncRequest"
                  }
               }
            ],
            "responses": {
               "200": {
                  "description": "Response Payload",
                  "schema": {
                     "$ref": "#/definitions/CommonResponse"
                  }
               },
               "default": {
                  "description": "Unexpected error",
                  "schema": {
                     "$ref": "#/definitions/Error_AppArea"
                  }
               }
            }
         }
      },
      "/initiate-process": {
         "post": {
            "tags": [
               "OnBoarding-Services"
            ],
            "summary": "Initiate Customer Onboarding",
            "description": "This service is invoked to initiate the customer onboarding process which will perform the customer screening, create customer & create account services.",
            "operationId": "initiateCustomerOnboarding",
            "consumes": [
               "application/json"
            ],
            "produces": [
               "application/json"
            ],
            "parameters": [
               {
                  "in": "body",
                  "name": "initiateCustomerOnboarding",
                  "description": "Customer Onboarding Request Payload",
                  "required": false,
                  "schema": {
                     "$ref": "#/definitions/CustomerOnboardingRequest"
                  }
               }
            ],
            "responses": {
               "200": {
                  "description": "Customer Onboarding Response Payload",
                  "schema": {
                     "$ref": "#/definitions/CustomerOnboardingResponse"
                  }
               },
               "default": {
                  "description": "Unexpected error",
                  "schema": {
                     "$ref": "#/definitions/Error_AppArea"
                  }
               }
            }
         }
      }
   },
   "definitions": {
      "errorDetails_RDO": {
         "type": "object",
         "properties": {
            "errorCode": {
               "type": "string",
               "description": "Code that defines the reason for the error. It is alphanumeric",
               "example": "SYS9999"
            },
            "errorDesc": {
               "type": "string",
               "description":"Details of the exception that has occurred",
               "example":"Technical Error in Interface"
            },
            "errorSource": {
               "type": "string",
               "description": "Error source"
            }
         }
      },
      "Employment_RDO": {
         "type": "object",
         "properties": {
            "employerType": {
               "type": "string",
               "description": "Employer Type",
               "example": "Full Time"
            },
            "businessType": {
               "type": "string",
               "description": "Business Type",
               "example": "Financial Institutions"
            },
            "employerName": {
               "type": "string",
               "description": "Employer Name",
               "example": "Sample Bank"
            },
            "isSelfEmployed": {
               "type": "string",
               "description": "Is Self Employed?",
               "example": "Yes"
            },
            "certificateOfRegistration": {
               "type": "string",
               "description": "Certificate Of Registration",
               "example": ""
            },
            "monthlySalary": {
               "type": "number",
               "format": "double",
               "description": "Monthly Salary",
               "example": 50000.00
            },
            "monthlySalaryCurrencyCode": {
               "type": "string",
               "description": "Currency code of the Income",
               "example": "AED"
            },
            "sourceOfIncome": {
               "type": "string",
               "description": "Source of Income",
               "example": "Monthly Salary"
            },
            "isRetired": {
               "type": "string",
               "description": "Is Customer Retired?",
               "example": "No"
            },
            "tradeLicenseNumber": {
               "type": "string",
               "description": "Trade License number",
               "example": "123456"
            },
            "identityExpiryDate": {
               "type": "string",
               "format": "date",
               "description": "Identity Expiry Date",
               "example": "2022-02-22"
            },
            "tradeLicenseExpiryDate": {
               "type": "string",
               "format": "date",
               "description": "Trade License Expiry Date",
               "example": "2022-04-24"
            },
            "tradeLicenseIssueDate": {
               "type": "string",
               "format": "date",
               "description": "Trade License Issue Date",
               "example": "2020-04-23"
            },
            "turnover": {
               "type": "string",
               "description": "Turnover",
               "example": "50000.00"
            },
            "transactionsCount": {
               "type": "string",
               "description": "Transactions Count",
               "example": "20"
            },
            "incomeType": {
               "type": "string",
               "description": "Income Type",
               "example": "Salary"
            },
            "incomeFrequency": {
               "type": "string",
               "description": "Income Frequency",
               "example": "Monthly"
            },
            "employerStatus": {
               "type": "string",
               "description": "Employer Status",
               "example": "Employed"
            },
            "designation": {
               "type": "string",
               "description": "Designation",
               "example": "Software Developer"
            },
            "isPensioner": {
               "type": "boolean",
               "description": "Is Customer pensioner?",
               "example": false
            },
            "employedSince": {
               "type": "string",
               "format": "date",
               "description": "Employed Since",
               "example": "2012-04-26"
            },
            "dateOfJoining": {
               "type": "string",
               "format": "date",
               "description": "Date of Joining",
               "example": "2012-04-26"
            },
            "employerAddress": {
               "$ref": "#/definitions/Address_RDO"
            }
         }
      },
      "KYCDetails_RDO": {
         "type": "object",
         "properties": {
            "nextKycDate": {
               "type": "string",
               "format": "date",
               "description": "Next KYC Date",
               "example": "2012-04-26"
            },
            "kycFlag": {
               "type": "string",
               "description": "KYC Flag",
               "example": "2012-04-26"
            },
            "kycDate": {
               "type": "string",
               "format": "date",
               "description": "KYC Date",
               "example": "2012-04-26"
            },
            "firstKycDate": {
               "type": "string",
               "format": "date",
               "description": "First KYC Date",
               "example": "2012-04-26"
            },
            "kycExpiryDate": {
               "type": "string",
               "format": "date",
               "description": "KYC Expiry Date",
               "example": "2012-04-26"
            },
            "isKYCUsingEID": {
               "type": "boolean",
               "description": "Is KYC Done via EID?",
               "example": true
            }
         }
      },
      "TaxResidency_RDO": {
         "type": "object",
         "properties": {
            "countryJurisdictionOfTaxResident": {
               "type": "string",
               "description": "Country Jurisdiction of Tax Resident",
               "example": ""
            },
            "taxIdentificationNumber": {
               "type": "string",
               "description": "TIN Identification Number",
               "example": ""
            },
            "reasonIfTINNotAvailable": {
               "type": "string",
               "description": "Reason If TIN is not Provided",
               "example": ""
            },
            "comments": {
               "type": "string",
               "description": "Depending on Reason, Provide Additional Comments",
               "example": ""
            }
         }
      },
      "GetCustomerRequest": {
         "type": "object",
         "properties": {
            "applicationArea": {
               "$ref": "#/definitions/applicationArea"
            },
            "dataArea": {
               "$ref": "#/definitions/CustomerIdentifier_RDO"
            }
         }
      },
      "Accounts_RDO": {
         "type": "object",
         "properties": {
            "accountName": {
               "type": "string",
               "description": "Account Name",
               "example": ""
            },
            "segment": {
               "type": "string",
               "description": "Segment",
               "example": ""
            },
            "accountTitle": {
               "type": "string",
               "description": "Account Title 1",
               "example": ""
            },
            "currencyMarket": {
               "type": "string",
               "description": "Currency Market",
               "example": ""
            },
            "accountOfficer": {
               "type": "string",
               "description": "Account Officer",
               "example": ""
            },
            "positionType": {
               "type": "string",
               "description": "Position Type",
               "example": ""
            },
            "shortTitle": {
               "type": "string",
               "description": "Short Title",
               "example": ""
            },
            "accountTitle1": {
               "type": "string",
               "description": "Account Title 2",
               "example": ""
            },
            "conditionGroup": {
               "type": "string",
               "description": "Condition Group",
               "example": ""
            },
            "passBook": {
               "type": "string",
               "description": "Pass Book",
               "example": ""
            },
            "alternateAccounts": {
               "type": "array",
               "items": {
                  "description": "category",
                  "$ref": "#/definitions/Common1_RDO"
               }
            },
            "openingCategory": {
               "type": "string",
               "description": "Opening Category",
               "example": ""
            },
            "openingDate": {
               "type": "string",
               "format": "date",
               "description": "Opening Date",
               "example": ""
            },
            "chargeCurrency": {
               "type": "string",
               "description": "Charge Currency",
               "example": ""
            },
            "isNettingAllowed": {
               "type": "string",
               "description": "Is Netting Allowed",
               "example": ""
            },
            "higherValueTransactionFlag": {
               "type": "string",
               "description": "Higher Value Transaction Flag",
               "example": ""
            },
            "closureDate": {
               "type": "string",
               "format": "date",
               "description": "Closure Date",
               "example": ""
            },
            "departmentCode": {
               "type": "string",
               "description": "Department Code",
               "example": ""
            },
            "recordNumber": {
               "type": "string",
               "description": "Record Number",
               "example": ""
            },
            "atmCard": {
               "type": "string",
               "description": "ATM Card",
               "example": ""
            },
            "issueReleaseLetter": {
               "type": "string",
               "description": "Issue Release Letter",
               "example": ""
            },
            "bookCode": {
               "type": "string",
               "description": "Segment",
               "example": ""
            },
            "recordStatus": {
               "type": "string",
               "description": "Record Status",
               "example": ""
            },
            "warningMessageExpiryDate": {
               "type": "string",
               "format": "date",
               "description": "Warning Message Expiry Date",
               "example": ""
            },
            "waiveLedgerFee": {
               "type": "string",
               "format": "double",
               "description": "Waive Ledger Fee",
               "example": ""
            },
            "mnemonic": {
               "type": "string",
               "description": "Mnemonic",
               "example": ""
            },
            "accountIdentifier": {
               "type": "string",
               "description": "Account Number",
               "example": ""
            },
            "capitalizationChargeDate": {
               "type": "string",
               "format": "date",
               "description": "Capitalization Date Charge",
               "example": ""
            },
            "postingRestriction": {
               "type": "string",
               "description": "Posting Restriction",
               "example": "12"
            },
            "customerIdentifier": {
               "type": "string",
               "description": "Customer Identifier",
               "example": ""
            },
            "currency": {
               "type": "string",
               "description": "Currency",
               "example": ""
            },
            "category": {
               "type": "string",
               "description": "Category",
               "example": ""
            },
            "accountingUnitIdentifier": {
               "type": "string",
               "description": "Company Code",
               "example": ""
            },
            "maker": {
               "type": "string",
               "description": "Maker",
               "example": ""
            },
            "creationDateTime": {
               "type": "string",
               "description": "Creation Date Time",
               "example": ""
            },
            "onlineClosureFlag": {
               "type": "string",
               "description": "Online Closure Flag",
               "example": ""
            },
            "checker": {
               "type": "string",
               "description": "Checker",
               "example": ""
            }
         }
      },
      "AdditionalInvolvedPartyDetails_RDO": {
         "type": "object",
         "properties": {
            "segment": {
               "type": "string",
               "description": "Segment",
               "example": ""
            },
            "customerRateSegment": {
               "type": "string",
               "description": "Customer Rate Segment",
               "example": ""
            },
            "industry": {
               "type": "string",
               "description": "Industry",
               "example": ""
            },
            "target": {
               "type": "string",
               "description": "Target",
               "example": ""
            },
            "accountOfficer": {
               "type": "string",
               "description": "Account Officer",
               "example": ""
            },
            "language": {
               "type": "string",
               "description": "Language",
               "example": ""
            },
            "residence": {
               "type": "string",
               "description": "Residence",
               "example": ""
            },
            "startDate": {
               "type": "string",
               "format": "date",
               "description": "Start Date",
               "example": ""
            },
            "mailLocation": {
               "type": "string",
               "description": "Mail Location",
               "example": ""
            },
            "holdLocation": {
               "type": "string",
               "description": "Hold Location",
               "example": ""
            },
            "accountingUnitIdentifier": {
               "type": "string",
               "description": "Accounting Unit Identifier",
               "example": ""
            },
            "company": {
               "type": "string",
               "description": "Company",
               "example": ""
            },
            "departmentCode": {
               "type": "string",
               "description": "Department Code",
               "example": ""
            },
            "customerStatus": {
               "type": "string",
               "description": "Customer Status",
               "example": ""
            },
            "preferredCurrency": {
               "type": "string",
               "description": "Preferred Currency",
               "example": "AED"
            },
            "branchCode": {
               "type": "string",
               "description": "Branch Code",
               "example": "0841"
            },
            "branchName": {
               "type": "string",
               "description": "Branch Name",
               "example": "Salama Branch"
            },
            "issueChequeBookIndicator": {
               "type": "boolean",
               "description": "Indicates whether cheque book needs to be issued",
               "example": true
            },
            "issueDebitCardIndicator": {
               "type": "boolean",
               "description": "Indicates whether debit card needs to be issued",
               "example": true
            },
            "transactionsCount": {
               "type": "string",
               "description": "Transactions Count",
               "example": "100"
            },
            "turnoverPerMonth": {
               "type": "string",
               "description": "Turnover Per Month",
               "example": "50000.00"
            },
            "activityType": {
               "type": "string",
               "description": "Type of Activity",
               "example": "Saving"
            },
            "nameOnCard": {
               "type": "string",
               "description": "Name on card",
               "example": ""
            },
            "sector": {
               "type": "string",
               "description": "Sector",
               "example": ""
            },
            "profession": {
               "type": "string",
               "description": "Profession",
               "example": ""
            },
            "issueAccountIndicator": {
               "type": "boolean",
               "description": "Indicates whether account needs to be issued",
               "example": true
            },
            "issueCreditCardIndicator": {
               "type": "boolean",
               "description": "Indicates whether credit card needs to be issued",
               "example": ""
            },
            "courierType": {
               "type": "string",
               "description": "Courier Type",
               "example": "666"
            },
            "riskAssessmentIndicator": {
               "type": "string",
               "description": "Risk Assessment Indicator",
               "example": ""
            },
            "statementMode": {
               "type": "string",
               "description": "Statement Mode",
               "example": ""
            },
            "subSegment": {
               "type": "string",
               "description": "Sub Segment",
               "example": ""
            }
         }
      },
      "CustomerDetails_RDO": {
         "type": "object",
         "properties": {
            "requestId": {
               "type": "string",
               "description": "Request Id",
               "example": "123456789"
            },
            "proofOfPresentationId": {
               "type": "string",
               "description": "Proof Of Presentation Id",
               "example": "0xgwaznvbeiXXXXXhfbemlofsjqw"
            },
            "initiationType": {
               "type": "string",
               "description": "Customer Onboarding Initiation Type",
               "example": "UAEPASS"
            },
            "party": {
               "$ref": "#/definitions/InvolvedParty_RDO"
            },
            "products": {
               "type": "array",
               "items": {
                  "$ref": "#/definitions/Products_RDO"
               }
            },
            "applicationResult": {
               "$ref": "#/definitions/ApplicationResult_RDO"
            },
            "FATCA": {
               "$ref": "#/definitions/FATCA_RDO"
            }
         }
      },
      "Error_AppArea": {
         "type": "object",
         "properties": {
            "applicationArea": {
               "$ref": "#/definitions/applicationArea"
            },
            "responseStatus": {
               "$ref": "#/definitions/respStatus_RDO"
            }
         }
      },
      "CustomerCreationDetails_RDO": {
         "type": "object",
         "properties": {
            "party": {
               "$ref": "#/definitions/InvolvedParty_RDO"
            },
            "applicationResult": {
               "$ref": "#/definitions/ApplicationResult_RDO"
            }
         }
      },
      "CloseAccountRequest": {
         "type": "object",
         "properties": {
            "applicationArea": {
               "$ref": "#/definitions/applicationArea"
            },
            "dataArea": {
               "$ref": "#/definitions/AccountClosure_RDO"
            }
         }
      },
      "InvolvedPartyWrapper_RDO": {
         "type": "object",
         "properties": {
            "firstName": {
               "type": "string",
               "description": "First Name",
               "example": "First"
            },
            "lastName": {
               "type": "string",
               "description": "Last Name",
               "example": "Last"
            },
            "middleName": {
               "type": "string",
               "description": "Middle Name",
               "example": "Middle"
            },
            "fullName": {
               "type": "string",
               "description": "Full Name",
               "example": "Full Name"
            },
            "prefix": {
               "type": "string",
               "description": "Prefix Title",
               "example": "Mr."
            },
            "birthDate": {
               "type": "string",
               "format": "date",
               "description": "Date Of Birth",
               "example": "YYYY-MM-DD"
            },
            "gender": {
               "type": "string",
               "description": "Gender",
               "example": "Male"
            },
            "nationality": {
               "type": "string",
               "description": "Nationality",
               "example": "Nationality"
            },
            "emirate": {
               "type": "string",
               "description": "Emirate",
               "example": "Dubai"
            },
            "country": {
               "type": "string",
               "description": "Country Name",
               "example": "United Arab Emirates"
            },
            "maritalStatus": {
               "type": "string",
               "description": "Marital Status",
               "example": "Married"
            },
            "segment": {
               "type": "string",
               "description": "Segment",
               "example": "Mass"
            },
            "placeOfBirth": {
               "type": "string",
               "description": "Place of Birth City",
               "example": "Dubai"
            },
            "placeOfBirthCountry": {
               "type": "string",
               "description": "Place of Birth Country",
               "example": "United Arab Emirates"
            },
            "mnemonic": {
               "type": "string",
               "description": "Mnemonic",
               "example": ""
            },
            "isResident": {
               "type": "string",
               "description": "Is Resident?",
               "example": "Yes"
            },
            "shortName": {
               "type": "string",
               "description": "Short Name",
               "example": "Short Name"
            },
            "initiationType": {
               "type": "string",
               "description": "Customer Onboarding Initiation Type",
               "example": "UAEPASS"
            },
            "identity": {
               "type": "array",
               "items": {
                  "$ref": "#/definitions/Identity_RDO"
               }
            },
            "contacts": {
               "type": "array",
               "items": {
                  "$ref": "#/definitions/ContactPoint_RDO"
               }
            },
            "address": {
               "type": "array",
               "items": {
                  "$ref": "#/definitions/Address_RDO"
               }
            },
            "employment": {
               "$ref": "#/definitions/Employment_RDO"
            },
            "kycInfo": {
               "$ref": "#/definitions/KYCDetails_RDO"
            },
            "additionalCustomerInfo": {
               "$ref": "#/definitions/AdditionalInvolvedPartyDetails_RDO"
            },
            "accounts": {
               "type": "array",
               "items": {
                  "$ref": "#/definitions/Accounts_RDO"
               }
            },
            "FATCA": {
               "$ref": "#/definitions/FATCA_RDO"
            },
            "mothersMaidenName": {
               "type": "string",
               "description": "Mother's Maiden Name",
               "example": "Mother Name"
            }
         }
      },
      "AccountBasic_RDO": {
         "type": "object",
         "properties": {
            "accountName": {
               "type": "string",
               "description": "Account Name",
               "example": "FABOne Current Account"
            },
            "postingRestriction": {
               "type": "string",
               "description": "Posting Restriction",
               "example": "12"
            },
            "customerIdentifier": {
               "type": "string",
               "description": "Customer Identifier",
               "example": "1XXXXX6"
            },
            "currency": {
               "type": "string",
               "description": "Currency",
               "example": "AED"
            },
            "category": {
               "type": "string",
               "description": "Category",
               "example": ""
            },
            "accountingUnitIdentifier": {
               "type": "string",
               "description": "Company Code",
               "example": "40"
            },
            "initiationType": {
               "type": "string",
               "description": "customer onboarding initiation type",
               "example": "UAEPASS"
            },
            "issueChequeBookIndicator": {
               "type": "boolean",
               "description": "Indicates whether cheque book needs to be issued",
               "example": "true"
            }
         }
      },
      "AccountClosure_RDO": {
         "type": "object",
         "properties": {
            "accountIdentifier": {
               "type": "string",
               "description": "Customer Account Number",
               "example": "12XXXXXXXXXXXX20"
            },
            "postingRestriction": {
               "type": "string",
               "description": "Identifies any restrictions for posting entries that are to be imposed on the Account",
               "example": "12"
            },
            "onlineClosureFlag": {
               "type": "string",
               "description": "Online Closure Flag",
               "example": "Y"
            },
            "accountingUnitIdentifier": {
               "type": "string",
               "description": "Company Code in which the account is created",
               "example": "40"
            }
         }
      },
      "InvolvedParty_RDO": {
         "type": "object",
         "properties": {
            "id": {
               "type": "string",
               "description": "Party Identifier",
               "example": "1XXXXX6"
            },
            "firstName": {
               "type": "string",
               "description": "First Name",
               "example": "First"
            },
            "lastName": {
               "type": "string",
               "description": "Last Name",
               "example": "Last"
            },
            "middleName": {
               "type": "string",
               "description": "Middle Name",
               "example": "Middle"
            },
            "fullName": {
               "type": "string",
               "description": "Full Name",
               "example": "Full Name"
            },
            "prefix": {
               "type": "string",
               "description": "Prefix Title",
               "example": "Mr."
            },
            "birthDate": {
               "type": "string",
               "format": "date",
               "description": "Date Of Birth",
               "example": "YYYY-MM-DD"
            },
            "gender": {
               "type": "string",
               "description": "Gender",
               "example": "Male"
            },
            "nationality": {
               "type": "string",
               "description": "Nationality",
               "example": "Nationality"
            },
            "emirate": {
               "type": "string",
               "description": "Emirate",
               "example": "Emirate"
            },
            "country": {
               "type": "string",
               "description": "Country Name",
               "example": "United Arab Emirates"
            },
            "martialStatus": {
               "type": "string",
               "description": "Marital Status",
               "example": "Married"
            },
            "segment": {
               "type": "string",
               "description": "Segment",
               "example": "Mass"
            },
            "placeOfBirth": {
               "type": "string",
               "description": "Place of Birth City",
               "example": "Dubai"
            },
            "placeOfBirthCountry": {
               "type": "string",
               "description": "Place of Birth Country",
               "example": "United Arab Emirates"
            },
            "mnemonic": {
               "type": "string",
               "description": "Mnemonic",
               "example": ""
            },
            "isResident": {
               "type": "string",
               "description": "Is Resident?",
               "example": "Yes"
            },
            "shortName": {
               "type": "string",
               "description": "Short Name",
               "example": "Short Name"
            },
            "initiationType": {
               "type": "string",
               "description": "Customer Onboarding Initiation Type",
               "example": "UAEPASS"
            },
            "identity": {
               "type": "array",
               "items": {
                  "$ref": "#/definitions/Identity_RDO"
               }
            },
            "contacts": {
               "type": "array",
               "items": {
                  "$ref": "#/definitions/ContactPoint_RDO"
               }
            },
            "address": {
               "type": "array",
               "items": {
                  "$ref": "#/definitions/Address_RDO"
               }
            },
            "employment": {
               "$ref": "#/definitions/Employment_RDO"
            },
            "kycInfo": {
               "$ref": "#/definitions/KYCDetails_RDO"
            },
            "additionalCustomerInfo": {
               "$ref": "#/definitions/AdditionalInvolvedPartyDetails_RDO"
            }
         }
      },
      "CommonResponse": {
         "type": "object",
         "properties": {
            "applicationArea": {
               "$ref": "#/definitions/applicationArea"
            },
            "responseStatus": {
               "$ref": "#/definitions/responseStatus_RDO"
            }
         }
      },
      "CustomerIdentifier_RDO": {
         "type": "object",
         "properties": {
            "customerIdentifier": {
               "type": "string",
               "description": "Core customer identifier"
            },
            "accountingUnitIdentifier": {
               "type": "string",
               "description": "company code"
            }
         }
      },
      "applicationArea": {
         "type": "object",
         "required": [
            "correlationId",
            "countryOfOrigin",
            "transactionDateTime",
            "transactionId"
         ],
         "properties": {
            "correlationId": {
               "type": "string",
               "description": "Unique identifier used for identifying the transaction lifecycle",
               "example": "100660066"
            },
            "countryOfOrigin": {
               "type": "string",
               "minLength": 2,
               "maxLength": 2,
               "description": "Country of origination of the request. ISO 3166 country codes in two bytes format",
               "example": "AE"
            },
            "creationDateTime": {
               "type": "string",
               "format": "date-time",
               "description": "Creation date of the service in ISO 8601 YYYY-MM-DDTHH:MM:SS:sssZ format. This is an optional field"
            },
            "interfaceID": {
               "type": "string",
               "description": "Logical reference of the Interface that intiated the service. This is an optional field",
               "example": "MOB"
            },
            "requiredExecutionDate": {
               "type": "string",
               "format" : "date-time",
               "description": "Date on which the transaction needs to be actually posted in ISO 8601 YYYY-MM-DDTHH:MM:SS:sssZ format. This is an optional field"
            },
            "senderUserId": {
               "type": "string",
               "description": "Sender's User ID. Information about a user who has initiated the transaction",
               "example": "GSB_USER"
            },
            "senderBranchId": {
               "type": "string",
               "description": "Sender's Branch ID. Information about a user who has initiated the transaction",
               "example": ""
            },
            "senderId": {
               "type": "string",
               "description": "Unique identification for the consumer. This will be agreed by Service owner at the time of setup. It will need to be passed in all requests",
               "example": "MOB"
            },
            "transactionDateTime": {
               "type": "string",
               "format": "date-time",
               "description": "The data and time the request is initiated in ISO 8601 format: YYYY-MM-DDTHH:MM:SS:sssZ"
            },
            "transactionId": {
               "type": "string",
               "example" : "WLT1254378DEFG",
               "description" : "Unique transaction reference id assigned by the Sender to identify the message"
            },
            "transactionTimeZone": {
               "type": "string",
               "description": "Timezone in which transaction is initiated",
               "example": "GMT+4"
            },
            "senderAuthorizationID": {
               "type": "string",
               "description" : "Identification of the Authorizer who has authorized the transaction. This is an optional field",
               "example": "BSR"
            },
            "senderReferenceID": {
               "type": "string",
               "description" : "Reference ID from Sender to identify the event that cause the service invocation. This is an optional field",
               "example": ""
            },
            "senderAuthorizationComments": {
               "type": "string",
               "description" : "Comments of the Authorizer on authorizing the transaction. This is an optional field",
               "example": "Approved"
            }
         }
      },
      "Identity_RDO": {
         "type": "object",
         "properties": {
            "identityType": {
               "type": "string",
               "description": "Identity Type",
               "example": "PAS"
            },
            "identityNumber": {
               "type": "string",
               "description": "Identity Number",
               "example": "ABC123456"
            },
            "identityExpiryDate": {
               "type": "string",
               "format": "date",
               "description": "Identity Expiry Date",
               "example": "2022-02-22"
            },
            "identityIssueDate": {
               "type": "string",
               "format": "date",
               "description": "Identity Issue Date",
               "example": "2012-02-22"
            },
            "identityIssuePlace": {
               "type": "string",
               "description": "Identity Issue Place",
               "example": "Dubai"
            },
            "identityFileNumber": {
               "type": "string",
               "description": "Identity File number if applicable",
               "example": "N/A"
            }
         }
      },
      "CreateAccountResponse": {
         "type": "object",
         "required": [
            "responseStatus"
         ],
         "properties": {
            "applicationArea": {
               "$ref": "#/definitions/applicationArea"
            },
            "dataArea": {
               "$ref": "#/definitions/Accounts_RDO"
            },
            "responseStatus": {
               "$ref": "#/definitions/respStatus_RDO"
            }
         }
      },
      "Address_RDO": {
         "type": "object",
         "properties": {
            "addressType": {
               "type": "string",
               "description": "Address Type",
               "example": "H"
            },
            "addressLine1": {
               "type": "string",
               "description": "Address Line 1",
               "example": "Address Line 1"
            },
            "addressLine2": {
               "type": "string",
               "description": "Address Line 2",
               "example": "Address Line 2 "
            },
            "addressLine3": {
               "type": "string",
               "description": "Address Line 3",
               "example": "Address Line 3"
            },
            "addressLine4": {
               "type": "string",
               "description": "Address Line 4",
               "example": "Address Line 4"
            },
            "city": {
               "type": "string",
               "description": "City",
               "example": "Sample City"
            },
            "state": {
               "type": "string",
               "description": "State",
               "example": "Emirate"
            },
            "country": {
               "type": "string",
               "description": "Country",
               "example": "United Arab Emirates"
            },
            "postalCode": {
               "type": "string",
               "description": "Postal Code",
               "example": "60XX01"
            },
            "postOfficeBox": {
               "type": "string",
               "description": "Post Office Box",
               "example": "1XX"
            }
         }
      },
      "InitiateCustomerSyncRequest": {
         "type": "object",
         "properties": {
            "applicationArea": {
               "$ref": "#/definitions/applicationArea"
            },
            "dataArea": {
               "$ref": "#/definitions/InvolvedPartyWrapper_RDO"
            }
         }
      },
      "CreateCustomerRequest": {
         "type": "object",
         "properties": {
            "applicationArea": {
               "$ref": "#/definitions/applicationArea"
            },
            "dataArea": {
               "$ref": "#/definitions/InvolvedPartyWrapper_RDO"
            }
         }
      },
      "ProductDetails_RDO": {
         "type": "object",
         "properties": {
            "currency": {
               "type": "string",
               "description": "Currency",
               "example": "AED"
            },
            "accountTitle": {
               "type": "string",
               "description": "Account Title",
               "example": "FABOne Current Account"
            },
            "nameOnCard": {
               "type": "string",
               "description": "Name on Card",
               "example": "Test Name"
            },
            "daoCode": {
               "type": "string",
               "description": "DAO Code",
               "example": "100"
            },
            "cardId": {
               "type": "string",
               "description": "Credit Card Id",
               "example": "D56FF8BC3E0XXXXXXXXXXX8F0A6FC977FBA141B"
            },
            "cardBIN": {
               "type": "string",
               "description": "Credit Card Bin",
               "example": "4341"
            },
            "eligibleCreditLimit": {
               "type": "string",
               "format": "double",
               "description": "Eligible Credit Limit",
               "example": 100000.00
            },
            "optedCreditLimit": {
               "type": "string",
               "format": "double",
               "description": "Opted Credit Limit",
               "example": 50000.00
            },
            "creditCardTitle": {
               "type": "string",
               "description": "Credit Card Title",
               "example": "Platinum Credit Card"
            },
            "defaultCreditLimitIndicator": {
               "type": "boolean",
               "description": "Default Credit Limit Flag",
               "example": false
            }
         }
      },
      "respStatus_RDO": {
         "type": "object",
         "properties": {
            "status": {
               "type": "string",
               "example" : "SUCCESS",
               "description": "Response Status. Values - SUCCESS/ERROR/WARNING"
            },
            "errorDetails": {
               "type": "array",
               "items": {
                  "$ref": "#/definitions/errorDetails_RDO"
               }
            }
         }
      },
      "responseStatus_RDO": {
         "type": "object",
         "properties": {
            "status": {
               "type": "string",
               "description": "service status SUCCESS/ERROR/WARNING"
            },
            "errorDetails": {
               "type": "array",
               "items": {
                  "description": "Error",
                  "$ref": "#/definitions/errorDetails_RDO"
               }
            }
         }
      },
      "ApplicationResult_RDO": {
         "type": "object",
         "properties": {
            "customerIdentifier": {
               "type": "string",
               "description": "Customer Identifier",
               "example": ""
            },
            "accountIdentifier": {
               "type": "string",
               "description": "Account Number",
               "example": ""
            },
            "screeningStatus": {
               "type": "string",
               "description": "Customer Screening Status",
               "example": ""
            },
            "overallStatus": {
               "type": "string",
               "description": "Overall Application Status",
               "example": ""
            },
            "accountCreationStatus": {
               "type": "string",
               "description": "Account Creation Status",
               "example": ""
            },
            "customerCreationStatus": {
               "type": "string",
               "description": "Customer Creation Status",
               "example": ""
            },
            "providerReferenceNumber": {
               "type": "string",
               "description": "Provider Reference Number",
               "example": ""
            },
            "iban": {
               "type": "string",
               "description": "IBAN Number",
               "example": ""
            },
            "swiftCode": {
               "type": "string",
               "description": "Swift Code",
               "example": ""
            },
            "checker": {
               "type": "string",
               "description": "Checker",
               "example": ""
            },
            "maker": {
               "type": "string",
               "description": "Maker",
               "example": ""
            },
            "creationDateTime": {
               "type": "string",
               "description": "Application Processing Date Time",
               "example": ""
            },
            "accountingUnitIdentifier": {
               "type": "string",
               "description": "Company Code",
               "example": ""
            },
            "screeningReferenceNumber": {
               "type": "string",
               "description": "Screening Reference Number",
               "example": ""
            },
            "leadIdentifier": {
               "type": "string",
               "description": "Lead Identifier",
               "example": ""
            },
            "leadStatus": {
               "type": "string",
               "description": "Lead Status",
               "example": ""
            },
            "leadErrorDetail": {
               "type": "string",
               "description": "Lead Error Details",
               "example": ""
            },
            "leadCreationDateTime": {
               "type": "string",
               "format": "date-time",
               "description": "Lead Creation Date Time",
               "example": "2019-07-21T17:32:28Z"
            },
            "creditEngineDecision": {
               "type": "string",
               "description": "Credit Engine Final Decision",
               "example": ""
            },
            "creditEngineReferenceNumber": {
               "type": "string",
               "description": "Credit Engine Reference Number",
               "example": ""
            }
         }
      },
      "CreateAccountRequest": {
         "type": "object",
         "properties": {
            "applicationArea": {
               "$ref": "#/definitions/applicationArea"
            },
            "dataArea": {
               "$ref": "#/definitions/AccountBasic_RDO"
            }
         }
      },
      "CustomerOnboardingRequest": {
         "type": "object",
         "properties": {
            "applicationArea": {
               "$ref": "#/definitions/applicationArea"
            },
            "dataArea": {
               "$ref": "#/definitions/CustomerDetails_RDO"
            }
         }
      },
      "ContactPoint_RDO": {
         "type": "object",
         "properties": {
            "contactType": {
               "type": "string",
               "description": "Contact Type",
               "example": ""
            },
            "mobileNumber": {
               "type": "string",
               "description": "Mobile Number",
               "example": ""
            },
            "phoneNumber": {
               "type": "string",
               "description": "Phone Number",
               "example": ""
            },
            "email": {
               "type": "string",
               "description": "Email Address",
               "example": ""
            },
            "fax": {
               "type": "string",
               "description": "Fax Number",
               "example": ""
            }
         }
      },
      "CustomerOnboardingResponse": {
         "type": "object",
         "required": [
            "responseStatus"
         ],
         "properties": {
            "applicationArea": {
               "$ref": "#/definitions/applicationArea"
            },
            "responseStatus": {
               "$ref": "#/definitions/respStatus_RDO"
            },
            "dataArea": {
               "$ref": "#/definitions/CustomerDetails_RDO"
            }
         }
      },
      "Products_RDO": {
         "type": "object",
         "properties": {
            "productIdentifier": {
               "type": "string",
               "description": "Product Identifier",
               "example": ""
            },
            "productGroupName": {
               "type": "string",
               "description": "Product Name",
               "example": ""
            },
            "productDescription": {
               "type": "string",
               "description": "Product Description",
               "example": ""
            },
            "term": {
               "type": "string",
               "description": "Term",
               "example": ""
            },
            "productTier": {
               "type": "string",
               "description": "Product Name",
               "example": ""
            },
            "productType": {
               "type": "string",
               "description": "Product Type",
               "example": ""
            },
            "preferences": {
               "type": "array",
               "items": {
                  "type": "string",
                  "description": "Preferences",
                  "example": ""
               }
            },
            "details": {
               "$ref": "#/definitions/ProductDetails_RDO"
            }
         }
      },
      "FATCA_RDO": {
         "type": "object",
         "properties": {
            "taxResidenceJurisdiction": {
               "type": "string",
               "description": "Country/Jurisdiction of Tax Residence ",
               "example": ""
            },
            "birthDate": {
               "type": "string",
               "format": "date",
               "description": "Date of Birth",
               "example": ""
            },
            "placeOfBirth": {
               "type": "string",
               "description": "Place of Birth City",
               "example": ""
            },
            "nationality": {
               "type": "array",
               "items": {
                  "type": "string",
                  "description": "Nationality",
                  "example": ""
               }
            },
            "placeOfBirthCountry": {
               "type": "string",
               "description": "Place of Birth Country",
               "example": ""
            },
            "otherNationalities": {
               "type": "array",
               "items": {
                  "type": "string",
                  "description": "Other Nationalities if applicable",
                  "example": "Nationality"
               }
            },
            "isUSPersonForTaxPurpose": {
               "type": "boolean",
               "description": "Is U.S person for Tax purpose?",
               "example": true
            },
            "socialSecurityNumber": {
               "type": "string",
               "description": "Social Security Number",
               "example": "012-12-1234"
            },
            "isTaxResidentOtherCountry": {
               "type": "boolean",
               "description": "Is Tax resident of a country, other than UAE or US?",
               "example": false
            },
            "taxResidencies": {
               "type": "array",
               "items": {
                  "$ref": "#/definitions/TaxResidency_RDO"
               }
            },
            "declarationIndicator": {
               "type": "boolean",
               "description": "FATCA/CRS Declaration",
               "example": true
            },
            "reasonForDeclarationDisagree": {
               "type": "string",
               "description": "If selected NO for declaration then provide the reason ",
               "example": "I can't understand some of the points, I will check wit my legal advisor and update."
            },
            "timeStamp": {
               "type": "string",
               "format": "date-time",
               "description": "FATCA/CRS timestamp",
               "example": "2019-07-21T17:32:28Z"
            },
            "status": {
               "type": "string",
               "description": "FATCA Status",
               "example": "Agree"
            },
            "isReportable": {
               "type": "boolean",
               "description": "Is Reportable?",
               "example": false
            }
         }
      },
      "Common1_RDO": {
         "type": "object",
         "properties": {
            "identifier": {
               "type": "string",
               "description": "Account Name",
               "example": ""
            },
            "status": {
               "type": "string",
               "description": "Category",
               "example": ""
            },
            "type": {
               "type": "string",
               "description": "Prefix",
               "example": ""
            }
         }
      },
      "CloseAccountResponse": {
         "type": "object",
         "required": [
            "responseStatus"
         ],
         "properties": {
            "applicationArea": {
               "$ref": "#/definitions/applicationArea"
            },
            "dataArea": {
               "$ref": "#/definitions/Accounts_RDO"
            },
            "responseStatus": {
               "$ref": "#/definitions/respStatus_RDO"
            }
         }
      },
      "GetCustomerResponse": {
         "type": "object",
         "required": [
            "responseStatus"
         ],
         "properties": {
            "applicationArea": {
               "$ref": "#/definitions/applicationArea"
            },
            "dataArea": {
               "$ref": "#/definitions/InvolvedPartyWrapper_RDO"
            },
            "responseStatus": {
               "$ref": "#/definitions/respStatus_RDO"
            }
         }
      },
      "CreateCustomerResponse": {
         "type": "object",
         "required": [
            "responseStatus"
         ],
         "properties": {
            "applicationArea": {
               "$ref": "#/definitions/applicationArea"
            },
            "dataArea": {
               "$ref": "#/definitions/CustomerCreationDetails_RDO"
            },
            "responseStatus": {
               "$ref": "#/definitions/respStatus_RDO"
            }
         }
      }
   }
}
