{
  "swagger": "2.0",
  "info": {
    "title": "Customer Onboarding",
    "version": "1.0.0",
    "description": "Customer Onboarding APIs facilitates to create the Wallet Account and Customer setup in the core banking system."
  },
  "host": "api.bankfab.com",
  "schemes": [
    "https"
  ],
  "basePath": "/customer/onboarding/v1",
  "paths": {
    "/account/create": {
      "post": {
        "summary": "Create Account",
        "description": "This service is used to create an account in core banking system and returns the account.",
        "operationId": "createAccount",
        "produces": [
          "application/json"
        ],
        "consumes": [
          "application/json"
        ],
        "parameters": [
          {
            "name": "createAccount",
            "in": "body",
            "schema": {
              "$ref": "#/definitions/createAccount"
            },
            "description": "Request Payload",
            "required": true
          }
        ],
        "tags": [
          "OnBoarding-Services"
        ],
        "responses": {
          "200": {
            "description": "Response Payload",
            "schema": {
              "$ref": "#/definitions/createAccountResponse"
            }
          },
          "default": {
            "description": "Unexpected error",
            "schema": {
              "$ref": "#/definitions/Error_AppArea"
            }
          }
        }
      }
    },
    "/customer/create": {
      "post": {
        "summary": "Create Customer",
        "description": "This service is used to create customer in core banking system instantly and returns customer identifier.",
        "tags": [
          "OnBoarding-Services"
        ],
        "operationId": "createCustomer",
        "consumes": [
          "application/json"
        ],
        "produces": [
          "application/json"
        ],
        "parameters": [
          {
            "name": "createCustomer",
            "in": "body",
            "description": "Request Payload",
            "required": true,
            "schema": {
              "$ref": "#/definitions/createCustomer"
            }
          }
        ],
        "responses": {
          "200": {
            "description": "Response Payload",
            "schema": {
              "$ref": "#/definitions/createCustomerResponse"
            }
          },
          "default": {
            "description": "Unexpected error",
            "schema": {
              "$ref": "#/definitions/Error_AppArea"
            }
          }
        }
      }
    },
    "/account/update": {
      "post": {
        "summary": "Update Wallet Accounts",
        "description": "This service is used to update wallet account details in core banking system.",
        "operationId": "updateAccount",
        "produces": [
          "application/json"
        ],
        "consumes": [
          "application/json"
        ],
        "parameters": [
          {
            "name": "updateAccount",
            "in": "body",
            "schema": {
              "$ref": "#/definitions/updateAccountRequest"
            },
            "description": "updateAccount Request",
            "required": true
          }
        ],
        "tags": [
          "OnBoarding-Services"
        ],
        "responses": {
          "200": {
            "description": "updateAccount Response",
            "schema": {
              "$ref": "#/definitions/updateAccountResponse"
            }
          },
          "default": {
            "description": "Unexpected error",
            "schema": {
              "$ref": "#/definitions/Error_AppArea"
            }
          }
        }
      }
    },
    "/wallet/customer/create": {
      "post": {
        "summary": "Create Wallet Customer",
        "description": "This service is used to create wallet customer and setup accounts in core banking system for Wallet users",
        "operationId": "processWalletCustomer",
        "produces": [
          "application/json"
        ],
        "consumes": [
          "application/json"
        ],
        "parameters": [
          {
            "name": "processWalletCustomer",
            "in": "body",
            "schema": {
              "$ref": "#/definitions/processWalletCustomer"
            },
            "description": "processWalletCustomer Request",
            "required": true
          }
        ],
        "tags": [
          "OnBoarding-Services"
        ],
        "responses": {
          "200": {
            "description": "processWalletCustomer Response",
            "schema": {
              "$ref": "#/definitions/processWalletCustomerResponse"
            }
          },
          "default": {
            "description": "Unexpected error",
            "schema": {
              "$ref": "#/definitions/Error_AppArea"
            }
          }
        }
      }
    }
  },
  "definitions": {
    "updateAccountRequest": {
      "type": "object",
      "properties": {
        "applicationArea": {
          "$ref": "#/definitions/applicationArea"
        },
        "dataArea": {
          "$ref": "#/definitions/updateAccountdataArea"
        }
      }
    },
    "updateAccountdataArea": {
      "type": "object",
      "properties": {
        "accountIdentifier": {
          "type": "string",
          "description": "Account Identifier",
          "example": ""
        },
        "postingRestriction": {
          "type": "string",
          "description": "Posting Restriction",
          "example": ""
        },
        "alternateAccounts": {
          "type": "array",
          "description": "Alternate Accounts",
          "example": "",
          "items": {
            "$ref": "#/definitions/alternateAccounts"
          }
        },
        "accountTitle1": {
          "type": "string",
          "description": "Account Title 1",
          "example": ""
        },
        "agentIdentifier": {
          "type": "string",
          "description": "Agent Identifier",
          "example": ""
        },
        "powerOfAttorney": {
          "$ref": "#/definitions/PowerOfAttorney"
        },
        "isChequeBookRequired": {
          "type": "string",
          "description": "Is Cheque Book Required?",
          "example": "Yes"
        },
        "isDebitCardRequired": {
          "type": "string",
          "description": "Is Debit Card Required?",
          "example": "Yes"
        },
        "hasMinor": {
          "$ref": "#/definitions/hasMinor"
        },
        "hasJointHolder": {
          "$ref": "#/definitions/hasJointHolder"
        }
      }
    },
    "hasMinor": {
      "type": "object",
      "properties": {
        "name": {
          "type": "string",
          "description": "Name",
          "example": "Name"
        },
        "birthDate": {
          "type": "string",
          "description": "Date of Birth",
          "example": "YYYY-MM-DD"
        },
        "identifierType": {
          "type": "string",
          "description": "Identifier Type",
          "example": ""
        },
        "identifier": {
          "type": "string",
          "description": "Identifier",
          "example": ""
        }
      }
    },
    "hasJointHolder": {
      "type": "object",
      "properties": {
        "identifier": {
          "type": "string",
          "description": "Joint Holder Identifier",
          "example": ""
        },
        "relationship": {
          "type": "string",
          "description": "Joint Holder Relationship",
          "example": ""
        },
        "description": {
          "type": "string",
          "description": "Description",
          "example": ""
        }
      }
    },
    "alternateAccounts": {
      "type": "object",
      "properties": {
        "type": {
          "type": "string",
          "description": "Type",
          "example": ""
        },
        "identifier": {
          "type": "string",
          "description": "Identifier",
          "example": ""
        },
        "status": {
          "type": "string",
          "description": "Status",
          "example": ""
        }
      }
    },
    "updateAccountResponse": {
      "type": "object",
      "properties": {
        "applicationArea": {
          "$ref": "#/definitions/applicationArea"
        },
        "responseStatus": {
          "$ref": "#/definitions/respStatus_RDO"
        }
      },
      "required": [
        "responseStatus"
      ]
    },
    "createAccount": {
      "type": "object",
      "properties": {
        "applicationArea": {
          "$ref": "#/definitions/applicationArea"
        },
        "dataAreaCreateAccountReq": {
          "$ref": "#/definitions/dataAreaCreateAccountReq"
        }
      }
    },
    "createAccountResponse": {
      "type": "object",
      "properties": {
        "applicationArea": {
          "$ref": "#/definitions/applicationArea"
        },
        "responseStatus": {
          "$ref": "#/definitions/respStatus_RDO"
        },
        "dataAreaCreateAccountRes": {
          "$ref": "#/definitions/dataAreaCreateAccountRes"
        }
      },
      "required": [
        "responseStatus"
      ]
    },
    "dataAreaCreateAccountReq": {
      "type": "object",
      "properties": {
        "cifNumber": {
          "type": "string",
          "description": "CIF Number",
          "example": ""
        },
        "accountTitle1": {
          "type": "string",
          "description": "Account Title 1",
          "example": ""
        },
        "category": {
          "type": "string",
          "description": "Category",
          "example": "6008-Customer Savings account"
        },
        "currency": {
          "type": "string",
          "description": "Currency",
          "example": "AED"
        }
      }
    },
    "dataAreaCreateAccountRes": {
      "type": "object",
      "properties": {
        "accountNumber": {
          "type": "string",
          "description": "Account Number",
          "example": ""
        },
        "accountingUnitIdentifier": {
          "type": "string",
          "description": "Accounting Unit Identifier",
          "example": ""
        },
        "category": {
          "type": "string",
          "description": "Category",
          "example": "6008-Customer Savings account"
        },
        "cifNumber": {
          "type": "string",
          "description": "CIF Number",
          "example": ""
        },
        "accountTitle1": {
          "type": "string",
          "description": "Account Title 1",
          "example": ""
        },
        "accountTitle2": {
          "type": "string",
          "description": "Account Title 2",
          "example": ""
        },
        "shortTitle": {
          "type": "string",
          "description": "Short Title",
          "example": ""
        },
        "positionType": {
          "type": "string",
          "description": "Position Type",
          "example": ""
        },
        "currency": {
          "type": "string",
          "description": "Currency",
          "example": ""
        },
        "currencyMarket": {
          "type": "string",
          "description": "Currency Market",
          "example": ""
        },
        "accountOfficer": {
          "type": "string",
          "description": "Account Officer",
          "example": ""
        },
        "conditionGroup": {
          "type": "string",
          "description": "Condition Group",
          "example": ""
        },
        "capDataCharge": {
          "type": "string",
          "description": "CAP Data Charge",
          "example": ""
        },
        "passBook": {
          "type": "string",
          "description": "Pass Book",
          "example": ""
        },
        "openingDate": {
          "type": "string",
          "description": "Opening Date",
          "example": ""
        },
        "openingCategory": {
          "type": "string",
          "description": "Opening Category",
          "example": ""
        },
        "chargeCurrency": {
          "type": "string",
          "description": "Charge Currency",
          "example": "AED"
        },
        "altAccountType": {
          "type": "string",
          "description": "Alt Account Type",
          "example": ""
        },
        "altAccountId": {
          "type": "string",
          "description": "Alt Account Id",
          "example": ""
        },
        "allowNetting": {
          "type": "string",
          "description": "taskId",
          "example": ""
        },
        "hvtFlag": {
          "type": "string",
          "description": "HVT Flag",
          "example": ""
        },
        "currNo": {
          "type": "string",
          "description": "Curr No",
          "example": ""
        },
        "inputter": {
          "type": "string",
          "description": "Inputter",
          "example": ""
        },
        "dateTime": {
          "type": "string",
          "description": "Date Time",
          "example": ""
        },
        "authoriser": {
          "type": "string",
          "description": "Authoriser",
          "example": ""
        },
        "companyCode": {
          "type": "string",
          "description": "Company Code",
          "example": ""
        },
        "departmentCode": {
          "type": "string",
          "description": "Department Code",
          "example": ""
        },
        "atmCard": {
          "type": "string",
          "description": "ATM Card",
          "example": ""
        },
        "bookCode": {
          "type": "string",
          "description": "Book Code",
          "example": ""
        },
        "closureDate": {
          "type": "string",
          "description": "Closure Date",
          "example": "2020-02-22"
        },
        "postingRestrict": {
          "type": "string",
          "description": "Posting Restriction",
          "example": ""
        },
        "issueRelLt": {
          "type": "string",
          "description": "issueRelLt",
          "example": ""
        },
        "recordStatus": {
          "type": "string",
          "description": "Record Status",
          "example": ""
        },
        "waiveLedgerFee": {
          "type": "string",
          "description": "Waive Ledger Fee",
          "example": "10"
        },
        "warExpDate": {
          "type": "string",
          "description": "Exp Date",
          "example": "YYYY-MM-DD"
        },
        "categoryDesc": {
          "type": "string",
          "description": "Category Description",
          "example": ""
        },
        "compId": {
          "type": "string",
          "description": "Comp Id",
          "example": ""
        }
      }
    },
    "Error_AppArea": {
      "type": "object",
      "properties": {
        "applicationArea": {
          "$ref": "#/definitions/applicationArea"
        },
        "responseStatus": {
          "$ref": "#/definitions/respStatus_RDO"
        }
      }
    },
    "applicationArea": {
      "properties": {
        "correlationId": {
          "type": "string",
          "description": "Unique identifier used for identifying the transaction lifecycle",
          "example": "1234DEFG89"
        },
        "countryOfOrigin": {
          "maxLength": 2,
          "minLength": 2,
          "type": "string",
          "description": "Country of origination of the request. ISO 3166 country codes in two bytes format",
          "example": "AE"
        },
        "creationDateTime": {
          "type": "string",
          "format": "date-time",
          "description": "Creation date of the service in ISO 8601 YYYY-MM-DDTHH:MM:SS:sssZ format. This is an optional field"
        },
        "interfaceID": {
          "type": "string",
          "description": "Logical reference of the Interface that intiated the service. This is an optional field",
          "example": ""
        },
        "requiredExecutionDate": {
          "type": "string",
          "format": "date-time",
          "description": "Date on which the transaction needs to be actually posted in ISO 8601 YYYY-MM-DDTHH:MM:SS:sssZ format. This is an optional field"
        },
        "senderUserId": {
          "type": "string",
          "description": "Sender's User ID. Information about a user who has initiated the transaction",
          "example": "AMO12345"
        },
        "senderBranchId": {
          "type": "string",
          "description": "Sender's Branch ID. Information about a user who has initiated the transaction",
          "example": ""
        },
        "senderId": {
          "type": "string",
          "description": "Unique identification for the consumer. This will be agreed by Service owner at the time of setup. It will need to be passed in all requests",
          "example": "MOB"
        },
        "transactionDateTime": {
          "type": "string",
          "format": "date-time",
          "description": "The data and time the request is initiated in ISO 8601 format: YYYY-MM-DDTHH:MM:SS:sssZ"
        },
        "transactionId": {
          "type": "string",
          "example" : "WLT1254378DEFG",
          "description" : "Unique reference id assigned by the Sender to identify the transaction"
        },
        "transactionTimeZone": {
          "type": "string",
          "description": "Timezone in which transaction is initiated",
          "example": "GMT+4"
        },
        "senderAuthorizationID": {
          "type": "string",
          "description" : "Identification of the Authorizer who has authorized the transaction. This is an optional field",
          "example": ""
        },
        "senderReferenceID": {
          "type": "string",
          "description" : "Reference ID from Sender to identify the event that cause the service invocation. This is an optional field",
          "example": ""
        },
        "senderAuthorizationComments": {
          "type": "string",
          "description" : "Comments of the Authorizer on authorizing the transaction. This is an optional field",
          "example": ""
        }
      },
      "required": [
        "countryOfOrigin",
        "transactionId",
        "transactionDateTime",
        "correlationId"
      ],
      "type": "object"
    },
    "respStatus_RDO": {
      "type": "object",
      "properties": {
        "status": {
          "type": "string",
          "description" : "Response Status",
          "example": "SUCCESS"
        },
        "errorDetails": {
          "type": "array",
          "items": {
            "$ref": "#/definitions/errorDetails_RDO"
          }
        },
        "metaData": {
          "type": "object",
          "properties": {
            "dateFormat": {
              "type": "string",
              "example": "dd/MM/yyyy"
            }
          }
        }
      }
    },
    "errorDetails_RDO": {
      "type": "object",
      "properties": {
        "errorCode": {
          "type": "string",
          "description": "Code that defines the reason for the error. It is alphanumeric",
          "example": "SYS9999"
        },
        "errorDesc": {
          "type": "string",
          "description": "Code that defines the reason for the error. It is alphanumeric",
          "example": "Technical Error in Interface" 
        }
      }
    },
    "Individual_RDO": {
      "type": "object",
      "properties": {
        "name": {
          "type": "string",
          "description": "Name",
          "example": ""
        },
        "relationship": {
          "type": "string",
          "description": "Relationship",
          "example": ""
        },
        "identifier": {
          "type": "string",
          "description": "Identifier",
          "example": ""
        },
        "identifierType": {
          "type": "string",
          "description": "Identifier Type",
          "example": ""
        },
        "birthDate": {
          "type": "string",
          "format": "date",
          "description": "Date of Birth",
          "example": "1976-0424"
        },
        "description": {
          "type": "string",
          "description": "Description",
          "example": ""
        }
      }
    },
    "OverdraftFacility": {
      "type": "object",
      "properties": {
        "isOverdraftAvailable": {
          "type": "boolean",
          "description": "Is Overdraft Available?",
          "example": false
        },
        "identifier": {
          "type": "string",
          "description": "Identifier",
          "example": ""
        },
        "isBasedOn": {
          "$ref": "#/definitions/Product"
        },
        "expiryDate": {
          "type": "string",
          "format": "date",
          "description": "Expiry Date",
          "example": "2024-04-24"
        }
      }
    },
    "PowerOfAttorney": {
      "type": "object",
      "properties": {
        "name": {
          "type": "string",
          "description": "Name",
          "example": "POA Name"
        },
        "passportNumber": {
          "type": "string",
          "description": "Passport Number",
          "example": "ABCXXXXXXX"
        },
        "passportExpiryDate": {
          "type": "string",
          "format": "date",
          "description": "Passport Expiry Date",
          "example": "YYYY-MM-DD"
        },
        "visaNumber": {
          "type": "string",
          "description": "Visa Number",
          "example": "123XXXXXXXXXX"
        },
        "visaExpiryDate": {
          "type": "string",
          "format": "date",
          "description": "Visa Expiry Date",
          "example": "YYYY-MM-DD"
        }
      }
    },
    "Product": {
      "type": "object",
      "properties": {
        "productIdentifier": {
          "type": "string",
          "description": "Product Identifier",
          "example": ""
        },
        "productGroup": {
          "type": "string",
          "description": "Product Group",
          "example": "Term Loan Arrangement"
        },
        "productGroupCode": {
          "type": "string",
          "description": "Product Group Code",
          "example": "CH"
        },
        "productDescription": {
          "type": "string",
          "description": "Product Description",
          "example": ""
        },
        "productTypeCode": {
          "type": "string",
          "description": "Product Type Code",
          "example": "CH"
        },
        "subProductIdentifier": {
          "type": "string",
          "description": "Sub Product Identifier",
          "example": ""
        },
        "subProductDescription": {
          "type": "string",
          "description": "Sub Product Description",
          "example": ""
        },
        "subProductTypeCode": {
          "type": "string",
          "description": "Sub Product Type Code",
          "example": ""
        }
      }
    },
    "PostingRestrictionConditions": {
      "type": "object",
      "properties": {
        "postingConditionCode": {
          "type": "string",
          "description": "Posting Condition Code",
          "example": ""
        },
        "postingConditionDescription": {
          "type": "string",
          "description": "Posting Condition Description",
          "example": ""
        },
        "accountPostingStatus": {
          "type": "string",
          "description": "Account Posting Status",
          "example": ""
        },
        "additionalInformation": {
          "type": "string",
          "description": "Additional Information",
          "example": ""
        }
      }
    },
    "AccountCollateralDocument": {
      "type": "object",
      "properties": {
        "isAvailable": {
          "type": "string",
          "description": "Is Available?",
          "example": ""
        },
        "belongsTo": {
          "type": "string",
          "description": "Belongs To",
          "example": ""
        },
        "description": {
          "type": "string",
          "description": "Description",
          "example": ""
        },
        "type": {
          "type": "string",
          "description": "Type",
          "example": "Security_Check"
        }
      }
    },
    "Alias": {
      "type": "object",
      "properties": {
        "identifierType": {
          "type": "string",
          "description": "Identifier Type",
          "example": ""
        },
        "identifier": {
          "type": "string",
          "description": "Identifier",
          "example": ""
        }
      }
    },
    "OrganizationUnit_RDO": {
      "type": "object",
      "properties": {
        "organizationUnitIdentifier": {
          "type": "string",
          "description": "Organization Unit Identifier",
          "example": ""
        },
        "organizationUnitDescription": {
          "type": "string",
          "description": "Organization Unit Description",
          "example": ""
        },
        "organizationUnitEnterpriseIdType": {
          "type": "string",
          "description": "Organization Unit Enterprise Id Type",
          "example": ""
        }
      }
    },
    "processWalletCustomer": {
      "type": "object",
      "properties": {
        "applicationArea": {
          "$ref": "#/definitions/applicationArea"
        },
        "dataAreaProcessWalletCustomerReq": {
          "$ref": "#/definitions/dataAreaCreateCustomerReq"
        }
      },
      "required": [
        "applicationArea"
      ]
    },
    "processWalletCustomerResponse": {
      "type": "object",
      "properties": {
        "applicationArea": {
          "$ref": "#/definitions/applicationArea"
        },
        "responseStatus": {
          "$ref": "#/definitions/respStatus_RDO"
        },
        "dataAreaProcessWalletCustomerRes": {
          "$ref": "#/definitions/dataAreaProcessWalletCustomerRes"
        }
      },
      "required": [
        "responseStatus"
      ]
    },
    "dataAreaProcessWalletCustomerRes": {
      "type": "object",
      "properties": {
        "cifNumber": {
          "type": "string",
          "description": "CIF Number",
          "example": ""
        },
        "accountNumber": {
          "type": "string",
          "description": "Account Number",
          "example": "1234567890123"
        },
        "accountName": {
          "type": "string",
          "description": "Account Name",
          "example": ""
        },
        "accountingUnitIdentifier": {
          "type": "string",
          "description": "Accounting Unit Identifier",
          "example": ""
        },
        "accountCategory": {
          "type": "string",
          "description": "Account Category",
          "example": ""
        },
        "accountCurrency": {
          "type": "string",
          "description": "Account Currency",
          "example": "AED"
        }
      }
    },
    "createCustomerResponse": {
      "type": "object",
      "properties": {
        "applicationArea": {
          "$ref": "#/definitions/applicationArea"
        },
        "responseStatus": {
          "$ref": "#/definitions/respStatus_RDO"
        },
        "dataAreaCreateCustomerRes": {
          "$ref": "#/definitions/dataAreaCreateCustomerRes"
        }
      },
      "required": [
        "responseStatus"
      ]
    },
    "createCustomer": {
      "type": "object",
      "properties": {
        "applicationArea": {
          "$ref": "#/definitions/applicationArea"
        },
        "dataAreaCreateCustomerReq": {
          "$ref": "#/definitions/dataAreaCreateCustomerReq"
        }
      },
      "required": [
        "applicationArea"
      ]
    },
    "dataAreaCreateCustomerRes": {
      "type": "object",
      "properties": {
        "cifNumber": {
          "type": "string",
          "description": "CIF Number",
          "example": "1234567"
        },
        "mnemonic": {
          "type": "string",
          "description": "Mnemonic",
          "example": ""
        },
        "shortName": {
          "type": "string",
          "description": "Short Name",
          "example": "Short"
        },
        "fullName": {
          "type": "string",
          "description": "Full Name",
          "example": "Full Name"
        },
        "name2": {
          "type": "string",
          "description": "Name 2",
          "example": ""
        },
        "address": {
          "type": "array",
          "items": {
            "$ref": "#/definitions/Address"
          },
          "description": "Customer Address Details (e.g: primary or secondary or mailing or office e.t.c)"
        },
        "sectorCode": {
          "type": "string",
          "description": "Sector Code",
          "example": ""
        },
        "relationshipManager": {
          "type": "string",
          "description": "Relationship Manager",
          "example": ""
        },
        "industryCode": {
          "type": "string",
          "description": "Industry Code",
          "example": ""
        },
        "targetCode": {
          "type": "string",
          "description": "Target Code",
          "example": ""
        },
        "nationality": {
          "type": "string",
          "description": "Nationality",
          "example": "Nationality"
        },
        "customerStatus": {
          "type": "string",
          "description": "Customer Status",
          "example": "Active"
        },
        "residesAt": {
          "type": "array",
          "items": {
            "$ref": "#/definitions/Location_RDO"
          }
        },
        "birthDate": {
          "type": "string",
          "description": "Date of Birth",
          "example": "1975-02-22"
        },
        "preferredLanguage": {
          "type": "string",
          "description": "Preferred Language",
          "example": "English"
        },
        "companyBook": {
          "type": "string",
          "description": "Company Book",
          "example": ""
        },
        "gender": {
          "type": "string",
          "description": "Gender",
          "example": "Male"
        },
        "amlCheck": {
          "type": "string",
          "description": "AML Check",
          "example": ""
        },
        "amlResult": {
          "type": "string",
          "description": "AML Result",
          "example": ""
        },
        "isResident": {
          "type": "string",
          "description": "Is Resident?",
          "example": "Yes"
        },
        "prefixTitle": {
          "type": "string",
          "description": "Prefix Title",
          "example": "Mr."
        },
        "contactPoints": {
          "$ref": "#/definitions/ContactDetails"
        },
        "custOpendate": {
          "type": "string",
          "description": "Customer Open Date",
          "example": "YYYY-MM-DD"
        },
        "tradeLicence": {
          "type": "string",
          "description": "Trade Licence",
          "example": ""
        },
        "tradeLicenceNumber": {
          "type": "string",
          "description": "Merchant Trade License Number",
          "example": "20201234567"
        },
        "tradeLicenceIssueDate": {
          "type": "string",
          "description": "Merchant Trade License Issue Date",
          "example": "YYYY-MM-DD"
        },
        "tradeLicenceExpDate": {
          "type": "string",
          "description": "Trade Licence Expiry Date",
          "example": "YYYY-MM-DD"
        },
        "mailLocation": {
          "type": "string",
          "description": "Mail Location",
          "example": ""
        },
        "holdLocation": {
          "type": "string",
          "description": "taskId",
          "example": ""
        },
        "amlSegment": {
          "type": "string",
          "description": "AML Segment",
          "example": ""
        },
        "documents": {
          "$ref": "#/definitions/DocumentationItem_RDO"
        },
        "sourceOfIncome": {
          "type": "string",
          "description": "Source Of Income",
          "example": "Salary"
        },
        "customerCurrency": {
          "type": "string",
          "description": "Customer Currency",
          "example": "AED"
        },
        "expTransactionCntPerMonth": {
          "type": "string",
          "description": "Expected Transaction Count per Month",
          "example": "100"
        },
        "kycDetails": {
          "$ref": "#/definitions/kycDetails"
        },
        "customerSegment": {
          "type": "string",
          "description": "Customer Segment",
          "example": ""
        },
        "registrationStatus": {
          "type": "string",
          "description": "Registration Status",
          "example": "MINI"
        },
        "extIdType": {
          "type": "string",
          "description": "Ext Id Type",
          "example": ""
        },
        "currNo": {
          "type": "string",
          "description": "Curr No",
          "example": ""
        },
        "inputter": {
          "type": "string",
          "description": "Inputter",
          "example": ""
        },
        "authoriser": {
          "type": "string",
          "description": "Authoriser",
          "example": ""
        },
        "companyCode": {
          "type": "string",
          "description": "Company Code",
          "example": ""
        },
        "departmentCode": {
          "type": "string",
          "description": "Department Code",
          "example": ""
        },
        "prepaidCardId": {
          "type": "string",
          "description": "Prepaid Card Id",
          "example": ""
        },
        "profession": {
          "type": "string",
          "description": "Profession",
          "example": "Software Developer"
        },
        "existingCIF": {
          "type": "string",
          "description": "Existing CIF",
          "example": ""
        },
        "customerfullName": {
          "type": "string",
          "description": "Customer Full Name",
          "example": "Full Name"
        }
      }
    },
    "dataAreaCreateCustomerReq": {
      "type": "object",
      "properties": {
        "fullName": {
          "type": "string",
          "description": "Full Name",
          "example": "Full Name"
        },
        "firstName": {
          "type": "string",
          "description": "First Name",
          "example": "First"
        },
        "lastName": {
          "type": "string",
          "description": "Last Name",
          "example": "Last"
        },
        "middleName": {
          "type": "string",
          "description": "Middle Name",
          "example": "De"
        },
        "prefixTitle": {
          "type": "string",
          "description": "Prefix Title",
          "example": "Mr."
        },
        "birthDate": {
          "type": "string",
          "format": "date",
          "description": "Date Of Birth",
          "example": "YYYY-MM-DD"
        },
        "startDate": {
          "type": "string",
          "format": "date",
          "description": "Start Date",
          "example": "2010-02-22"
        },
        "endDate": {
          "type": "string",
          "format": "date",
          "description": "End Date",
          "example": "2018-02-22"
        },
        "nationality": {
          "type": "string",
          "description": "Nationality",
          "example": "Nationality"
        },
        "registrationStatus": {
          "type": "string",
          "description": "Registration Status",
          "example": "FULL/MINI"
        },
        "existingCIF": {
          "type": "string",
          "description": "Existing FAB Custmers core Customer ID",
          "example": "1XXXXX7"
        },
        "enterpriseId": {
          "type": "array",
          "items": {
            "$ref": "#/definitions/EnterpriseIdentifier_RDO"
          }
        },
        "contactPoints": {
          "$ref": "#/definitions/ContactDetails"
        },
        "address": {
          "type": "array",
          "items": {
            "$ref": "#/definitions/Address"
          },
          "description": "Customer address details (e.g: primary or secondary or mailing or office etc.)"
        },
        "belongsTo": {
          "type": "array",
          "items": {
            "$ref": "#/definitions/ClassificationValue_RDO"
          }
        },
        "educationLevel": {
          "type": "string",
          "description": "Education Level",
          "example": "Post-Graduate"
        },
        "employmentDate": {
          "type": "string",
          "format": "date",
          "description": "Employment Date",
          "example": "2019-02-22"
        },
        "profession": {
          "type": "string",
          "description": "Profession",
          "example": "Software Architect"
        },
        "secondNationality": {
          "type": "string",
          "description": "Second Nationality",
          "example": "Nationality"
        },
        "customerType": {
          "type": "string",
          "description": "Customer Type",
          "example": "INDIVIDUAL/MERCHANT"
        },
        "industryCode": {
          "type": "string",
          "description": "Industry Code",
          "example": "5001"
        },
        "segmentCode": {
          "type": "string",
          "description": "Segment Code",
          "example": "1001"
        },
        "targetCode": {
          "type": "string",
          "description": "Taget Code",
          "example": "2001"
        },
        "gender": {
          "type": "string",
          "description": "Gender",
          "example": "Male"
        },
        "externalSystemName": {
          "type": "string",
          "description": "External System Name",
          "example": "CRM"
        },
        "maritalStatus": {
          "type": "string",
          "description": "Marital Status",
          "example": "Married"
        },
        "mothersMaidenName": {
          "type": "string",
          "description": "Mother's Maiden Name",
          "example": "Sri Saradha"
        },
        "isIncomeVerified": {
          "type": "string",
          "description": "Is Income Verified?",
          "example": "Yes"
        },
        "isPoliticallyExposedPerson": {
          "type": "string",
          "description": "Is Politically Exposed Person?",
          "example": "No"
        },
        "employedBy": {
          "$ref": "#/definitions/Organization_RDO"
        },
        "tradeLicenceNumber": {
          "type": "string",
          "description": "Merchant Trade License Number",
          "example": "20201234567"
        },
        "tradeLicenceIssueDate": {
          "type": "string",
          "format": "date",
          "description": "Merchant Trade License Issue Date",
          "example": "2018-02-20"
        },
        "tradeLicenceExpDate": {
          "type": "string",
          "format": "date",
          "description": "Merchant Trade License Expiry Date",
          "example": "2024-02-20"
        },
        "companyName": {
          "type": "string",
          "description": "Merchant Enterprise Name",
          "example": "Sample Merchant LLC"
        },
        "businessActivity": {
          "type": "string",
          "description": "Merchant Business Activity",
          "example": "Retail Fashion"
        },
        "turnOverRange": {
          "type": "string",
          "description": "Merchant Business Turnover Amount per Month",
          "example": "500000.00"
        },
        "emirate": {
          "type": "string",
          "description": "Emirate",
          "example": "Dubai"
        },
        "grossIncomeAsOnDate": {
          "type": "string",
          "format": "date",
          "description": "Gross Income As On Date",
          "example": "2020-02-20"
        },
        "grossIncome": {
          "type": "number",
          "format": "double",
          "description": "Gross Income",
          "example": 50000.00
        },
        "residesAt": {
          "type": "array",
          "items": {
            "$ref": "#/definitions/Location_RDO"
          }
        },
        "documents": {
          "$ref": "#/definitions/DocumentationItem_RDO"
        },
        "transactionPerMonth": {
          "type": "string",
          "description": "Transaction Per Month",
          "example": "100"
        },
        "kycDetails": {
          "$ref": "#/definitions/kycDetails"
        },
        "sourceOfIncome": {
          "type": "string",
          "description": "Source Of Income",
          "example": "Salary"
        },
        "customerCurrency": {
          "type": "string",
          "description": "Customer Currency",
          "example": "AED"
        },
        "taskId": {
          "type": "string",
          "description": "Task Id",
          "example": ""
        },
        "coreReferenceNumber": {
          "type": "string",
          "description": "Core Reference Number",
          "example": "123XXX789"
        },
        "prepaidCardId": {
          "type": "string",
          "description": "Prepaid Card Id",
          "example": ""
        }
      },
      "required": [
        "documents",
        "firstName",
        "lastName",
        "birthDate",
        "nationality",
        "customerType",
        "contactPoints"
      ]
    },
    "kycDetails": {
      "type": "object",
      "properties": {
        "kycDate": {
          "type": "string",
          "format": "date",
          "description": "KYC Date",
          "example": "2020-02-20"
        },
        "firstKYCDate": {
          "type": "string",
          "format": "date",
          "description": "First KYC Date",
          "example": "2020-02-10"
        },
        "nextKYCDate": {
          "type": "string",
          "format": "date",
          "description": "Next KYC Date",
          "example": "2020-08-20"
        },
        "kycExpDate": {
          "type": "string",
          "format": "date",
          "description": "KYC Expiry Date",
          "example": "2020-12-20"
        }
      }
    },
    "ContactDetails": {
      "type": "object",
      "properties": {
        "telephoneNumber": {
          "type": "string",
          "description": "Telephone Number",
          "example": "+97121234567"
        },
        "primarymobileNumber": {
          "type": "string",
          "description": "Primary Mobile Number",
          "example": "+97150XXXXXXX"
        },
        "registeredMobileNumber": {
          "type": "string",
          "description": "Registered Mobile Number",
          "example": "+97150XXXXXXX"
        },
        "secondaryMobileNumber": {
          "type": "string",
          "description": "Secondary Mobile Number",
          "example": "+97150XXXXXXX"
        },
        "otherMobileNumber": {
          "type": "string",
          "description": "Other Mobile Number",
          "example": "+97150XXXXXXX"
        },
        "email": {
          "type": "string",
          "description": "Email Address",
          "example": "myemail@mydomain.com"
        },
        "fax": {
          "type": "string",
          "description": "Fax Number",
          "example": "+9712XXXXXXX"
        },
        "contactType": {
          "type": "string",
          "description": "Contact Type",
          "example": "P"
        }
      }
    },
    "Address": {
      "type": "object",
      "properties": {
        "addressLine1": {
          "type": "string",
          "description": "Address 1",
          "example": "Address 1"
        },
        "addressLine2": {
          "type": "string",
          "description": "Address 2",
          "example": "Address 2"
        },
        "addressLine3": {
          "type": "string",
          "description": "Address 3",
          "example": "Address 3"
        },
        "city": {
          "type": "string",
          "description": "Name of the City",
          "example": "Emirate"
        },
        "state": {
          "type": "string",
          "description": "Name of the State",
          "example": "Emirate"
        },
        "country": {
          "type": "string",
          "description": "Country Name",
          "example": "United Arab Emirates"
        },
        "postalCode": {
          "type": "string",
          "description": "Postal Code",
          "example": "7XX"
        },
        "addressType": {
          "type": "string",
          "description": "HOME/OFFICE/OVERSEAS/OTHERS",
          "example": "HOME"
        }
      }
    },
    "EnterpriseIdentifier_RDO": {
      "type": "object",
      "properties": {
        "type": {
          "type": "string",
          "description": "Enterprise Identifier",
          "enum": [
            "System Customer Identifier",
            "Customer Identifier",
            "GLCMS Customer Identifier",
            "NI Customer Identifier",
            "Channel Identifier",
            "Employee Identifier",
            "Accounting Unit Identifier",
            "Clearing System Identifier"
          ]
        },
        "identifier": {
          "type": "string",
          "description": "Enterprise Identifier Value",
          "example": "IBMB"
        }
      }
    },
    "ClassificationValue_RDO": {
      "type": "object",
      "properties": {
        "type": {
          "type": "string",
          "description": "Classification Value",
          "enum": [
            "Customer Group",
            "Industry Classification",
            "Customer Market Segment",
            "Customer Sector",
            "Customer Classification",
            "INDUSTRY"
          ]
        },
        "name": {
          "type": "string",
          "description": "Classification Name",
          "example": "Emirati - Mass"
        }
      }
    },
    "Organization_RDO": {
      "type": "object",
      "properties": {
        "enterpriseId": {
          "$ref": "#/definitions/EnterpriseIdentifier_RDO"
        },
        "nameText": {
          "type": "string",
          "description": "Organization Name",
          "example": "Sample Bank"
        },
        "expiryDate": {
          "type": "string",
          "format": "date",
          "description": "Organization Trade License Expiry Date",
          "example": "YYYY-MM-DD"
        }
      }
    },
    "Location_RDO": {
      "type": "object",
      "properties": {
        "geographicArea": {
          "type": "string",
          "description": "Geographic Area Details",
          "enum": [
            "Region",
            "Country"
          ]
        },
        "name": {
          "type": "string",
          "description": "Location Details",
          "example": "United Arab Emirates"
        }
      }
    },
    "DocumentationItem_RDO": {
      "type": "object",
      "properties": {
        "emiratesId": {
          "type": "string",
          "description": "Emirates Identification(ID) Number",
          "example": "784XXXXXXXXXXXX"
        },
        "emiratesIdExpiryDate": {
          "type": "string",
          "format": "date",
          "description": "Emirates ID Expiry Date",
          "example": "YYYY-MM-DD"
        },
        "passportNumber": {
          "type": "string",
          "description": "Passport Number",
          "example": "K7XXXXXXX"
        },
        "passportNumberExpiryDate": {
          "type": "string",
          "format": "date",
          "description": "Passport Number Expiry Date",
          "example": "YYYY-MM-DD"
        },
        "visaNumber": {
          "type": "string",
          "description": "Visa Identification(ID) Number",
          "example": "V7XXXXXXX"
        },
        "visaNumberExpiryDate": {
          "type": "string",
          "format": "date",
          "description": "Visa Expiry Date",
          "example": "YYYY-MM-DD"
        },
        "nationalId": {
          "type": "string",
          "description": "National Identification(ID) Number",
          "example": "N7XXXXXXXX"
        },
        "nationalIdExpiryDate": {
          "type": "string",
          "format": "date",
          "description": "National ID Expiry Date",
          "example": "YYYY-MM-DD"
        },
        "familyBookId": {
          "type": "string",
          "description": "Family Book Identification(ID) Number",
          "example": "F5XXXXXX"
        }
      }
    }
  }
}
