{
  "swagger": "2.0",
  "info": {
    "description": "Enables Direct Debit collection for corporate entities. This services are used for Direct Debit Registration, Amendment, Cancellation, Collection, Stop Payment Instruction and various enquiries",
    "version": "1.0.0",
    "title": "Direct Debit"
  },
  "host": "api.bankfab.com",
  "basePath": "/directdebit/v1",
  "schemes": [
    "http",
    "https"
  ],
  "paths": {
    "/registration-request": {
      "post": {
        "tags": [
          "DDA-Services"
        ],
        "summary": "Initiate Direct Debit Registration or Amendment",
        "description": "Register new Direct Debit or Amend existing Direct Debit. Corporate having OIC registered with FAB can use this service",
        "operationId": "directDebitRegistrationRequest",
        "consumes": [
          "application/json"
        ],
        "produces": [
          "application/json"
        ],
        "parameters": [
          {
            "name": "Authorization",
            "in": "header",
            "required": false,
            "type": "string",
            "default": "Bearer {token}"
          },
          {
            "in": "body",
            "name": "directDebitRegistrationRequest",
            "description": "This service accepts DDA (Direct Debit Authority) Registration details along with request type.  If user wants to register new DDA then request type will be sent as 'RQST'. If user wants to amend existing DDA then request type will be sent as 'AMND'  along with respective Direct debit registration 'DDA Reference Number'.If user wants to register new DDA using Pre approved Authorization number'PAPP',then request type will be sent as 'PAPP' along with PAPP registration number. Use \"getDDAInformation\" API to get already registered DDA information for which amendment will be performed. Use \"getPurposeCodes\" API to get the purpose codes of DDA, to pass as a  parameter in this API. Use \"getOICList\" API to get the OIC 'originatorIdentificationCode'  for which DDA is going to be registered, to pass as a  parameter in this API.  The request parameter detials are listed below with sample",
            "required": false,
            "schema": {
              "$ref": "#/definitions/DDRegistrationRequest"
            }
          }
        ],
        "responses": {
          "201": {
            "description": "If the response code is success  created then DDA registration / amendment request is accpeted by FAB DDS system.  This will be sent to Central Bank to register or amend the DDS where the customer is registered.  To check the actual status of the registratin or amendment there is another API called  '/getRegistrationStatus' this will return registratin or amendment of the acutal status.",
            "schema": {
              "$ref": "#/definitions/DDRegistrationResponse"
            }
          },
          "400": {
            "description": "If the response code is failure / Bad Request then the respective request type is failed or error in FAB DDS system.  Refer the error code and error description for more information",
            "schema": {
              "$ref": "#/definitions/ErrorDefinition"
            }
          },
          "500": {
            "description": "If the response code is Internal Server Error then  there might be connectivity or timeout from the FAB DDS system Refer the response code and response description for more information",
            "schema": {
              "$ref": "#/definitions/ErrorDefinition"
            }
          }
        }
      }
    },
    "/registration-status": {
      "post": {
        "tags": [
          "DDA-Services"
        ],
        "summary": "Fetch Direct Debit Authority (DDA) registration status",
        "description": "Retrieve the status of DDA Registration OR Amendment OR Cancellation requests sent to Central Bank",
        "operationId": "getRegistrationStatus",
        "consumes": [
          "application/json"
        ],
        "produces": [
          "application/json"
        ],
        "parameters": [
          {
            "name": "Authorization",
            "in": "header",
            "required": false,
            "type": "string",
            "default": "Bearer {token}"
          },
          {
            "in": "body",
            "name": "getRegistrationStatus",
            "description": "Retreive the status of DDA Registration OR Amendment OR Cancellation requests to Central Bank by providing DDA reference number or other parameters provided in the request parameters",
            "required": false,
            "schema": {
              "$ref": "#/definitions/RegistrationStatusRequest"
            }
          }
        ],
        "responses": {
          "200": {
            "description": "If the response code is success / OK then actual CB  DDA status will be retrieved by FAB DDS system",
            "schema": {
              "$ref": "#/definitions/RegistrationStatusResponse"
            }
          },
          "400": {
            "description": "If the response code is failure / Bad Request then the respective DDA status were not avaialble in FAB DDS system.  Refer the error code and error description for more information",
            "schema": {
              "$ref": "#/definitions/ErrorDefinition"
            }
          },
          "500": {
            "description": "If the response code is Internal Server Error then  there might be connectivity or timeout from the FAB DDS system Refer the response code and response description for more information",
            "schema": {
              "$ref": "#/definitions/ErrorDefinition"
            }
          }
        }
      }
    },
    "/cancel-request": {
      "post": {
        "tags": [
          "DDA-Services"
        ],
        "summary": "Cancel Direct Debit Authority (DDA)",
        "description": "Direct Debit Cancellation Request by the corporate. This DDA was Registered successfully earlier.Use \"getDDAInformation\" API to get the already registered DDA information.",
        "operationId": "cancelDDARequest",
        "consumes": [
          "application/json"
        ],
        "produces": [
          "application/json"
        ],
        "parameters": [
          {
            "name": "Authorization",
            "in": "header",
            "required": false,
            "type": "string",
            "default": "Bearer {token}"
          },
          {
            "in": "body",
            "name": "cancelDDARequest",
            "description": "This service accepts 'DDA (Direct Debit Authority) Reference Number' and the reason code to cancel the existing DDA registration. Use \"getCancellatioReason\"  API to get the reason code to pass as a parameter in this API.  The request parameter detials are listed below with sample",
            "required": false,
            "schema": {
              "$ref": "#/definitions/DDCancellationRequest"
            }
          }
        ],
        "responses": {
          "200": {
            "description": "If the response code is success / created then DDA Cancelation request is accpeted by FAB DDS system.   This will  be sent to Central Bank to cancel the DDS where the customer is registered.   To check the actual status of the cancellation, there is another API called \"getCancellationRequestStatus\"  This will return cancellation of the acutal status.",
            "schema": {
              "$ref": "#/definitions/DDCancellationResponse"
            }
          },
          "400": {
            "description": "If the response code is failure / Bad Request then DDA Cancelation request is not accpeted by FAB DDS system.  Refer the error code and error description for more information",
            "schema": {
              "$ref": "#/definitions/ErrorDefinition"
            }
          },
          "500": {
            "description": "If the response code is Internal Server Error then  there might be connectivity or timeout from the FAB DDS system Refer the response code and response description for more information",
            "schema": {
              "$ref": "#/definitions/ErrorDefinition"
            }
          }
        }
      }
    },
    "/cancellation-reasons": {
      "get": {
        "tags": [
          "DDA-Services"
        ],
        "summary": "Fetch DDA Cancellation Reason",
        "description": "Fetch DDA Cancellation Reasons as per the CB specification  OR retrive description of a particular DDA Cancellation Reasons code.  This is used (as LOV) in DDA cancellation request",
        "operationId": "getCancellationReasons",
        "produces": [
          "application/json"
        ],
        "parameters": [
          {
            "name": "Authorization",
            "in": "header",
            "required": false,
            "type": "string",
            "default": "Bearer {token}"
          },
          {
            "name": "transactionId",
            "in": "query",
            "description": "Unique ID for Transaction which will be used to track the request by source system",
            "required": true,
            "type": "string"
          },
          {
            "name": "transactionDateTime",
            "in": "query",
            "description": "Date time Stamp that the given transaction was initiated by source system.",
            "required": true,
            "type": "string",
            "format": "date-time"
          },
          {
            "name": "countryOfOrigin",
            "in": "query",
            "description": "Entity country from which the request is made - CountryOfOrigin(ISO Alpha Country Code). UAE,OMN,KSA,EGY etc..",
            "required": true,
            "type": "string"
          },
          {
            "name": "senderId",
            "in": "query",
            "description": "The respective source system identifier to be passed. This will be used to validate the source system.  The other meaning is this as Channel Id. Core banking T24 as T24 Ibanking id as IBNK etc..",
            "required": true,
            "type": "string"
          },
          {
            "name": "language",
            "in": "query",
            "description": "The prefered language to get a response. If not provided, default is English 'EN'",
            "required": false,
            "type": "string"
          },
          {
            "name": "senderLocation",
            "in": "query",
            "description": "The actual location of the from which request has been made",
            "required": false,
            "type": "string"
          },
          {
            "name": "interfaceId",
            "in": "query",
            "description": "interface id",
            "required": false,
            "type": "string"
          },
          {
            "name": "cancelCode",
            "in": "query",
            "description": "The DDA registration cancel reason code selected by the user",
            "required": true,
            "type": "string"
          }
        ],
        "responses": {
          "200": {
            "description": "If the response code is success / OK then DDA Cancellation request is accpeted by FAB DDS system.   This will  be sent to Central Bank to cancel the DDS where the customer is registered.   To check the actual status of the cancellation, there is another API called \"getCancellationRequestStatus\"  This will return cancellation of the acutal status.",
            "schema": {
              "$ref": "#/definitions/NameValueCommonResponse"
            }
          },
          "400": {
            "description": "If the response code is failure / Bad Request then DDA Cancelation request is not accpeted by FAB DDS system.  Refer the error code and error description for more information",
            "schema": {
              "$ref": "#/definitions/ErrorDefinition"
            }
          },
          "500": {
            "description": "If the response code is Internal Server Error then  there might be connectivity or timeout from the FAB DDS system Refer the response code and response description for more information",
            "schema": {
              "$ref": "#/definitions/ErrorDefinition"
            }
          }
        }
      }
    },
    "/collection-request": {
      "post": {
        "tags": [
          "DDA-Services"
        ],
        "summary": "DDR collection request from Corporate",
        "description": "Corporate DDR collection request to collect funds from the payer account for the service provided / utilized invoice amount or loan installment amount or credit card due amount. The collected amount will be credited to the corporate account with the FAB.  This can be single or multiple DDR collection records. To check the status of the Collection,use \"getDDRCollectionStatus\" API ",
        "operationId": "processDDRCollectionRequest",
        "consumes": [
          "application/json"
        ],
        "produces": [
          "application/json"
        ],
        "parameters": [
          {
            "name": "Authorization",
            "in": "header",
            "required": false,
            "type": "string",
            "default": "Bearer {token}"
          },
          {
            "in": "body",
            "name": "processDDRCollectionRequest",
            "description": "User has to provide a DDR (Direct Debit Request Reference number)  along with claimed amount and other required parameter to recover the fund from the payer account  as Input parameters for the service",
            "required": false,
            "schema": {
              "$ref": "#/definitions/DDRCollectionRequest"
            }
          }
        ],
        "responses": {
          "201": {
            "description": "If the response code is success created then DDA collection request is accepted by FAB DDS system.   This will  be sent to Central Bank to recover the DDR from the payer customer account.   To check the actual status of the recover of fund there is another API called \"getDDRCollectionStatus\"  This will return recovered DDR acutal status.",
            "schema": {
              "$ref": "#/definitions/DDRCollectionResponse"
            }
          },
          "400": {
            "description": "If the response code is failure / Bad Request then DDA Recover request is not accpeted/rejected by FAB DDS system through CB.  Refer the error code and error description for more information",
            "schema": {
              "$ref": "#/definitions/ErrorDefinition"
            }
          },
          "500": {
            "description": "If the response code is Internal Server Error then  there might be connectivity or timeout from the FAB DDS system Refer the response code and response description for more information",
            "schema": {
              "$ref": "#/definitions/ErrorDefinition"
            }
          }
        }
      }
    },
    "/collection-status": {
      "post": {
        "tags": [
          "DDA-Services"
        ],
        "summary": "Get DDR collection status",
        "description": "Retrieve DDR collection status of the initiated DDR collection requests by providing DDR reference number or OIC number",
        "operationId": "getDDRCollectionStatus",
        "consumes": [
          "application/json"
        ],
        "produces": [
          "application/json"
        ],
        "parameters": [
          {
            "name": "Authorization",
            "in": "header",
            "required": false,
            "type": "string",
            "default": "Bearer {token}"
          },
          {
            "in": "body",
            "name": "getDDRCollectionStatus",
            "description": "This API provides DDR collection\recovery status of the initiated collection\recovery requests based on providing  a request DDR reference number and provide a DDR details along with the status of the recovery",
            "required": false,
            "schema": {
              "$ref": "#/definitions/DDRCollectionStatusRequest"
            }
          }
        ],
        "responses": {
          "200": {
            "description": "If the response code is success/OK created then DDA collection request is accepted by FAB DDS system.   This will  be sent to Central Bank to recover the DDR from the payer customer account.   To check the actual status of the recover of fund there is another API called \"getDDRCollectionStatus\"  This will return recovered DDR acutal status.",
            "schema": {
              "$ref": "#/definitions/DDRCollectionStatusResponse"
            }
          },
          "400": {
            "description": "If the response code is failure / Bad Request then DDA Recover request is not accpeted/rejected by FAB DDS system through CB.  Refer the error code and error description for more information",
            "schema": {
              "$ref": "#/definitions/ErrorDefinition"
            }
          },
          "500": {
            "description": "If the response code is Internal Server Error then  there might be connectivity or timeout from the FAB DDS system Refer the response code and response description for more information",
            "schema": {
              "$ref": "#/definitions/ErrorDefinition"
            }
          }
        }
      }
    },
    "/information": {
      "post": {
        "tags": [
          "DDA-Services"
        ],
        "summary": "Fetch DDA Information",
        "description": "Retrieve the registered details of a particular DDA. This can be used by Corporate or Retail customer",
        "operationId": "getDDAInformation",
        "consumes": [
          "application/json"
        ],
        "produces": [
          "application/json"
        ],
        "parameters": [
          {
            "name": "Authorization",
            "in": "header",
            "required": false,
            "type": "string",
            "default": "Bearer {token}"
          },
          {
            "in": "body",
            "name": "getDDAInformation",
            "description": "This API accept the input parameters as DDA (Direct Debit Authority number), OIC (Originator identificatiion code)  and in reponse respective DDA information will be provided like Payer infomration, DDA type, Expiry date etc.,which  are mentioned in the response parameters",
            "required": false,
            "schema": {
              "$ref": "#/definitions/DDAInformationRequest"
            }
          }
        ],
        "responses": {
          "200": {
            "description": "If the response code is success/OK created then DDA details are retrieved from FAB DDS system.",
            "schema": {
              "$ref": "#/definitions/DDAInformationResponse"
            }
          },
          "400": {
            "description": "If the response code is failure / Bad Request then DDA information details were not available in FAB DDS system.  Refer the error code and error description for more information",
            "schema": {
              "$ref": "#/definitions/ErrorDefinition"
            }
          },
          "500": {
            "description": "If the response code is Internal Server Error then  there might be connectivity or timeout from the FAB DDS system Refer the response code and response description for more information",
            "schema": {
              "$ref": "#/definitions/ErrorDefinition"
            }
          }
        }
      }
    },
    "/oic-list": {
      "get": {
        "tags": [
          "DDA-Services"
        ],
        "summary": "Fetch Originator Identification (OIC) Details",
        "description": "Retrieve list of all OICs registered with FAB or retrieve specific OIC details by passing OIC code",
        "operationId": "getOICList",
        "produces": [
          "application/json"
        ],
        "parameters": [
          {
            "name": "Authorization",
            "in": "header",
            "required": false,
            "type": "string",
            "default": "Bearer {token}"
          },
          {
            "name": "transactionId",
            "in": "query",
            "description": "Unique ID for Transaction which will be used to track the request by source system",
            "required": true,
            "type": "string"
          },
          {
            "name": "transactionDateTime",
            "in": "query",
            "description": "Date time Stamp that the given transaction was initiated by source system.",
            "required": true,
            "type": "string",
            "format": "date-time"
          },
          {
            "name": "countryOfOrigin",
            "in": "query",
            "description": "Entity country from which the request is made - CountryOfOrigin(ISO Alpha Country Code). UAE,OMN,KSA,EGY etc..",
            "required": true,
            "type": "string"
          },
          {
            "name": "senderId",
            "in": "query",
            "description": "The respective source system identifier to be passed. This will be used to validate the source system.  The other meaing is this as Channel Id. Core banking T24 as T24 Ibanking id as IBNK etc..",
            "required": true,
            "type": "string"
          },
          {
            "name": "language",
            "in": "query",
            "description": "The prefered language to get a response. If not provided, default is English 'EN'",
            "required": false,
            "type": "string"
          },
          {
            "name": "senderLocation",
            "in": "query",
            "description": "The actual location of the from which request has been made",
            "required": false,
            "type": "string"
          },
          {
            "name": "interfaceId",
            "in": "query",
            "description": "interface id",
            "required": false,
            "type": "string"
          },
          {
            "name": "originatorIdentificationCode",
            "in": "query",
            "description": "The originator identification code assigned to the Originator by UAEDDS",
            "required": false,
            "type": "number"
          }
        ],
        "responses": {
          "200": {
            "description": "If the response code is success/OK created then DDA details are retrieved from FAB DDS system.",
            "schema": {
              "$ref": "#/definitions/NameValueCommonResponse"
            }
          },
          "400": {
            "description": "If the response code is failure / Bad Request then OIC information details were not available in FAB DDS system.  Refer the error code and error description for more information",
            "schema": {
              "$ref": "#/definitions/ErrorDefinition"
            }
          },
          "500": {
            "description": "If the response code is Internal Server Error then  there might be connectivity or timeout from the FAB DDS system Refer the response code and response description for more information",
            "schema": {
              "$ref": "#/definitions/ErrorDefinition"
            }
          }
        }
      }
    },
    "/pre-collection-report": {
      "post": {
        "tags": [
          "DDA-Services"
        ],
        "summary": "Get DDA Pre-collection notification details for a Corpoate OIC",
        "description": "Retrieve the DDAs that are due for collection in next three days(configured) to notify Payer to maintain funds in the payer account.",
        "operationId": "getDDAPreCollectionReport",
        "consumes": [
          "application/json"
        ],
        "produces": [
          "application/json"
        ],
        "parameters": [
          {
            "name": "Authorization",
            "in": "header",
            "required": false,
            "type": "string",
            "default": "Bearer {token}"
          },
          {
            "in": "body",
            "name": "getDDAPreCollectionReport",
            "description": "The API expect DDA number (Direct Debit Authority number), OIC number (Originator Identificaiton Code),  number of days prior to collection and in response provide the DDA recovery details for  those many prior to number of days",
            "required": false,
            "schema": {
              "$ref": "#/definitions/DDAPreCollectionStatusRequest"
            }
          }
        ],
        "responses": {
          "200": {
            "description": "If the response code is success/OK created then DDA pre collection details are retrieved from FAB DDS system.",
            "schema": {
              "$ref": "#/definitions/DDAPreCollectionStatusResponse"
            }
          },
          "400": {
            "description": "If the response code is failure / Bad Request then DDA pre collection information details were not available in FAB DDS system.  Refer the error code and error description for more information",
            "schema": {
              "$ref": "#/definitions/ErrorDefinition"
            }
          },
          "500": {
            "description": "If the response code is Internal Server Error then  there might be connectivity or timeout from the FAB DDS system Refer the response code and response description for more information",
            "schema": {
              "$ref": "#/definitions/ErrorDefinition"
            }
          }
        }
      }
    },
    "/purpose-codes": {
      "get": {
        "tags": [
          "DDA-Services"
        ],
        "summary": "Fetch DDA Purpose Code list",
        "description": "Retrieve list of all DDA purpose codes mandated by CB  for DDA registration OR retrive description of a particular DDA purpose code.DDA purpose code is used (as LOV) in DDA registration request.",
        "operationId": "getPurposeCodes",
        "produces": [
          "application/json"
        ],
        "parameters": [
          {
            "name": "Authorization",
            "in": "header",
            "required": false,
            "type": "string",
            "default": "Bearer {token}"
          },
          {
            "name": "transactionId",
            "in": "query",
            "description": "Unique ID for Transaction which will be used to track the request by source system",
            "required": true,
            "type": "string"
          },
          {
            "name": "transactionDateTime",
            "in": "query",
            "description": "Date time Stamp that the given transaction was initiated by source system.",
            "required": true,
            "type": "string",
            "format": "date-time"
          },
          {
            "name": "countryOfOrigin",
            "in": "query",
            "description": "Entity country from which the request is made - CountryOfOrigin(ISO Alpha Country Code). UAE,OMN,KSA,EGY etc..",
            "required": true,
            "type": "string"
          },
          {
            "name": "senderId",
            "in": "query",
            "description": "The respective source system identifier to be passed. This will be used to validate the source system.  The other meaing is this as Channel Id. Core banking T24 as T24 Ibanking id as IBNK etc..",
            "required": true,
            "type": "string"
          },
          {
            "name": "language",
            "in": "query",
            "description": "The prefered language to get a response. If not provided, default is English 'EN'",
            "required": false,
            "type": "string"
          },
          {
            "name": "senderLocation",
            "in": "query",
            "description": "The actual location of the from which request has been made",
            "required": false,
            "type": "string"
          },
          {
            "name": "interfaceId",
            "in": "query",
            "description": "interface id",
            "required": false,
            "type": "string"
          },
          {
            "name": "purposeCode",
            "in": "query",
            "description": "DDA purpose code",
            "required": false,
            "type": "string"
          }
        ],
        "responses": {
          "200": {
            "description": "If the response code is success/OK then DDA purpose code details are retrieved from FAB DDS system.",
            "schema": {
              "$ref": "#/definitions/NameValueCommonResponse"
            }
          },
          "400": {
            "description": "If the response code is failure / Bad Request then DDA purpose codes information details were not available in FAB DDS system.  Refer the error code and error description for more information",
            "schema": {
              "$ref": "#/definitions/ErrorDefinition"
            }
          },
          "500": {
            "description": "If the response code is Internal Server Error then  there might be connectivity or timeout from the FAB DDS system Refer the response code and response description for more information",
            "schema": {
              "$ref": "#/definitions/ErrorDefinition"
            }
          }
        }
      }
    },
    "/report/AB903": {
      "post": {
        "tags": [
          "DDA-Services"
        ],
        "summary": "Fetch Reconciliation AB903 report",
        "description": "Fetch Reconciliation AB903(Settlement Summary for the Business Day)report which is provided by central bank",
        "operationId": "getReconciliationAB903Report",
        "consumes": [
          "application/json"
        ],
        "produces": [
          "application/json"
        ],
        "parameters": [
          {
            "name": "Authorization",
            "in": "header",
            "required": false,
            "type": "string",
            "default": "Bearer {token}"
          },
          {
            "in": "body",
            "name": "getReconciliationAB903Report",
            "description": "This API used to retrieve the settlement summary report based on the range of date.  API accepts from and to date and provide the settlment summary report details with the  range mentioned in the request parameters",
            "required": false,
            "schema": {
              "$ref": "#/definitions/ReconciliationRequest"
            }
          }
        ],
        "responses": {
          "200": {
            "description": "If the response code is success / Service success response then the details will be retrieved by FAB DDS system",
            "schema": {
              "$ref": "#/definitions/ReconciliationAB903Response"
            }
          },
          "400": {
            "description": "If the response code is client errors / Bad Request then no details were not avaialble in FAB DDS system.  Refer the error code and error description for more information",
            "schema": {
              "$ref": "#/definitions/ErrorDefinition"
            }
          },
          "500": {
            "description": "If the response code is Internal Server Error then  there might be connectivity or timeout from the FAB DDS system Refer the response code and response description for more information",
            "schema": {
              "$ref": "#/definitions/ErrorDefinition"
            }
          }
        }
      }
    },
    "/report/AB907": {
      "post": {
        "tags": [
          "DDA-Services"
        ],
        "summary": "Fetch Reconciliation AB907 report (Re-presentment Summary for the Business Day)",
        "description": "Fetch Reconciliation AB907(Re-presentment Summary for the Business Day) report provided by Central Bank",
        "operationId": "getReconciliationAB907Report",
        "consumes": [
          "application/json"
        ],
        "produces": [
          "application/json"
        ],
        "parameters": [
          {
            "name": "Authorization",
            "in": "header",
            "required": false,
            "type": "string",
            "default": "Bearer {token}"
          },
          {
            "in": "body",
            "name": "getReconciliationAB907Report",
            "description": "This API used to retrieve the re-presentment settlement summary report based on the range of date.  API accepts from and to date and provide the re-presentment settlment summary report details with the  range mentioned in the request parameters",
            "required": false,
            "schema": {
              "$ref": "#/definitions/ReconciliationRequest"
            }
          }
        ],
        "responses": {
          "200": {
            "description": "If the response code is success / Service success response then the details will be retrieved by FAB DDS system",
            "schema": {
              "$ref": "#/definitions/ReconciliationAB907Response"
            }
          },
          "400": {
            "description": "If the response code is client errors / Bad Request then no details were not avaialble in FAB DDS system.  Refer the error code and error description for more information",
            "schema": {
              "$ref": "#/definitions/ErrorDefinition"
            }
          },
          "500": {
            "description": "If the response code is Internal Server Error then  there might be connectivity or timeout from the FAB DDS system  Refer the response code and response description for more information",
            "schema": {
              "$ref": "#/definitions/ErrorDefinition"
            }
          }
        }
      }
    },
    "/stop-payment": {
      "post": {
        "tags": [
          "DDA-Services"
        ],
        "summary": "Stop DDA collection Request",
        "description": "Stop collection request of a particular DDA for a specific period",
        "operationId": "stopPaymentRequest",
        "consumes": [
          "application/json"
        ],
        "produces": [
          "application/json"
        ],
        "parameters": [
          {
            "name": "Authorization",
            "in": "header",
            "required": false,
            "type": "string",
            "default": "Bearer {token}"
          },
          {
            "in": "body",
            "name": "stopPaymentRequest",
            "description": "This service accepts DDA (Direct Debit Authority) Registration number which called 'DDA Reference Number'  to stop the collection / recovery of the payment for certain number of period. The request parameter detials are listed below with sample",
            "required": false,
            "schema": {
              "$ref": "#/definitions/StopDDAPaymentRequest"
            }
          }
        ],
        "responses": {
          "200": {
            "description": "If the response code is success / OK response then the request accepted by FAB DDS system",
            "schema": {
              "$ref": "#/definitions/StopDDAPaymentResponse"
            }
          },
          "400": {
            "description": "If the response code is client errors / Bad Request then stop payment request is rejected by FAB DDS system.  Refer the error code and error description for more information",
            "schema": {
              "$ref": "#/definitions/ErrorDefinition"
            }
          },
          "500": {
            "description": "If the response code is Internal Server Error then  there might be connectivity or timeout from the FAB DDS system Refer the response code and response description for more information",
            "schema": {
              "$ref": "#/definitions/ErrorDefinition"
            }
          }
        }
      }
    }
  },
  "definitions": {
    "DDACancellation_RDO": {
      "type": "object",
      "required": [
        "DDAReferenceNumber",
        "cancellationReasonCode",
        "customerType",
        "originatorIdentificationCode",
        "payerIdentificationNumber",
        "requestType"
      ],
      "properties": {
        "originatorIdentificationCode": {
          "type": "number",
          "description": "The originator identification code assigned to the Originator by UAEDDS",
          "example": "816XX0001"
        },
        "requestType": {
          "type": "string",
          "description": "DDA request type",
          "example": "CNCL,RQST,AMND",
          "maxLength": 4
        },
        "customerType": {
          "type": "string",
          "description": "The value should be either Individual or  Non Individual. For Instruction Code AMND, this value must be blank. This field should contain value in case of RQST/ PAUT/PAPP.",
          "example": "IN",
          "maxLength": 2
        },
        "payerIdentificationNumber": {
          "type": "string",
          "description": "Loan / Finance / Premises / Consumer Number that uniquely identifies the service at the originator for this DDA",
          "example": "234565",
          "maxLength": 26
        },
        "DDAReferenceNumber": {
          "type": "string",
          "description": "DDA reference number",
          "example": "816000001DDD19000000000",
          "maxLength": 23
        },
        "cancellationReasonCode": {
          "type": "string",
          "description": "Cancellation reason code as per CB specification",
          "example": "P01",
          "maxLength": 23
        },
        "captureMode": {
          "type": "string",
          "description": "For Instruction Code PAPP/PAUT, Use I - Through Internet Banking Portal Or P - Paper Based. For Instruction Code RQST/AMND, Use I - Through Internet Banking Portal",
          "example": "I",
          "maxLength": 1
        },
        "attachments": {
          "type": "array",
          "items": {
            "$ref": "#/definitions/Document_RDO"
          }
        }
      }
    },
    "errorDetails_RDO": {
      "type": "object",
      "properties": {
        "errorCode": {
          "type": "string"
        },
        "errorDesc": {
          "type": "string"
        }
      }
    },
    "DDAPreCollectionStatusResponse": {
      "type": "object",
      "properties": {
        "applicationArea": {
          "$ref": "#/definitions/applicationArea"
        },
        "dataArea": {
          "$ref": "#/definitions/DDAPreCollectionStatus_RDO"
        },
        "responseStatus": {
          "$ref": "#/definitions/responseStatus_RDO"
        }
      }
    },
    "RegistrationStatusResponse": {
      "type": "object",
      "properties": {
        "applicationArea": {
          "$ref": "#/definitions/applicationArea"
        },
        "dataArea": {
          "$ref": "#/definitions/DDARegistrationStatus_RDO"
        },
        "responseStatus": {
          "$ref": "#/definitions/responseStatus_RDO"
        }
      }
    },
    "DDAPreCollectionStatus_RDO": {
      "type": "object",
      "properties": {
        "DDAReferenceNumber": {
          "type": "string",
          "description": "DDA reference number",
          "example": "816000001DDD19000000000",
          "maxLength": 23
        },
        "status": {
          "type": "string",
          "description": "status",
          "maxLength": 10
        },
        "originatorIdentificationCode": {
          "type": "number",
          "description": "The originator identification code assigned to the Originator by UAEDDS",
          "example": "816XXXX01"
        },
        "commencementDate": {
          "type": "string",
          "format": "date-time",
          "description": "DDA commencement date",
          "example": "YYYY-MM-DD"
        },
        "expiryDate": {
          "type": "string",
          "format": "date-time",
          "description": "expiry date",
          "example": "YYYY-MM-DD"
        },
        "minAmount": {
          "type": "string",
          "format": "double",
          "description": "Minimum recovery/collection amount",
          "example": "1500"
        },
        "maxAmount": {
          "type": "string",
          "format": "double",
          "description": "Max recovery/collection amount",
          "example": "1500"
        },
        "paymentFrequency": {
          "type": "string",
          "description": "Payment frequency (Daily/Weekly/Monthly/etc.)",
          "example": "M",
          "maxLength": 30
        },
        "claimedDate": {
          "type": "string",
          "format": "date-time",
          "description": "Claimed date",
          "example": "YYYY-MM-DD"
        },
        "amountType": {
          "type": "string",
          "description": "amount type (Fixed/Varibale)",
          "example": "F",
          "maxLength": 10
        },
        "paymentDueType": {
          "type": "string",
          "description": "Payment due type",
          "maxLength": 10
        },
        "firstInitiationDate": {
          "type": "string",
          "format": "date-time",
          "description": "First Initiation Date",
          "example": "YYYY-MM-DD"
        },
        "lastInitiationDate": {
          "type": "string",
          "format": "date-time",
          "description": "Last Initiation Date",
          "example": "YYYY-MM-DD"
        }
      }
    },
    "NameValue_RDO": {
      "type": "object",
      "properties": {
        "code": {
          "type": "string",
          "description": "Code"
        },
        "name": {
          "type": "string",
          "description": "Name"
        }
      }
    },
    "DateRange_RDO": {
      "type": "object",
      "properties": {
        "fromDate": {
          "type": "string",
          "format": "date",
          "description": "From date",
          "example": "YYYY-MM-DD"
        },
        "toDate": {
          "type": "string",
          "format": "date",
          "description": "To date",
          "example": "YYYY-MM-DD"
        }
      }
    },
    "NameValueArray_RDO": {
      "type": "object",
      "properties": {
        "results": {
          "type": "array",
          "items": {
            "description": "code",
            "$ref": "#/definitions/NameValue_RDO"
          }
        }
      }
    },
    "ReconciliationAB903Response": {
      "type": "object",
      "properties": {
        "applicationArea": {
          "$ref": "#/definitions/applicationArea"
        },
        "dataArea": {
          "$ref": "#/definitions/ReconciliationAB903_RDO"
        },
        "responseStatus": {
          "$ref": "#/definitions/responseStatus_RDO"
        }
      }
    },
    "DDRCollectionResponse_RDO": {
      "type": "object",
      "properties": {
        "retrialCount": {
          "type": "number",
          "description": "Retrial Count(Re-presentment count)",
          "example": "2"
        },
        "SettledAmount": {
          "type": "string",
          "format": "double",
          "description": "If Accepted CLAIMED AMOUNT value is true then its equal to claimed Amount.  If Accepted PARTIAL AMOUNT is true then any amount LESS THAN THE Claimed Amount",
          "example": "1200"
        },
        "claimedAmount": {
          "type": "string",
          "format": "double",
          "description": "Claimed amount as per the DDA Mandate",
          "example": "1500"
        },
        "currency": {
          "type": "string",
          "description": "Currency code",
          "maxLength": 3,
          "example": "AED"
        },
        "settlementDate": {
          "type": "string",
          "description": "Settlement date",
          "example": "YYYY-MM-DD"
        },
        "DDAReferenceNumber": {
          "type": "string",
          "description": "DDA reference number",
          "maxLength": 23,
          "example": "816000001DDD19000000000"
        },
        "status": {
          "type": "string",
          "description": "Status",
          "maxLength": 10,
          "example": "success"
        },
        "requestReferenceNumber": {
          "type": "string",
          "description": "Reference number received as immediate response during the submission of collection request",
          "maxLength": 35,
          "example": "DDAREQ12351"
        },
        "referenceNumber": {
          "type": "string",
          "description": "Reference number",
          "maxLength": 35,
          "example": "123XXX789"
        },
        "rejectionReason": {
          "type": "string",
          "description": "Rejection reason",
          "maxLength": 500,
          "example": "rejected"
        }
      }
    },
    "DDARegistrationStatus_RDO": {
      "type": "object",
      "properties": {
        "processingDate": {
          "type": "string",
          "format": "date",
          "description": "Date Processed",
          "example": "YYYY-MM-DD"
        },
        "requestType": {
          "type": "string",
          "description": "Request Type",
          "example": "RQST/AMND/PAUT/PAPP/CNCL",
          "maxLength": 4
        },
        "originatorIdentificationCode": {
          "type": "number",
          "description": "The originator identification code assigned to the Originator by UAEDDS",
          "example": "816000001"
        },
        "payerIdentificationNumber": {
          "type": "string",
          "description": "Loan / Finance / Premises / Consumer Number that uniquely identifies the service at the originator for this DDA",
          "example": "234565",
          "maxLength": 26
        },
        "DDAReferenceNumber": {
          "type": "string",
          "description": "DDA reference number",
          "example": "816000001DDD19000000000",
          "maxLength": 23
        },
        "customerType": {
          "type": "string",
          "description": "The value should be either Individual or  Non Individual. For Instruction Code AMND, this value must be blank. This field should contain value in case of RQST/ PAUT/PAPP",
          "example": "IN",
          "maxLength": 2
        },
        "customerIdentificationType": {
          "type": "string",
          "description": "Customer Identification Document Types for Individuals is PASSP - Passport,EIDAC - UAE Emirates Identity Card,DRVLN - UAE Driving License Number,FAMBK - Family Book Number. Customer Identification Document Types for Non Individuals is TRDLN - Trade License Number, EMRDN - Emiree Decree Number",
          "example": "PASSP",
          "maxLength": 20
        },
        "customerIdentifier": {
          "type": "string",
          "description": "Customer Identification Number like passport or eida number",
          "example": "P1XXXXXXXX",
          "maxLength": 21
        },
        "bankName": {
          "type": "string",
          "description": "bank name",
          "example": "SAMPLE XXX XXXXXX BANK ? NBAD",
          "maxLength": 100
        },
        "accountTitle": {
          "type": "string",
          "description": "Account title",
          "example": "TITLE",
          "maxLength": 50
        },
        "accountType": {
          "type": "string",
          "description": "Funding Account Type",
          "example": "Current Account/Savings Account/Credit Card",
          "maxLength": 20
        },
        "contacts": {
          "$ref": "#/definitions/ContactPoint_RDO"
        },
        "payerName": {
          "type": "string",
          "description": "Payer name",
          "example": "SAMPLE PAYER NAME",
          "maxLength": 100
        },
        "purposeCode": {
          "type": "string",
          "description": "DDA Purpose code as per CB specification",
          "example": "001",
          "maxLength": 3
        },
        "currency": {
          "type": "string",
          "description": "Currency code",
          "example": "AED",
          "maxLength": 3
        },
        "commencementDate": {
          "type": "string",
          "format": "date-time",
          "description": "Date of commencement",
          "example": "The date when direct debit request can start to flow"
        },
        "expiryDate": {
          "type": "string",
          "format": "date-time",
          "description": "Expiry date",
          "example": "DDA end date"
        },
        "amountType": {
          "type": "string",
          "description": "Amount type - Value should be either F for Fixed or  V for Variable",
          "example": "F",
          "maxLength": 10
        },
        "paymentFrequency": {
          "type": "string",
          "description": "Payment Frequency D-daily,W-weekly,M-monthly,A-Annual,Q-qauterly etc",
          "example": "Weekly",
          "maxLength": 1
        },
        "minAmount": {
          "type": "string",
          "format": "double",
          "description": "Minimum amount",
          "example": "1500"
        },
        "maxAmount": {
          "type": "string",
          "format": "double",
          "description": "Max amount",
          "example": "1500"
        },
        "firstInitiationDate": {
          "type": "string",
          "format": "date-time",
          "description": "First initiation date"
        },
        "frequencyParameter": {
          "type": "string",
          "description": "Frequency parameter",
          "maxLength": 1
        },
        "attachments": {
          "type": "array",
          "items": {
            "$ref": "#/definitions/Document_RDO"
          }
        },
        "acknowledgementStatus": {
          "type": "string",
          "description": "Acknowledgement Status",
          "example": "ACK",
          "maxLength": 3
        },
        "status": {
          "type": "string",
          "description": "Status",
          "example": "Completed",
          "maxLength": 10
        },
        "rejectionReason": {
          "type": "string",
          "description": "Rejection reason",
          "maxLength": 500
        },
        "DDAStatus": {
          "type": "string",
          "description": "Status",
          "example": "Cancelled",
          "maxLength": 10
        },
        "cancellationDate": {
          "type": "string",
          "format": "date-time",
          "description": "DDA Cancelled Date",
          "example": "YYYY-MM-DD"
        }
      }
    },
    "Common2_RDO": {
      "type": "object",
      "properties": {
        "requestReferenceNumber": {
          "type": "string",
          "description": "Reference number received at the time of submission of the request",
          "example": "DDAXXXXXX45",
          "maxLength": 35
        }
      }
    },
    "Common3_RDO": {
      "type": "object",
      "properties": {
        "requestReferenceNumber": {
          "type": "string",
          "description": "Reference number received at the time of submission of the request",
          "example": "DDAXXXXXX45",
          "maxLength": 35
        },
        "DDAReferenceNumber": {
          "type": "string",
          "description": "DDA Reference Number",
          "example": "201XXXXXXXXXXXX452",
          "maxLength": 23
        }
      }
    },
    "CountAmount_RDO": {
      "type": "object",
      "properties": {
        "count": {
          "type": "number",
          "description": "Re-presentment Or NO PAY ONLY ? Re-presentment"
        },
        "amount": {
          "type": "string",
          "format": "double",
          "description": "Amount"
        },
        "type": {
          "type": "string",
          "format": "double",
          "description": "DD500/DD501/DD502/DD503/DD501 + DD502(NP)/D500 + DD503(NP)"
        }
      }
    },
    "DDRCollection_RDO": {
      "type": "object",
      "required": [
        "DDAReferenceNumber",
        "claimedAmount",
        "currency",
        "customerReference",
        "originatorAccountIdentifier",
        "originatorIdentificationCode",
        "payerAccountIdentifier",
        "payingBankRoutingCode"
      ],
      "properties": {
        "currency": {
          "type": "string",
          "description": "Currency",
          "example": "AED",
          "maxLength": 3
        },
        "claimedAmount": {
          "type": "string",
          "format": "double",
          "description": "claimed amount",
          "example": "1500"
        },
        "originatorIdentificationCode": {
          "type": "number",
          "description": "Originator Identification Code received from CB for the Corporate",
          "example": "560XXX528"
        },
        "DDAReferenceNumber": {
          "type": "string",
          "description": "DDA reference number received from CB for the Mandate Request",
          "example": "816000001DDD19000000000",
          "maxLength": 23
        },
        "payingBankRoutingCode": {
          "type": "number",
          "description": "Payer bank routing code",
          "example": "035"
        },
        "payerAccountIdentifier": {
          "type": "string",
          "description": "Payer account number",
          "example": "AE79035XXXXXXXXXXXXXXX3",
          "maxLength": 23
        },
        "originatorAccountIdentifier": {
          "type": "string",
          "description": "Originator account number",
          "example": "AE79035XXXXXXXXXXXXXXX3",
          "maxLength": 23
        },
        "customerReference": {
          "type": "string",
          "description": "Customer reference",
          "example": "/REF/ADPF/CON/072018/0000001",
          "maxLength": 20
        },
        "customerReference1": {
          "type": "string",
          "description": "Customer Reference 1",
          "example": "/REF/ADPF/CON/072018/0000002",
          "maxLength": 20
        },
        "customerReference2": {
          "type": "string",
          "description": "Customer Reference 2",
          "example": "/REF/ADPF/CON/072018/0000003",
          "maxLength": 20
        }
      }
    },
    "DDAInformationResponse": {
      "type": "object",
      "properties": {
        "applicationArea": {
          "$ref": "#/definitions/applicationArea"
        },
        "dataArea": {
          "$ref": "#/definitions/DDAInformation_RDO"
        },
        "responseStatus": {
          "$ref": "#/definitions/responseStatus_RDO"
        }
      }
    },
    "RegistrationStatusRequest": {
      "type": "object",
      "properties": {
        "applicationArea": {
          "$ref": "#/definitions/applicationArea"
        },
        "dataArea": {
          "$ref": "#/definitions/Common1_RDO"
        }
      }
    },
    "DDACommon_RDO": {
      "type": "object",
      "properties": {
        "requestReferenceNumber": {
          "type": "string",
          "description": "Reference number received at the time of submission of the request ",
          "example": "DDAXXXXXX45",
          "maxLength": 35
        },
        "DDAReferenceNumber": {
          "type": "string",
          "description": "DDA reference number",
          "example": "201XXXXXXXXXXXX452"
        },
        "payerIdentificationNumber": {
          "type": "string",
          "description": "Loan / Finance / Premises / Consumer Number that uniquely identifies the service at the originator for this DDA",
          "example": "234565",
          "maxLength": 26
        },
        "contacts": {
          "description": "Email",
          "$ref": "#/definitions/ContactPoint_RDO"
        },
        "payerName": {
          "type": "string",
          "description": "Name of the Payer",
          "example": "Name of the Payer",
          "maxLength": 150
        },
        "expiryDate": {
          "type": "string",
          "format": "date-time",
          "description": "Expiry date of the DDA. if DRInstances is given 0 then  Expiry Date of DDA is mandatory",
          "example": "YYYY-MM-DD"
        },
        "minAmount": {
          "type": "string",
          "format": "double",
          "description": "Minimum amount",
          "example": "1500"
        },
        "maxAmount": {
          "type": "string",
          "format": "double",
          "description": "Max amount",
          "example": "1500"
        },
        "confirmationDate": {
          "type": "string",
          "format": "date-time",
          "description": "Confirmation date of the DDA processed"
        },
        "accountIdentifier": {
          "type": "string",
          "description": "Account number",
          "maxLength": 23
        },
        "commencementDate": {
          "type": "string",
          "format": "date-time",
          "description": "DDA commencement date",
          "example": "YYYY-MM-DD"
        },
        "rejectionReason": {
          "type": "string",
          "description": "DDA rejection reason",
          "maxLength": 150
        },
        "cancellationDate": {
          "type": "string",
          "format": "date-time",
          "description": "Cancellation date",
          "example": "YYYY-MM-DD"
        }
      }
    },
    "StopDDAPaymentRequest": {
      "type": "object",
      "properties": {
        "applicationArea": {
          "$ref": "#/definitions/applicationArea"
        },
        "dataArea": {
          "$ref": "#/definitions/DDAStopPayment_RDO"
        }
      }
    },
    "Document_RDO": {
      "type": "object",
      "properties": {
        "documentType": {
          "type": "string",
          "description": "DDA document type"
        },
        "mimeType": {
          "type": "string",
          "description": "Mime type"
        },
        "fileContent": {
          "type": "string",
          "description": "File content"
        },
        "fileName": {
          "type": "string",
          "description": "File name"
        },
        "documentMetaData": {
          "type": "string",
          "description": "Document meta data",
          "enum": [
            "VISA_PAGE",
            "PAS_FRONT_PAGE",
            "PAS_BACK_PAGE",
            "EID_SIGNATURE",
            "EID_FRONT_PAGE",
            "EID_BACK_PAGE",
            "EID_PHOTO",
            "PAS_SIGNATURE"
          ]
        },
        "fileType": {
          "type": "string",
          "description": "File type"
        },
        "documentId": {
          "type": "string",
          "description": "Document ID"
        }
      }
    },
    "StopDDAPaymentResponse": {
      "type": "object",
      "properties": {
        "applicationArea": {
          "$ref": "#/definitions/applicationArea"
        },
        "dataArea": {
          "$ref": "#/definitions/Common3_RDO"
        },
        "responseStatus": {
          "$ref": "#/definitions/responseStatus_RDO"
        }
      }
    },
    "DDRCollectionResponse": {
      "type": "object",
      "properties": {
        "applicationArea": {
          "$ref": "#/definitions/applicationArea"
        },
        "dataArea": {
          "$ref": "#/definitions/DDRCollectionResponse_RDO"
        },
        "responseStatus": {
          "$ref": "#/definitions/responseStatus_RDO"
        }
      }
    },
    "DDRCollectionStatusRequest": {
      "type": "object",
      "properties": {
        "applicationArea": {
          "$ref": "#/definitions/applicationArea"
        },
        "dataArea": {
          "$ref": "#/definitions/Common1_RDO"
        }
      }
    },
    "applicationArea": {
      "type": "object",
      "required": [
        "countryOfOrigin",
        "senderId",
        "transactionDateTime",
        "transactionId"
      ],
      "properties": {
        "correlationId": {
          "type": "string",
          "description": "Unique identifier used for identifying the transaction lifecycle",
          "example": "8134481cfe144e1e959cdaa3a569e120"
        },
        "countryOfOrigin": {
          "type": "string",
          "description": "Country of origination of the request. ISO 3166 country codes in two bytes format",
          "minLength" : 2,
          "maxLength" : 2,
          "example": "AE"
        },
        "creationDateTime": {
          "type": "string",
          "format" : "date-time",
          "description": "Creation date of the service in ISO 8601 YYYY-MM-DDTHH:MM:SS:sssZ format. This is an optional field"
        },
        "interfaceID": {
          "type": "string",
          "description": "Logical reference of the Interface that intiated the service. This is an optional field",
          "example": ""
        },
        "requiredExecutionDate": {
          "type": "string",
          "format" : "date-time",
          "description": "Date on which the transaction needs to be actually posted in ISO 8601 YYYY-MM-DDTHH:MM:SS:sssZ format. This is an optional field"
        },
        "senderUserId": {
          "type": "string",
          "description": "Sender's User ID. Information about a user who has initiated the transaction",
          "example": ""
        },
        "senderBranchId": {
          "type": "string",
          "description": "Sender's Branch ID. Information about a user who has initiated the transaction",
          "example": ""
        },
        "senderId": {
          "type": "string",
          "description": "Unique identification for the consumer. This will be agreed by Service owner at the time of setup. It will need to be passed in all requests",
          "example": "MOB"
        },
        "senderLocation": {
          "type": "string",
          "description": "Sender Location",
          "example": ""
        },
        "transactionDateTime": {
          "type": "string",
          "format" : "date-time",
          "description" : "The data and time the request is initiated in ISO 8601 format: YYYY-MM-DDTHH:MM:SS:sssZ"
        },
        "transactionId": {
          "type": "string",
          "example" : "WLT1254378DEFG",
          "description" : "Unique transaction reference id assigned by the Sender to identify the message"
        },
        "transactionTimeZone": {
          "type": "string",
          "description" : "Timezone in which transaction is initiated",
          "example" : ""
        },
        "senderAuthorizationID": {
          "type": "string",
          "description" : "Identification of the Authorizer who has authorized the transaction. This is an optional field",
          "example" : ""
        },
        "senderReferenceID": {
          "type": "string",
          "description" : "Reference ID from Sender to identify the event that cause the service invocation. This is an optional field",
          "example" : ""
        },
        "senderAuthorizationComments": {
          "type": "string",
          "description" : "Comments of the Authorizer on authorizing the transaction. This is an optional field",
          "example" : ""
        },
        "language": {
          "type": "string",
          "description" : "Language",
          "example" : "EN"
        }
      }
    },
    "DDAPreCollectionStatusRequest": {
      "type": "object",
      "properties": {
        "applicationArea": {
          "$ref": "#/definitions/applicationArea"
        },
        "dataArea": {
          "$ref": "#/definitions/Common1_RDO"
        }
      }
    },
    "ErrorDefinition": {
      "type": "object",
      "properties": {
        "applicationArea": {
          "$ref": "#/definitions/applicationArea"
        },
        "responseStatus": {
          "$ref": "#/definitions/responseStatus_RDO"
        }
      }
    },
    "DDCancellationResponse": {
      "type": "object",
      "properties": {
        "applicationArea": {
          "$ref": "#/definitions/applicationArea"
        },
        "dataArea": {
          "$ref": "#/definitions/DDACommon_RDO"
        },
        "responseStatus": {
          "$ref": "#/definitions/responseStatus_RDO"
        }
      }
    },
    "NameValueCommonResponse": {
      "type": "object",
      "properties": {
        "applicationArea": {
          "$ref": "#/definitions/applicationArea"
        },
        "dataArea": {
          "$ref": "#/definitions/NameValueArray_RDO"
        },
        "responseStatus": {
          "$ref": "#/definitions/responseStatus_RDO"
        }
      }
    },
    "ReconciliationAB903_RDO": {
      "type": "object",
      "properties": {
        "entityName": {
          "type": "string",
          "description": "Entity name",
          "example": "Commercial Bank International PSC"
        },
        "entityId": {
          "type": "string",
          "description": "Entity ID",
          "example": "022"
        },
        "settlementDate": {
          "type": "string",
          "format": "date",
          "description": "Settlement date",
          "example": "YYYY-MM-DD"
        },
        "sessionId": {
          "type": "string",
          "description": "Session ID",
          "example": "000001"
        },
        "items": {
          "type": "array",
          "items": {
            "$ref": "#/definitions/CountAmount_RDO"
          }
        },
        "createdDate": {
          "type": "string",
          "format": "date",
          "description": "Created on",
          "example": "YYYY-MM-DD"
        }
      }
    },
    "DDARegistration_RDO": {
      "type": "object",
      "required": [
        "accountIdentifier",
        "accountType",
        "amountType",
        "captureMode",
        "commencementDate",
        "currency",
        "customerIdentificationType",
        "customerIdentifier",
        "customerType",
        "debitRequestInstances",
        "expiryDate",
        "firstInitiationDate",
        "maxAmount",
        "minAmount",
        "originatorIdentificationCode",
        "payerIdentificationNumber",
        "payerName",
        "payingBankIdentifier",
        "paymentFrequency",
        "purposeCode",
        "requestType",
        "sourceReferenceNo"
      ],
      "properties": {
        "originatorIdentificationCode": {
          "type": "number",
          "description": "Originator identification code provided by CB for the corporate",
          "example": "816000001"
        },
        "requestType": {
          "type": "string",
          "description": "Request Type - This field should contain ?RQST? if this is a new DDA setup request OR ?PAPP? if this is a new DDA setup pre-approved by other means between the PAYER and ORIGINATOR OR ?AMND? if this is an amendment request for an existing DDA OR ?PAUT? if this is a new DDA set up pre-authorized from a select set of ORIGINATORS",
          "example": "RQST",
          "maxLength": 4
        },
        "payerIdentificationNumber": {
          "type": "string",
          "description": "Loan / Finance / Premises / Consumer Number that uniquely identifies the service at the originator for this DDA",
          "example": "234565",
          "maxLength": 26
        },
        "customerType": {
          "type": "string",
          "description": "The value should be either Individual or  Non Individual. For Instruction Code AMND, this value must be blank. This field should contain value in case of RQST/ PAUT/PAPP.",
          "example": "IN",
          "maxLength": 2
        },
        "customerIdentificationType": {
          "type": "string",
          "description": "Customer Identification Document Types for Individuals is PASSP - Passport, EIDAC - UAE Emirates Identity Card, DRVLN - UAE Driving License Number, FAMBK - Family Book Number. Customer Identification Document Types for Non Individuals is TRDLN - Trade License Number,EMRDN - Emiree Decree Number",
          "example": "PASSP",
          "maxLength": 20
        },
        "customerIdentifier": {
          "type": "string",
          "description": "Customer Identification Number",
          "example": "P1XXXXXXXX",
          "maxLength": 21
        },
        "purposeCode": {
          "type": "string",
          "description": "DDA Purpose code as per Central Bank specification",
          "example": "001",
          "maxLength": 3
        },
        "contacts": {
          "description": "Email",
          "$ref": "#/definitions/ContactPoint_RDO"
        },
        "accountType": {
          "type": "string",
          "description": "Funding account type for the DDA (Current Account/Savings Account/Credit Card)",
          "example": "C",
          "maxLength": 20
        },
        "accountIdentifier": {
          "type": "string",
          "description": "Account number",
          "maxLength": 23
        },
        "commencementDate": {
          "type": "string",
          "format": "date-time",
          "description": "DDA commencement date",
          "example": "YYYY-MM-DD"
        },
        "expiryDate": {
          "type": "string",
          "format": "date-time",
          "description": "DDA expiry date",
          "example": "YYYY-MM-DD"
        },
        "amountType": {
          "type": "string",
          "description": "DDA Amount Type (Fixed/Variable)",
          "example": "F",
          "maxLength": 10
        },
        "paymentFrequency": {
          "type": "string",
          "description": "Payment Frequency D-daily,W-weekly,M-monthly,A-Annual,Q-qauterly etc",
          "example": "M",
          "maxLength": 1
        },
        "minAmount": {
          "type": "string",
          "format": "double",
          "description": "Minimum amount",
          "example": "1500"
        },
        "maxAmount": {
          "type": "string",
          "format": "double",
          "description": "Max amount",
          "example": "1500"
        },
        "captureMode": {
          "type": "string",
          "description": "For Instruction Code PAPP/PAUT, Use I - Through Internet Banking Portal Or P - Paper Based. For Instruction Code RQST/AMND, Use I - Through Internet Banking Portal",
          "example": "I",
          "maxLength": 1
        },
        "currency": {
          "type": "string",
          "description": "Currency code",
          "example": "AED",
          "maxLength": 3
        },
        "firstInitiationDate": {
          "type": "string",
          "format": "date-time",
          "description": "First initiation date",
          "example": "YYYY-MM-DD"
        },
        "PAPPReferenceNumber": {
          "type": "string",
          "description": "PAPP Reference Number which is confirmed by CB by sending DD350 message to CB",
          "example": "BNKIB/YYYY-MM-DD/020/1234567XXXXXX678912",
          "maxLength": 35
        },
        "DDAReferenceNumber": {
          "type": "string",
          "description": "DDA reference number",
          "example": "201XXXXXXXXXXXX452",
          "maxLength": 23
        },
        "sourceReferenceNo": {
          "type": "string",
          "description": "Source Reference Number received from source channel",
          "example": "DD12XXXXXX89",
          "maxLength": 35
        },
        "debitRequestInstances": {
          "type": "number",
          "description": "Number of Instances allowed for this DDA"
        },
        "payerName": {
          "type": "string",
          "description": "Name of the payer",
          "maxLength": 100
        },
        "payingBankIdentifier": {
          "type": "number",
          "description": "Entity ID of paying bank",
          "example": "027"
        },
        "DDRDefinedDays": {
          "type": "number",
          "description": "DDR Defined Days"
        },
        "attachments": {
          "type": "array",
          "items": {
            "$ref": "#/definitions/Document_RDO"
          }
        }
      }
    },
    "ReconciliationAB907_RDO": {
      "type": "object",
      "properties": {
        "entityName": {
          "type": "string",
          "description": "Entity name",
          "example": "Sample Bank"
        },
        "entityId": {
          "type": "string",
          "description": "Entity ID",
          "example": "027"
        },
        "settlementDate": {
          "type": "string",
          "format": "date",
          "description": "Settlement date",
          "example": "YYYY-MM-DD"
        },
        "sessionId": {
          "type": "string",
          "description": "session id",
          "example": "000001"
        },
        "items": {
          "type": "array",
          "items": {
            "$ref": "#/definitions/CountAmount_RDO"
          }
        },
        "createdDate": {
          "type": "string",
          "format": "date",
          "description": "created on",
          "example": "YYYY-MM-DD"
        }
      }
    },
    "DDAInformation_RDO": {
      "type": "object",
      "properties": {
        "DDAReferenceNumber": {
          "type": "string",
          "description": "DDA Reference Number",
          "example": "816000001DDD19000000000",
          "maxLength": 23
        },
        "payerIdentificationNumber": {
          "type": "string",
          "description": "Loan / Finance / Premises / Consumer Number that uniquely identifies the service at the originator for this DDA",
          "example": "234565",
          "maxLength": 29
        },
        "contacts": {
          "$ref": "#/definitions/ContactPoint_RDO"
        },
        "payerName": {
          "type": "string",
          "description": "Payer name",
          "maxLength": 100
        },
        "expiryDate": {
          "type": "string",
          "format": "date-time",
          "description": "DDA expiry date",
          "example": "YYYY-MM-DD"
        },
        "minAmount": {
          "type": "string",
          "format": "double",
          "description": "Minimum amount"
        },
        "maxAmount": {
          "type": "string",
          "format": "double",
          "description": "Max amount"
        },
        "payerAccountIdentifier": {
          "type": "string",
          "description": "Payer account number",
          "maxLength": 23
        },
        "originatorIdentificationCode": {
          "type": "number",
          "description": "The originator identification code assigned to the Originator by UAEDDS",
          "example": "816XXX001"
        },
        "customerType": {
          "type": "string",
          "description": "The value should be either Individual or  Non Individual. For Instruction Code AMND, this value must be blank. This field should contain value in case of RQST/ PAUT/PAPP.",
          "example": "IN",
          "maxLength": 2
        },
        "purposeCode": {
          "type": "string",
          "description": "DDA Purpose code as per CB specification",
          "example": "001",
          "maxLength": 3
        },
        "paymentFrequency": {
          "type": "string",
          "description": "Payment Frequency D-daily,W-weekly,M-monthly,A-Annual,Q-qauterly etc",
          "example": "M",
          "maxLength": 1
        }
      }
    },
    "responseStatus_RDO": {
      "type": "object",
      "properties": {
        "status": {
          "type": "string",
          "description": "Response status. Values - SUCCESS/ERROR/WARNING"
        },
        "errorDetails": {
          "type": "array",
          "items": {
            "description": "Error",
            "$ref": "#/definitions/errorDetails_RDO"
          }
        }
      }
    },
    "DDRegistrationRequest": {
      "type": "object",
      "properties": {
        "applicationArea": {
          "$ref": "#/definitions/applicationArea"
        },
        "dataArea": {
          "$ref": "#/definitions/DDARegistration_RDO"
        }
      }
    },
    "DDAInformationRequest": {
      "type": "object",
      "properties": {
        "applicationArea": {
          "$ref": "#/definitions/applicationArea"
        },
        "dataArea": {
          "$ref": "#/definitions/Common1_RDO"
        }
      }
    },
    "DDAStopPayment_RDO": {
      "type": "object",
      "required": [
        "DDAReferenceNumber",
        "endDate",
        "startDate"
      ],
      "properties": {
        "DDAReferenceNumber": {
          "type": "string",
          "description": "DDA reference number",
          "example": "816000001DDD19000000000",
          "maxLength": 23
        },
        "startDate": {
          "type": "string",
          "format": "date",
          "description": "Stop Payment start date",
          "example": "YYYY-MM-DD"
        },
        "endDate": {
          "type": "string",
          "format": "date",
          "description": "Stop Payment end date",
          "example": "YYYY-MM-DD"
        }
      }
    },
    "ContactPoint_RDO": {
      "type": "object",
      "properties": {
        "contactType": {
          "type": "string",
          "description": "Contact type"
        },
        "mobileNumber": {
          "type": "string",
          "description": "Mobile number"
        },
        "phoneNumber": {
          "type": "string",
          "description": "Phone number",
          "example": "02XXXXXXXX"
        },
        "email": {
          "type": "string",
          "description": "Email address",
          "example": "xxx@xxxx.com"
        },
        "fax": {
          "type": "string",
          "description": "Fax",
          "example": "02XXXXXXXX"
        }
      }
    },
    "DDRCollectionRequest": {
      "type": "object",
      "properties": {
        "applicationArea": {
          "$ref": "#/definitions/applicationArea"
        },
        "dataArea": {
          "$ref": "#/definitions/DDRCollection_RDO"
        }
      }
    },
    "DDRegistrationResponse": {
      "type": "object",
      "properties": {
        "applicationArea": {
          "$ref": "#/definitions/applicationArea"
        },
        "dataArea": {
          "$ref": "#/definitions/DDACommon_RDO"
        },
        "responseStatus": {
          "$ref": "#/definitions/responseStatus_RDO"
        }
      }
    },
    "DDRCollectionStatusResponse": {
      "type": "object",
      "properties": {
        "applicationArea": {
          "$ref": "#/definitions/applicationArea"
        },
        "dataArea": {
          "$ref": "#/definitions/DDRCollectionResponse_RDO"
        },
        "responseStatus": {
          "$ref": "#/definitions/responseStatus_RDO"
        }
      }
    },
    "Common1_RDO": {
      "type": "object",
      "properties": {
        "requestReferenceNumber": {
          "type": "string",
          "description": "Reference number received at the time of submission of the request",
          "example": "DDAREQ12345",
          "maxLength": 35
        },
        "DDAReferenceNumber": {
          "type": "string",
          "description": "DDA reference number",
          "example": "816000001DDD19000000000",
          "maxLength": 23
        },
        "OIC": {
          "type": "string",
          "description": "Originator Identification Code (OIC) issued by CBUAE(9-digit)",
          "example": "56XXXX528",
          "maxLength": 9
        },
        "Days": {
          "type": "number",
          "description": "No of day for pre-collection data.",
          "example": "2"
        }
      }
    },
    "ReconciliationRequest": {
      "type": "object",
      "properties": {
        "applicationArea": {
          "$ref": "#/definitions/applicationArea"
        },
        "dataArea": {
          "$ref": "#/definitions/DateRange_RDO"
        }
      }
    },
    "ReconciliationAB907Response": {
      "type": "object",
      "properties": {
        "applicationArea": {
          "$ref": "#/definitions/applicationArea"
        },
        "dataArea": {
          "$ref": "#/definitions/ReconciliationAB907_RDO"
        },
        "responseStatus": {
          "$ref": "#/definitions/responseStatus_RDO"
        }
      }
    },
    "DDCancellationRequest": {
      "type": "object",
      "properties": {
        "applicationArea": {
          "$ref": "#/definitions/applicationArea"
        },
        "dataArea": {
          "$ref": "#/definitions/DDACancellation_RDO"
        }
      }
    }
  }
}