{
  "swagger" : "2.0",
  "info" : {
    "description" : "Enables Pre Approved Reference number registration for Retail customers. This services are used for Pre Approved reference number Registration and enquiry",
    "version" : "1.0.0",
    "title" : "Direct Debit"
  },
  "host" : "172.28.137.33:29010",
  "basePath" : "/direct-debit-mandate/v1",
  "schemes" : [ "https" ],
  "paths" : {
    "/arrangement-fulfillment/enquiry" : {
      "post" : {
       "tags": [
          "RetrieveDDSRegistrationStatus"
        ],
     	"summary": "Enquiry about the PAPP reference number registered in Direct Debit",
        "description" : "To retrieve the registered DDA details this service API can be used. This service accept PAPP Registation reference number as a input and provides status",
        "operationId" : "retrieveDDSRegistrationStatus",
        "consumes" : [ "application/json" ],
        "produces" : [ "application/json" ],
        "parameters" : [ {
          "in" : "body",
          "name" : "body",
          "description" : "This service accepts PAPP  which is called 'Pre approved registration number' to retrieve the status of the PAPP registration number",
          "required" : true,
          "schema" : {
            "$ref" : "#/definitions/retrieveDirectDebitRegistrationStatusRequest"
          }
        } ],
        "responses" : {
          "200" : {
            "description": "If the response code is success then PAPP details has been provided by FAB DDS system.",
            "schema" : {
              "$ref" : "#/definitions/retrieveDirectDebitRegistrationStatusResponse"
            }
          }
        }
      }
    },
    "/arrangement-fulfillment/registration/pre-approved-number" : {
      "post" : {
	  "tags": [
          "RecordPreApprovedDDSReference"
        	],  	
	    "summary": "Initiate new PAPP Registration",
        "description" : "Register new Pre Approved DDS reference (PAPP) number with Central Bank. This PAPP number can be used to register a DDA without getting approval from payer bank",
        "operationId" : "recordPreApprovedDDSReference",
        "consumes" : [ "application/json" ],
        "produces" : [ "application/json" ],
        "parameters" : [ {
          "in" : "body",
          "name" : "body",
          "description" : "This service is used to register Pre-Approved reference number (PAPP) which will be used for DDA registration with Request Type as PAPP",
          "required" : true,
          "schema" : {
            "$ref" : "#/definitions/postPreApprovedDirectDebitRequest"
          }
        } ],
        "responses" : {
          "200" : {
            "description" : "If the response code is success / created then PAPP registration request is accpeted by FAB DDS system. This will  be sent to Central Bank to register a PAPP reference number which can be used to register DDA Downstream system should use to check the PAPP registered statsu by calling /arrangement-fulfillment/enquiry API",
            "schema" : {
              "$ref" : "#/definitions/postPreApprovedDirectDebitResponse"
            }
          }
        }
      }
    }
  },
  "definitions" : {
    "applicationArea" : {
      "required" : [ "countryOfOrigin", "senderId", "transactionDateTime", "transactionId" ],
      "properties" : {
        "correlationId" : {
          "type" : "string",
          "description" : "Unique identifier used for identifiing the transaction lifecycle",
          "minLength" : 0,
          "maxLength" : 40
        },
        "countryOfOrigin" : {
          "type" : "string",
          "description" : "The request is orginating from which country. This is an ISO 2 character country code",
          "minLength" : 2,
          "maxLength" : 2,
          "default" : "AE"
        },
        "transactionDateTime" : {
          "type" : "string",
          "example" : "25-Jun-2019T12:30:45AM",
          "description" : "The data and time the request initiated. All timestamps are returned in ISO 8601 format: YYYY-MM-DDTHH:MM:SSZ"
        },
        "transactionId" : {
          "type" : "string",
          "example" : "A91225DDFGH",
          "description" : "Unique transaction reference id",
          "minLength" : 10,
          "maxLength" : 40
        },
        "senderId" : {
          "type" : "string",
          "example" : "FABMW",
          "description" : "Who is the sender?",
          "minLength" : 3,
          "maxLength" : 10
        },
        "transactionTimeZone" : {
          "type" : "string",
          "example" : "",
          "description" : "Timezone in which transaction is initiated",
          "minLength" : 0
        }
      }
    },
    "respStatus_RDO" : {
      "type" : "object",
      "properties" : {
        "status" : {
          "type" : "string",
          "example" : "SUCCESS/ERROR/WARNING"
        },
        "statusMessage" : {
          "type" : "string",
          "example" : "SUCCESS/ERROR/WARNING"
        },
        "errorDetails" : {
          "type" : "array",
          "items" : {
            "$ref" : "#/definitions/errorDetails_RDO"
          }
        },
        "metaData" : {
          "type" : "object",
          "properties" : {
            "dateFormat" : {
              "type" : "string"
            }
          }
        }
      }
    },
    "errorDetails_RDO" : {
      "type" : "object",
      "properties" : {
        "errorCode" : {
          "type" : "string",
          "example" : "SYS001",
          "description" : "To hold the exception code, which is received from the underlying system, to be provided here."
        },
        "errorDesc" : {
          "type" : "string",
          "example" : "Error message",
          "description" : "Detail of the exception received, to be added here. This is usually from the underlying system"
        }
      }
    },
    "postPreApprovedDirectDebitRequest" : {
      "type" : "object",
      "properties" : {
        "applicationArea" : {
          "$ref" : "#/definitions/applicationArea"
        },
        "dataArea" : {
          "$ref" : "#/definitions/preApprovedDirectDebitRequest_RDO"
        }
      }
    },
    "preApprovedDirectDebitRequest_RDO" : {
      "type" : "object",
      "properties" : {
        "orderingCustomer" : {
          "$ref" : "#/definitions/orderingCustomerDtls"
        },
        "pappReferenceNo" : {
          "type" : "string",
          "description" : "Pre-Approved reference number which will be used for DDA registration with Request Type as PAPP",
          "example" : "BNKIB/2019-12-23/020/1234XXXXXXXX45678912",
          "minLength" : 0,
          "maxLength" : 100
        },
        "rimNumber" : {
          "type" : "string",
          "description" : "rim Number",
          "example" : "456456"
        }
      }
    },
    "orderingCustomerDtls" : {
      "type" : "object",
      "properties" : {
        "accountIdentifier" : {
          "type" : "string",
          "description" : "IBAN formatted account number held by the PAYER in the books of the PAYING BANK Or Any valid CARD Number starting with for which the BIN has been defined in the system",
          "example": "AE420354XXXXXXXX000010",
          "minLength" : 0,
          "maxLength" : 23
        },
        "name" : {
          "type" : "string",
          "description" : "Customer Name",
          "example" : "Name"
        },
        "addressLine1" : {
          "type" : "string",
          "description" : "Customer Address Line 1",
          "example" : "Address Line 1"
        },
        "addressLine2" : {
          "type" : "string",
          "description" : "Customer Address Line 2",
          "example" : "Address Line 2"
        },
        "addressLine3" : {
          "type" : "string",
          "description" : "Customer Address Line 3",
          "example" : "Address Line 3"
        },
        "addressLine4" : {
          "type" : "string",
          "description" : "Customer Address Line 4",
          "example" : "Address Line 4"
        },
        "customerMobileNumber" : {
          "type" : "string",
          "description" : "Customer Mobile Number",
          "example" : "563435614"
        }
      }
    },
    "postPreApprovedDirectDebitResponse" : {
      "type" : "object",
      "properties" : {
        "applicationArea" : {
          "$ref" : "#/definitions/applicationArea"
        },
        "dataArea" : {
          "$ref" : "#/definitions/preApprovedDirectDebitResponse_RDO"
        },
        "responseStatus" : {
          "$ref" : "#/definitions/respStatus_RDO"
        }
      }
    },
    "preApprovedDirectDebitResponse_RDO" : {
      "type" : "object",
      "properties" : {
        "pappReferenceNo" : {
          "type" : "string",
          "description" : "Pre-Approved reference number which will be used for DDA registration with Request Type as PAPP",
          "example" : "BNKIB/2019-12-23/020/12345XXXXXXXX5678912"
        }
      }
    },
    "directDebitRegistrationStatusEnquiryRequest_RDO" : {
      "type" : "object",
      "properties" : {
        "directDebitRegistrationReferenceNumber" : {
          "type" : "string",
          "minLength" : 0,
          "maxLength" : 60,
          "description" : "PAPP Reference Number at the time of request initiation",
          "example" : "BNKIB/2019-12-23/020/1234XXXXXXXXXX678912"
        },
        "enquiryReasonCode" : {
          "type" : "string",
          "description" : "The reason for Enquiry",
          "example" : "pass the value PAUT-REGISTRATION-STATUS"
        }
      }
    },
    "retrieveDirectDebitRegistrationStatusRequest" : {
      "type" : "object",
      "properties" : {
        "applicationArea" : {
          "$ref" : "#/definitions/applicationArea"
        },
        "dataArea" : {
          "$ref" : "#/definitions/directDebitRegistrationStatusEnquiryRequest_RDO"
        }
      }
    },
    "retrieveDirectDebitRegistrationStatusResponse" : {
      "type" : "object",
      "properties" : {
        "applicationArea" : {
          "$ref" : "#/definitions/applicationArea"
        },
        "dataArea" : {
          "$ref" : "#/definitions/directDebitRegistrationStatusEnquiryResponse_RDO"
        },
        "responseStatus" : {
          "$ref" : "#/definitions/respStatus_RDO"
        }
      }
    },
    "directDebitRegistrationStatusEnquiryResponse_RDO" : {
      "type" : "object",
      "properties" : {
        "directDebitRegistrationReferenceNumber" : {
          "type" : "string",
          "description" : "DDA Reference Number",
          "example" : "BNKIB/2019-12-23/020/1234XXXXXXXX45678912"
        }
      }
    }
  }
}