{
  "swagger" : "2.0",
  "info" : {
    "title" : "DU Utility",
    "version" : "1.0.0",
    "description" : "DU Utility Services facilitates bill payments to DU utility service provider"
  },
  "host" : "api.bankfab.com",
  "schemes" : [ "https" ],
  "basePath" : "/utility/du/v1",
  "paths" : {
    "/bills/balance" : {
      "post": {
        "tags": [
          "Utility-Services"
        ],
        "operationId" : "duBalanceEnquiry",
        "responses" : {
          "200" : {
            "description" : "Du Balance Enquiry",
            "schema" : {
              "$ref" : "#/definitions/duBalanceEnquiryResponse"
            }
          }
        },
        "consumes" : [ "application/json" ],
        "produces" : [ "application/json" ],
        "summary" : "Retrieve Balance",
        "description" : "Intiate a Balance Enquiry with the DU service provider",
        "parameters" : [ {
          "name" : "body",
          "in" : "body",
          "schema" : {
            "$ref" : "#/definitions/duConsumerRequest"
          },
          "description" : "The request body for the operation",
          "required" : true
        } ]
      }
    },
    "/bills/payment/byaccount" : {
      "post": {
        "tags": [
          "Utility-Services"
        ],
        "operationId" : "duAccountPayment",
        "responses" : {
          "200" : {
            "description" : "DU Account Payment",
            "schema" : {
              "$ref" : "#/definitions/commonPaymentResponse"
            }
          }
        },
        "consumes" : [ "application/json" ],
        "produces" : [ "application/json" ],
        "summary" : "Post Bill Payment by Account",
        "description" : "Executes a payment with the DU service provider from a CASA account",
        "parameters" : [ {
          "name" : "body",
          "in" : "body",
          "schema" : {
            "$ref" : "#/definitions/duAccountPaymentReq"
          },
          "description" : "The request body for the operation",
          "required" : true
        } ]
      }
    },
    "/bills/payment/bycreditcard" : {
      "post": {
        "tags": [
          "Utility-Services"
        ],
        "operationId" : "duCardPayment",
        "responses" : {
          "200" : {
            "description" : "DU Card Payment",
            "schema" : {
              "$ref" : "#/definitions/commonPaymentResponse"
            }
          }
        },
        "consumes" : [ "application/json" ],
        "produces" : [ "application/json" ],
        "summary" : "Post Bill Payment by Credit card",
        "description" : "Executes a payment with the DU service provider by using credit card",
        "parameters" : [ {
          "name" : "body",
          "in" : "body",
          "schema" : {
            "$ref" : "#/definitions/duCardPaymentReq"
          },
          "description" : "The request body for the operation",
          "required" : true
        } ]
      }
    },
    "/bills/payment/byprepaidcard" : {
      "post": {
        "tags": [
          "Utility-Services"
        ],
        "operationId" : "duPrepaidCardPayment",
        "responses" : {
          "200" : {
            "description" : "DU Prepaid Card Payment",
            "schema" : {
              "$ref" : "#/definitions/commonPaymentResponse"
            }
          }
        },
        "consumes" : [ "application/json" ],
        "produces" : [ "application/json" ],
        "summary" : "Post Bill Payment by Prepaid card",
        "description" : "Executes a payment with the DU service provider by using prepaid card",
        "parameters" : [ {
          "name" : "body",
          "in" : "body",
          "schema" : {
            "$ref" : "#/definitions/duCardPaymentReq"
          },
          "description" : "The request body for the operation",
          "required" : true
        } ]
      }
    }
  },
  "definitions" : {
    "responseStatus" : {
      "type" : "object",
      "properties" : {
        "status" : {
          "type" : "string",
          "example" : "SUCCESS",
          "description": "Response Status. Values - SUCCESS/ERROR/WARNING"
        },
        "error" : {
          "type" : "object",
          "properties" : {
            "code" : {
              "type" : "string",
              "description": "Code that defines the reason for the error. It is alphanumeric",
              "example": "SYS9999"
            },
            "description" : {
              "type" : "string",
              "description": "Details of the exception that has occurred",
              "example": "Technical Error in Interface"
            }
          }
        }
      },
      "required" : [ "status" ]
    },
    "genericError" : {
      "type" : "object",
      "properties" : {
        "responseStatus" : {
          "$ref" : "#/definitions/diResponseStatus"
        }
      }
    },
    "diResponseStatus" : {
      "type" : "array",
      "items" : {
        "type" : "object",
        "properties" : {
          "status" : {
            "type" : "string",
            "description" : "Response status. Values - SUCCESS/ERROR/WARNING",
            "example" : "SUCCESS"
          },
          "errorCode" : {
            "type" : "string",
            "description": "Code that defines the reason for the error. It is alphanumeric",
            "example": "SYS9999"
          },
          "errorDesc" : {
            "type" : "string",
            "description": "Details of the exception that has occurred",
            "example": "Technical Error in Interface"
          }
        }
      }
    },
    "commonBalanceEnquiryRequest" : {
      "type" : "object",
      "properties" : {
        "agency" : {
          "type" : "string",
		  "description" : "Service Provider. Values - ADDC/AADC/SEWA/DEWA/ETISALAT/DU",
          "example" : "ADDC"
        },
        "consumerNo" : {
          "type" : "string",
          "example" : "999XXXX742",
          "description": "Consumer  number of Du Utility"
        }
      }
    },
    "commonBalanceEnquiryResponse" : {
      "type" : "object",
      "properties" : {
        "amountDue" : {
          "type" : "string",
          "example" : 2000.0,
          "description": "Total Amount due"
        },
        "responseStatus" : {
          "$ref" : "#/definitions/diResponseStatus"
        }
      }
    },
    "cardPaymentRequest" : {
      "type" : "object",
      "properties" : {
        "accountingUnitIdentifier" : {
          "type" : "string",
          "example" : "AEXX1XXX1",
          "description" : "This is the accounting unit. It specifies that for which instance of core application this customer identifier belong to"
        },
        "creditCardNo" : {
          "type" : "string",
          "example" : "410038XXXXXX7144",
          "description": "Credit card number"
        },
        "prepaidCardNo" : {
          "type" : "string",
          "example" : "410038XXXXXX7144",
          "description": "Prepaid card number"
        },
        "currencyCode" : {
          "type" : "string",
          "example" : "AED",
          "description": "The currency code of the transaction in ISO 4217 format"
        },
        "transactionAmount" : {
          "type" : "string",
          "example" : "3315.0",
          "description": "Transaction Amount"
        },
        "transactionId" : {
          "type" : "string",
          "example" : "36378XXXX14172705",
          "description": "A Unique Transaction id"
        },
        "amountDue" : {
          "type" : "string",
          "example" : "3315.0",
          "description": "Amount Due for selected consumer number"
        },
        "availableBalance" : {
          "type" : "string",
          "example" : "3315.0",
          "description": "Available Balance"
        },
        "txnRefNo" : {
          "type" : "string",
          "example" : "ATM123658",
          "description": "Transaction reference number"
        },
        "paymentDetails" : {
          "type" : "string",
          "example" : "UtilityService",
          "description": "Payment description details"
        },
        "reqDetails" : {
          "type" : "string",
          "example" : "UtilityService",
          "description": "Request details"
        },
        "paymentType" : {
          "type" : "string",
          "example" : "POSTPAID/PREPAID/MT/MC/MD",
          "description": "Payment type like prepaid/postpaid/landline"
        },
        "billerCode" : {
          "type" : "string",
          "example" : "DU",
          "description": "Biller code"
        },
        "senderLocation" : {
          "type" : "string",
          "example" : "UtilityService",
          "description": "Sender location"
        },
        "interfaceId" : {
          "type" : "string",
          "example" : "UtilityService",
          "description": "Interface id"
        }
      },
      "required" : [ "currencyCode", "transactionAmount" ]
    },
    "accountPaymentRequest" : {
      "type" : "object",
      "properties" : {
        "accountingUnitIdentifier" : {
          "type" : "string",
          "example" : "AEXX1XXX1",
          "description" : "This is the accounting unit. It specifies that for which instance of core application this customer identifier belong to"
        },
        "accountNo" : {
          "type" : "string",
          "example" : "12XXXXXXXXXXXX20",
          "description": "Source Account number"
        },
        "accountType" : {
          "type" : "string",
          "example" : "CA",
          "description": "Type of account saving account (SA) or currenct account (CA)"
        },
        "currencyCode" : {
          "type" : "string",
          "example" : "AED",
          "description": "The currency code of the transaction in ISO 4217 format"
        },
        "transactionAmount" : {
          "type" : "string",
          "example" : "3315.0",
          "description": "Transaction Amount"
        },
        "transactionId" : {
          "type" : "string",
          "example" : "363782XXXX14172705",
          "description": "A Unique transaction id"
        },
        "txnRefNo" : {
          "type" : "string",
          "example" : "ATM123658",
          "description": "Transaction reference number"
        },
        "amountDue" : {
          "type" : "string",
          "example" : "3315.0",
          "description": "Total Amount due"
        },
        "availableBalance" : {
          "type" : "string",
          "example" : "3315.0",
          "description": "Available balance"
        },
        "paymentDetails" : {
          "type" : "string",
          "example" : "UtilityService",
          "description": "Payment details"
        },
        "reqDetails" : {
          "type" : "string",
          "example" : "UtilityService",
          "description": "Request details"
        },
        "paymentType" : {
          "type" : "string",
          "example" : "POSTPAID/PREPAID/MT/MC/MD",
          "description": "payment for Postpaid or prepaid"
        },
        "billerCode" : {
          "type" : "string",
          "example" : "UtilityService",
          "description": "Biller code like 'DU' "
        },
        "senderLocation" : {
          "type" : "string",
          "example" : "UtilityService",
          "description": "sender location"
        },
        "interfaceId" : {
          "type" : "string",
          "example" : "UtilityService",
          "description": "Interface id"
        }
      },
      "required" : [ "accountNo", "currencyCode", "transactionAmount" ]
    },
    "commonPaymentResponse" : {
      "type" : "object",
      "properties" : {
        "fgbTransactionRefNo" : {
          "type" : "string",
          "example" : "FTXXXX100828",
          "description": "Transaction reference number"
        },
        "transactionDateTime" : {
          "type" : "string",
          "example" : "17/12/2016 00:22:16",
          "description": "Transaction date and time"
        },
        "availableBalance" : {
          "type" : "string",
          "example" : "102.0",
          "description": "Available balance after payment"
        },
        "responseStatus" : {
          "$ref" : "#/definitions/diResponseStatus"
        }
      }
    },
    "duConsumerRequest" : {
      "type" : "object",
      "properties" : {
        "duConsumer" : {
          "$ref" : "#/definitions/commonBalanceEnquiryRequest"
        },
        "customerIdentifier" : {
          "type" : "string",
          "example" : "1XXXXX7",
          "description": "Unique FAB Customer ID number used to identify the end customer and aggregate the end customer's different accounts, bringing those multiple accounts into one value. Note - The Customer ID is a randomly generated number and is created one time only"
        }
      }
    },
    "duBalanceEnquiryResponse" : {
      "type" : "object",
      "properties" : {
        "transactionID" : {
          "type" : "string",
          "example" : "32XXX094",
          "description": "DU consumer number"
        },
        "amountDue" : {
          "type" : "string",
          "example" : "426.50",
          "description": "Total Amount due"
        },
        "minimumAmount" : {
          "type" : "string",
          "example" : "50",
          "description": "Minimum Amount allowed for payment"
        },
        "maximumAmount" : {
          "type" : "string",
          "example" : "2500",
          "description": "Maximum Amount allowed for payment"
        },
        "availableBalance" : {
          "type" : "string",
          "example" : "2.00",
          "description": "Available Balance"
        },
        "inMultiplesOf" : {
          "type" : "string",
          "example" : "10",
          "description": "Payment allowed multiple of 10"
        },
        "consumerType" : {
          "type" : "string",
          "example" : "POSTPAID/PREPAID",
          "description": "type of consumer like POSTPAID"
        },
        "responseStatus" : {
          "$ref" : "#/definitions/diResponseStatus"
        }
      }
    },
    "duAccountPaymentReq" : {
      "type" : "object",
      "properties" : {
        "accountPayment" : {
          "$ref" : "#/definitions/accountPaymentRequest"
        },
        "duConsumer" : {
          "$ref" : "#/definitions/commonBalanceEnquiryRequest"
        },
        "customerIdentifier" : {
          "type" : "string",
          "example" : "1XXXXX7",
          "description": "Unique FAB Customer ID number used to identify the end customer and aggregate the end customer's different accounts, bringing those multiple accounts into one value. Note - The Customer ID is a randomly generated number and is created one time only"
        }
      }
    },
    "duCardPaymentReq" : {
      "type" : "object",
      "properties" : {
        "cardPayment" : {
          "$ref" : "#/definitions/cardPaymentRequest"
        },
        "duConsumer" : {
          "$ref" : "#/definitions/commonBalanceEnquiryRequest"
        },
        "customerIdentifier" : {
          "type" : "string",
          "example" : "1XXXXX7",
          "description": "Unique FAB Customer ID number used to identify the end customer and aggregate the end customer's different accounts, bringing those multiple accounts into one value. Note - The Customer ID is a randomly generated number and is created one time only"
        }
      }
    }
  }
}