{
  "swagger": "2.0",
  "info": {
    "description": "This domain caters to the registeration and deregistration of the client devices with the Emirates ID system. Registered devices are used for online verification of Emirates ID.",
    "version": "1.0.0",
    "title": "EID Device Administration"
  },
  "host": "api.bankfab.com",
  "basePath": "/EIDDevice/v1",
  "schemes": [
    "http",
    "https"
  ],
  "paths": {
    "/register": {
      "post": {
        "tags" : [ "Device-Administration" ],
        "operationId": "postRegister",
        "responses": {
          "200": {
            "description": "Registration of EID client device Response Status.",
            "schema": {
              "$ref": "#/definitions/registerEidDeviceResponse"
            }
          },
          "default": {
            "description": "Unexpected error",
            "schema": {
              "$ref": "#/definitions/errorDefinition"
            }
          }
        },
        "consumes": [
          "application/json"
        ],
        "produces": [
          "application/json"
        ],
        "summary" : "Device Registration",
        "description": "Registration of EID client device with EIDA system",
        "parameters": [
          {
            "name": "body",
            "in": "body",
            "schema": {
              "$ref": "#/definitions/registerEidDeviceRequest"
            },
            "description": "The request body for the operation",
            "required": true
          }
        ]
      }
    },
    "/deregister": {
      "post": {
         "tags" : [ "Device-Administration" ],
        "operationId": "postDeregister",
        "responses": {
          "200": {
            "description": "De-Registration of EID client device Response Status.",
            "schema": {
              "$ref": "#/definitions/deregisterEidDeviceResponse"
            }
          },
          "default": {
            "description": "Unexpected error.",
            "schema": {
              "$ref": "#/definitions/errorDefinition"
            }
          }
        },
        "consumes": [
          "application/json"
        ],
        "produces": [
          "application/json"
        ],
        "summary" : "Device Deregistration",
        "description": "De-Registration of EID client device from EIDA system",
        "parameters": [
          {
            "name": "body",
            "in": "body",
            "schema": {
              "$ref": "#/definitions/deregisterEidDeviceRequest"
            },
            "description": "The request body for the operation",
            "required": true
          }
        ]
      }
    }
  },
  "definitions": {
    "errorDetails_RDO": {
      "type": "object",
      "properties": {
        "errorCode": {
          "type": "string",
          "description": "Code that defines the reason for the error. It is alphanumeric",
          "example": "SYS9999"
        },
        "errorDesc": {
          "type": "string",
          "description": "Details of the exception that has occurred",
          "example": "Technical Error in Interface"
        }
      }
    },
    "registerEidDeviceResponse": {
      "type": "object",
      "required": [
        "responseStatus"
      ],
      "properties": {
        "applicationArea": {
          "$ref": "#/definitions/applicationArea"
        },
        "dataArea": {
          "$ref": "#/definitions/EidDeviceRes_RDO"
        },
        "responseStatus": {
          "$ref": "#/definitions/respStatus_RDO"
        }
      }
    },
    "registerEidDeviceRequest_RDO": {
      "type": "object",
      "required": [
        "referenceIdentifier",
        "deviceId"
      ],
      "properties": {
        "deviceId": {
          "type": "string",
          "description": "unique device identifier of card reader which is used to read EmiratesId"
        },
        "referenceIdentifier": {
          "type": "string",
          "description": "unique Identifier assigned for  transaction"
        }
      }
    },
    "respStatus_RDO": {
      "type": "object",
      "properties": {
        "status": {
          "type": "string",
          "example": "SUCCESS",
          "description": "Response status. Values - SUCCESS/ERROR/WARNING"
        },
        "errorDetails": {
          "type": "array",
          "items": {
            "$ref": "#/definitions/errorDetails_RDO"
          }
        },
        "metaData": {
          "type": "string",
          "description": "Additional Information"
        }
      }
    },
    "deregisterEidDeviceRequest": {
      "type": "object",
      "properties": {
        "applicationArea": {
          "$ref": "#/definitions/applicationArea"
        },
        "dataArea": {
          "$ref": "#/definitions/deregisterEidDeviceRequest_RDO"
        }
      }
    },
    "deregisterEidDeviceResponse": {
      "type": "object",
      "required": [
        "responseStatus"
      ],
      "properties": {
        "applicationArea": {
          "$ref": "#/definitions/applicationArea"
        },
        "responseStatus": {
          "$ref": "#/definitions/respStatus_RDO"
        },
        "dataArea": {
          "$ref": "#/definitions/EidDeviceRes_RDO"
        }
      }
    },
    "deregisterEidDeviceRequest_RDO": {
      "type": "object",
      "properties": {
        "deviceId": {
          "type": "string",
          "description": "Unique identifier of the Client device"
        }
      }
    },
    "applicationArea": {
      "type": "object",
      "required": [
        "countryOfOrigin",
        "senderId",
        "transactionDateTime",
        "transactionId"
      ],
      "properties": {
        "correlationId": {
          "type": "string",
          "description": "Unique identifier used for identifing the transaction lifecycle"
        },
        "countryOfOrigin": {
          "maxLength": 2,
          "minLength": 2,
          "type": "string",
          "example": "AE",
          "description": "Country of origination of the request. The representation is in ISO 3166 country codes in two bytes format"
        },
        "creationDateTime": {
          "type": "string",
          "format" : "date-time",
          "description": "Creation date of the service in ISO 8601 YYYY-MM-DDTHH:MM:SS:sssZ format. This is an optional field"
        },
        "senderUserId": {
          "type": "string",
          "description": "Sender's User ID. Information about a user who has initiated the transaction",
          "example": ""
        },
        "senderBranchId": {
          "type": "string",
          "description": "Sender's Branch ID. Information about a user who has initiated the transaction",
          "example": ""
        },
        "senderId": {
          "type": "string",
          "description": "Unique identification for the consumer. This will be agreed by Service owner at the time of setup. It will need to be passed in all requests",
          "example": "MOB"
        },
        "transactionDateTime": {
          "type": "string",
          "format": "date-time",
          "description": "The data and time the request is initiated in ISO 8601 format YYYY-MM-DD HH:MM :SS format"
        },
        "transactionId": {
          "type": "string",
          "example" : "WLT1254378DEFG",
          "description" : "Unique transaction reference id assigned by the Sender to identify the message"
        },
        "transactionTimeZone": {
          "type": "string",
          "example": "",
          "description": "Timezone in which transaction is initiated"
        },
        "senderAuthorizationID": {
          "type": "string",
          "description": "Identification of the Authorizer who has authorized the transaction. This is an optional field",
          "example": ""
        },
        "senderReferenceID": {
          "type": "string",
          "description": "Reference ID from Sender to identify the event that cause the service invocation. This is an optional field",
          "example": ""
        },
        "senderAuthorizationComments": {
          "type": "string",
          "description": "Comments of the Authorizer on authorizing the transaction. This is an optional field",
          "example": "Approved"
        }
      }
    },
    "errorDefinition": {
      "type": "object",
      "properties": {
        "applicationArea": {
          "$ref": "#/definitions/applicationArea"
        },
        "responseStatus": {
          "$ref": "#/definitions/respStatus_RDO"
        }
      }
    },
    "registerEidDeviceRequest": {
      "type": "object",
      "properties": {
        "applicationArea": {
          "$ref": "#/definitions/applicationArea"
        },
        "dataArea": {
          "$ref": "#/definitions/registerEidDeviceRequest_RDO"
        }
      }
    },
    "EidDeviceRes_RDO": {
      "type": "object",
      "properties": {
        "registrationStatus": {
          "type": "string",
          "description": "Registration Status"
        },
        "registrationIdentifier": {
          "type": "string",
          "description": "Unique identifier assigned for registerd device"
        },
        "deviceId": {
          "type": "string",
          "description": "Unique identifier of Client device"
        },
        "referenceIdentifier": {
          "type": "string",
          "description": "Unique identifier assigned for transaction"
        }
      }
    }
  }
}