{
  "swagger" : "2.0",
  "info" : {
    "title" : "Etisalat Utility",
    "version" : "1.0.0",
    "description" : "Etisalat Utility Services facilitates bill payments to Etisalat utility service providers"
  },
  "host" : "api.bankfab.com",
  "schemes" : [ "https" ],
  "basePath" : "/utility/etisalat/v1",
  "paths" : {
    "/bills/balance" : {
      "post": {
        "tags": [
          "Utility-Services"
        ],
        "operationId" : "etisalatBalanceEnquiry",
        "responses" : {
          "200" : {
            "description" : "ETISALAT Balance Enquiry",
            "schema" : {
              "$ref" : "#/definitions/etisalatBalanceEnquiryResponse"
            }
          }
        },
        "consumes" : [ "application/json" ],
        "produces" : [ "application/json" ],
        "summary" : "Retrieve Balance",
		"description" : "Intiates a Balance Enquiry with the Etisalat service provider",
        "parameters" : [ {
          "name" : "body",
          "in" : "body",
          "schema" : {
            "$ref" : "#/definitions/etisalatConsumerRequest"
          },
          "description" : "The request body for the operation",
          "required" : true
        } ]
      }
    },
    "/bills/payment/byaccount" : {
      "post": {
        "tags": [
          "Utility-Services"
        ],
        "operationId" : "etisalatAccountPayment",
        "responses" : {
          "200" : {
            "description" : "ETISALAT payment using CASA Account",
            "schema" : {
              "$ref" : "#/definitions/commonPaymentResponse"
            }
          }
        },
        "consumes" : [ "application/json" ],
        "produces" : [ "application/json" ],
        "summary" : "Post Bill Payment by Account",
        "description" : "Executes a payment with the Etisalat service provider from a CASA account",
        "parameters" : [ {
          "name" : "body",
          "in" : "body",
          "schema" : {
            "$ref" : "#/definitions/etisalatAccountPaymentReq"
          },
          "description" : "The request body for the operation",
          "required" : true
        } ]
      }
    },
    "/bills/payment/bycreditcard" : {
      "post": {
        "tags": [
          "Utility-Services"
        ],
        "operationId" : "etisalatCardPayment",
        "responses" : {
          "200" : {
            "description" : "ETISALAT payment using Credit Card",
            "schema" : {
              "$ref" : "#/definitions/commonPaymentResponse"
            }
          }
        },
        "consumes" : [ "application/json" ],
        "produces" : [ "application/json" ],
        "summary" : "Post Bill Payment by Credit card",
        "description" : "Executes a payment with the Etisalat service provider by using credit card",
        "parameters" : [ {
          "name" : "body",
          "in" : "body",
          "schema" : {
            "$ref" : "#/definitions/etisalatCardPaymentReq"
          },
          "description" : "The request body for the operation",
          "required" : true
        } ]
      }
    },
    "/bills/payment/byprepaidcard" : {
      "post": {
        "tags": [
          "Utility-Services"
        ],
        "operationId" : "etisalatPrepaidCardPayment",
        "responses" : {
          "200" : {
            "description" : "ETISALAT payment using Prepaid Card",
            "schema" : {
              "$ref" : "#/definitions/commonPaymentResponse"
            }
          }
        },
        "consumes" : [ "application/json" ],
        "produces" : [ "application/json" ],
        "summary" : "Post Bill Payment by Prepaid card",
        "description" : "Executes a payment with the Etisalat service provider by using prepaid card",
        "parameters" : [ {
          "name" : "body",
          "in" : "body",
          "schema" : {
            "$ref" : "#/definitions/etisalatCardPaymentReq"
          },
          "description" : "The request body for the operation",
          "required" : true
        } ]
      }
    },
    "/waselrecharge/balance/{consumerno}" : {
      "get" : {
        "tags": [
          "Utility-Services"
        ],
        "summary" : "Get Wasel Balance",
        "description" : "Intiates a Wasel Balance Enquiry with the Etisalat service provider",
        "operationId" : "waselRechargeBalanceEnquiry",
        "produces" : [ "application/json" ],
        "parameters" : [ {
          "name" : "consumerno",
          "in" : "path",
          "description" : "Consumer Number",
          "required" : true,
          "type" : "string"
        } ],
        "responses" : {
          "200" : {
            "description" : "WASEL RECHARGE Balance Enquiry",
            "schema" : {
              "$ref" : "#/definitions/sewaDewaSalikBalanceEnquiryResponse"
            }
          }
        }
      }
    },
    "/waselrecharge/payment/bycreditcard" : {
      "post" : {
        "tags": [
          "Utility-Services"
        ],
        "operationId" : "waselRechargeCardPayment",
        "responses" : {
          "200" : {
            "description" : "WASEL RECHARGE Using Credit Card",
            "schema" : {
              "$ref" : "#/definitions/commonPaymentResponse"
            }
          }
        },
        "consumes" : [ "application/json" ],
        "produces" : [ "application/json" ],
        "summary" : "Post Wasel recharge by Credit card",
        "description" : "Executes a Wasel recharge with the Etisalat service provider by using credit card",
        "parameters" : [ {
          "name" : "body",
          "in" : "body",
          "schema" : {
            "$ref" : "#/definitions/etisalatCardPaymentReq"
          },
          "description" : "The request body for the operation",
          "required" : true
        } ]
      }
    },
    "/waselrecharge/payment/byprepaidcard" : {
      "post" : {
        "tags": [
          "Utility-Services"
        ],
        "operationId" : "waselRechargePrepaidCardPayment",
        "responses" : {
          "200" : {
            "description" : "WASEL RECHARGE Using Prepaid Card",
            "schema" : {
              "$ref" : "#/definitions/commonPaymentResponse"
            }
          }
        },
        "consumes" : [ "application/json" ],
        "produces" : [ "application/json" ],
         "summary" : "Post Wasel recharge by Preapid card",
        "description" : "Executes a Wasel recharge with the Etisalat service provider by using prepaid card",
        "parameters" : [ {
          "name" : "body",
          "in" : "body",
          "schema" : {
            "$ref" : "#/definitions/etisalatCardPaymentReq"
          },
          "description" : "The request body for the operation",
          "required" : true
        } ]
      }
    },
    "/waselrecharge/payment/byaccount" : {
      "post" : {
        "tags": [
          "Utility-Services"
        ],
        "operationId" : "waselRechargeAccountPayment",
        "responses" : {
          "200" : {
            "description" : "WASEL RECHARGE using CASA Account",
            "schema" : {
              "$ref" : "#/definitions/commonPaymentResponse"
            }
          }
        },
        "consumes" : [ "application/json" ],
        "produces" : [ "application/json" ],
        "summary" : "Post Wasel recharge by Account",
        "description" : "Executes a Wasel recharge with the Etisalat service provider from a CASA account",
        "parameters" : [ {
          "name" : "body",
          "in" : "body",
          "schema" : {
            "$ref" : "#/definitions/etisalatAccountPaymentReq"
          },
          "description" : "The request body for the operation",
          "required" : true
        } ]
      }
    },
    "/waselrenew/balance/{consumerno}" : {
      "get" : {
        "tags": [
          "Utility-Services"
        ],
        "summary" : "Retrieve Wasel Renewal Balance",
        "description" : "Intiates a Wasel Renewal Balance Enquiry with the Etisalat service provider",
        "operationId" : "waselRenewBalanceEnquiry",
        "produces" : [ "application/json" ],
        "parameters" : [ {
          "name" : "consumerno",
          "in" : "path",
          "description" : "Consumer Number",
          "required" : true,
          "type" : "string"
        } ],
        "responses" : {
          "200" : {
            "description" : "Successful Operation",
            "schema" : {
              "$ref" : "#/definitions/sewaDewaSalikBalanceEnquiryResponse"
            }
          }
        }
      }
    },
    "/waselrenew/payment/byaccount" : {
      "post" : {
        "tags": [
          "Utility-Services"
        ],
        "operationId" : "waselRenewAccountPayment",
        "responses" : {
          "200" : {
            "description" : "WASEL RENEW using CASA Account",
            "schema" : {
              "$ref" : "#/definitions/commonPaymentResponse"
            }
          }
        },
        "consumes" : [ "application/json" ],
        "produces" : [ "application/json" ],
        "summary" : "Post Wasel renewal by Account",
        "description" : "Executes a Wasel renewal with the Etisalat service provider from a CASA account",
        "parameters" : [ {
          "name" : "body",
          "in" : "body",
          "schema" : {
            "$ref" : "#/definitions/etisalatAccountPaymentReq"
          },
          "description" : "The request body for the operation",
          "required" : true
        } ]
      }
    },
    "/waselrenew/payment/bycreditcard" : {
      "post" :{
        "tags": [
          "Utility-Services"
        ],
        "operationId" : "waselRenewCardPayment",
        "responses" : {
          "200" : {
            "description" : "WASEL RENEW using Credit Card",
            "schema" : {
              "$ref" : "#/definitions/commonPaymentResponse"
            }
          }
        },
        "consumes" : [ "application/json" ],
        "produces" : [ "application/json" ],
        "summary" : "Post Wasel renewal by Credit card",
        "description" : "Executes a Wasel renewal with the Etisalat service provider by using a Credit Card",
        "parameters" : [ {
          "name" : "body",
          "in" : "body",
          "schema" : {
            "$ref" : "#/definitions/etisalatCardPaymentReq"
          },
          "description" : "The request body for the operation",
          "required" : true
        } ]
      }
    },
    "/waselrenew/payment/byprepaidcard" : {
      "post" :{
        "tags": [
          "Utility-Services"
        ],
        "operationId" : "waselRenewPrepaidCardPayment",
        "responses" : {
          "200" : {
            "description" : "WASEL RENEW using Prepaid Card",
            "schema" : {
              "$ref" : "#/definitions/commonPaymentResponse"
            }
          }
        },
        "consumes" : [ "application/json" ],
        "produces" : [ "application/json" ],
         "summary" : "Post Wasel renewal by Prepaid card",
        "description" : "Executes a Wasel renewal with the Etisalat service provider by using a prepaid card",
        "parameters" : [ {
          "name" : "body",
          "in" : "body",
          "schema" : {
            "$ref" : "#/definitions/etisalatCardPaymentReq"
          },
          "description" : "The request body for the operation",
          "required" : true
        } ]
      }
    }
  },
  "definitions" : {
    "responseStatus" : {
      "type" : "object",
      "properties" : {
        "status" : {
          "type" : "string",
          "example" : "SUCCESS",
          "description": "Response Status. Values - SUCCESS/ERROR/WARNING"
        },
        "error" : {
          "type" : "object",
          "properties" : {
            "code" : {
              "type" : "string",
              "description": "Code that defines the reason for the error. It is alphanumeric",
              "example": "SYS9999"
            },
            "description" : {
              "type" : "string",
              "description": "Details of the exception that has occurred",
              "example": "Technical Error in Interface"
            }
          }
        }
      },
      "required" : [ "status" ]
    },
    "genericError" : {
      "type" : "object",
      "properties" : {
        "responseStatus" : {
          "$ref" : "#/definitions/diResponseStatus"
        }
      }
    },
    "diResponseStatus" : {
      "type" : "array",
      "items" : {
        "type" : "object",
        "properties" : {
          "status" : {
            "type" : "string",
            "example" : "SUCCESS/ERROR",
            "description" : "response description success or failure"
          },
          "errorCode" : {
            "type" : "string",
            "example" : "SYS001",
            "description" : "error code"
          },
          "errorDesc" : {
            "type" : "string",
            "example" : "System in unavailable",
            "description" : "error code description"
          }
        }
      }
    },
    "commonBalanceEnquiryRequest" : {
      "type" : "object",
      "properties" : {
        "agency" : {
          "type" : "string",
          "example" : "ADDC/AADC/SEWA/DEWA/ETISALAT",
          "description" : "agency code for utility"
        },
        "consumerNo" : {
          "type" : "string",
          "example" : "999XXXX742",
          "description": "Consumer number of the customer for which bills needs to be paid"
        },
        "telephoneNo" : {
          "type" : "string",
          "example" : "056XXXXXXX",
          "description": "Mobile number of the customer for which bills needs to be paid"
        }
      }
    },
    "commonBalanceEnquiryResponse" : {
      "type" : "object",
      "properties" : {
        "amountDue" : {
          "type" : "string",
          "example" : "2000.00",
          "description":"Total Amount Due"
        },
        "responseStatus" : {
          "$ref" : "#/definitions/diResponseStatus"
        }
      }
    },
    "cardPaymentRequest" : {
      "type" : "object",
      "properties" : {
        "accountingUnitIdentifier" : {
          "type" : "string",
          "example" : "AEXX1XXX1",
          "description" : "Company code of the customer (Islamic/Coventional)"
        },
        "creditCardNo" : {
          "type" : "string",
          "example" : "410038XXXXXX7144",
          "description" : "Credit card number from which payment needs to be done"
        },
        "prepaidCardNo" : {
          "type" : "string",
          "example" : "410038XXXXXX7144",
          "description" : "Prepaid card number from which payment needs to be done"
        },
        "currencyCode" : {
          "type" : "string",
          "example" : "AED",
          "description" : "ISO-4217 Currency ccode of source account/Card"
        },
        "transactionAmount" : {
          "type" : "string",
          "example" : "3315.00",
          "description": "transaction amount"
        },
        "transactionId" : {
          "type" : "string",
          "example" : "363782XXXXX172705",
          "description" : "unique number of transaction request id"
        },
        "amountDue" : {
          "type" : "string",
          "example" : "3315.00",
          "description" : "Amount due after payment"
        },
        "availableBalance" : {
          "type" : "string",
          "example" : "3315.00",
          "description" : "Available balance after payment"
        },
        "txnRefNo" : {
          "type" : "string",
          "example" : "ATM123658",
          "description" : "Unique Reference number for payment"
        },
        "paymentDetails" : {
          "type" : "string",
          "example" : "UtilityService",
          "description" :  "Payment detail description"
        },
        "reqDetails" : {
          "type" : "string",
          "example" : "UtilityService",
          "description" :  "Request detail description"
        },
        "billerCode" : {
          "type" : "string",
          "example" : "UtilityService",
          "description" :  "Biller code detail description"
        },
        "senderLocation" : {
          "type" : "string",
          "example" : "UtilityService",
          "description" :  "Sender location detail description"
        },
        "interfaceId" : {
          "type" : "string",
          "example" : "UtilityService",
          "description" :  "Interface id detail description"
        }
      },
      "required" : [ "currencyCode", "transactionAmount", "transactionId" ]
    },
    "accountPaymentRequest" : {
      "type" : "object",
      "properties" : {
        "accountingUnitIdentifier" : {
          "type" : "string",
          "example" : "AEXX1XXX1",
          "description" : "Company code of the custer (Islamic/Coventional)"
        },
        "accountNo" : {
          "type" : "string",
          "example" : "12XXXXXXXXXXXX20",
          "description" : "CASA Account number from which payment needs to be done"
        },
        "accountType" : {
          "type" : "string",
          "example" : "CH",
          "description" : " Type of account : Saving Account (SA), Current Account (CH)"
        },
        "currencyCode" : {
          "type" : "string",
          "example" : "AED",
          "description" : "ISO-4217 Currency ccode of source account"
        },
        "transactionAmount" : {
          "type" : "string",
          "example" : "3315.00",
          "description": "transaction amount"
        },
        "transactionId" : {
          "type" : "string",
          "example" : "363782XXXX172705",
          "description" : "unique number of transaction request id"
        },
        "txnRefNo" : {
          "type" : "string",
          "example" : "ATM123658",
          "description" : "Unique transaction Reference number for payment"
        },
        "amountDue" : {
          "type" : "string",
          "example" : "3315.00",
          "description":"Total Amount Due"
        },
        "availableBalance" : {
          "type" : "string",
          "example" : "3315.00",
          "description" : "Available balance after payment"
        },
        "paymentDetails" : {
          "type" : "string",
          "example" : "UtilityService",
          "description" :  "Payment detail description"
        },
        "reqDetails" : {
          "type" : "string",
          "example" : "UtilityService",
          "description" :  "Request detail description"
        },
        "billerCode" : {
          "type" : "string",
          "example" : "UtilityService",
          "description" :  "Biller code detail description"
        },
        "senderLocation" : {
          "type" : "string",
          "example" : "UtilityService",
          "description" :  "Sender location detail description"
        },
        "interfaceId" : {
          "type" : "string",
          "example" : "UtilityService",
          "description" :  "Interface id detail description"
        }
      },
      "required" : [ "accountNo", "currencyCode", "transactionAmount", "transactionId" ]
    },
    "commonPaymentResponse" : {
      "type" : "object",
      "properties" : {
        "fgbTransactionRefNo" : {
          "type" : "string",
          "example" : "FT1623XXXX28",
           "description": " Reference number for trasaction"
        },
        "transactionDateTime" : {
          "type" : "string",
          "example" : "2017-12-11 00:22:16",
          "description" : "Transaction date and time in format : YYYY-MM-DD HH:MM:SS"
        },
        "availableBalance" : {
          "type" : "string",
          "example" : "102.00",
          "description" : "Available balance after payment"
        },
        "responseStatus" : {
          "$ref" : "#/definitions/diResponseStatus"
        }
      }
    },
    "etisalatConsumerRequest" : {
      "type" : "object",
      "properties" : {
        "etisalatConsumer" : {
          "$ref" : "#/definitions/commonBalanceEnquiryRequest"
        },
        "customerIdentifier" : {
          "type" : "string",
          "example" : "1XXXXX7",
          "description": "Unique FAB Customer ID number used to identify the end customer and aggregate the end customer's different accounts, bringing those multiple accounts into one value. Note - The Customer ID is a randomly generated number and is created one time only"
        }
      }
    },
    "sewaDewaSalikBalanceEnquiryResponse" : {
      "type" : "object",
      "properties" : {
        "transactionID" : {
          "type" : "string",
          "example" : "32XXX094",
          "description" : "unique number of transaction request id"
        },
        "amountDue" : {
          "type" : "string",
          "example" : "426.50",
          "description" : "Total Amount due"
        },
        "minimumAmount" : {
          "type" : "string",
          "example" : "50.00",
          "description" : "Minimum amount to be paid/Allowed"
        },
        "maximumAmount" : {
          "type" : "string",
          "example" : "2500.00",
          "description": "Maximum amount allowed for payment"
        },
        "availableBalance" : {
          "type" : "string",
          "example" : "2.00",
          "description" : "Available balance after payment"
        },
        "inMultiplesOf" : {
          "type" : "string",
          "example" : "10.00",
          "description": "Payment allowed in multiple of 10"
        },
        "responseStatus" : {
          "$ref" : "#/definitions/diResponseStatus"
        }
      }
    },
    "etisalatBalanceEnquiryResponse" : {
      "type" : "object",
      "properties" : {
        "transactionID" : {
          "type" : "string",
          "example" : "32XXX094",
          "description" : "unique number of transaction request id"
        },
        "amountDue" : {
          "type" : "string",
          "example" : "426.50",
          "description" : "Total Amount due"
        },
        "minimumAmount" : {
          "type" : "string",
          "example" : "50.00",
          "description" : "Minimum amount to be paid/Allowed"
        },
        "maximumAmount" : {
          "type" : "string",
          "example" : "2500.00",
          "description": "Maximum amount allowed for payment"
        },
        "inMultiplesOf" : {
          "type" : "string",
          "example" : "10.00",
          "description": "Payment allowed in multiple of 10"
        },
        "serviceConsumer" : {
          "type" : "object",
          "properties" : {
            "serviceType" : {
              "type" : "string",
              "example" : "DEL"
                          }
          }
        },
        "responseStatus" : {
          "$ref" : "#/definitions/diResponseStatus"
        }
      }
    },
    "etisalatAccountPaymentReq" : {
      "type" : "object",
      "properties" : {
        "accountPayment" : {
          "$ref" : "#/definitions/accountPaymentRequest"
        },
        "etisalatConsumer" : {
          "$ref" : "#/definitions/commonBalanceEnquiryRequest"
        },
        "customerIdentifier" : {
          "type" : "string",
          "example" : "1XXXXX7",
          "description": "Unique FAB Customer ID number used to identify the end customer and aggregate the end customer's different accounts, bringing those multiple accounts into one value. Note - The Customer ID is a randomly generated number and is created one time only"
        }
      }
    },
    "etisalatCardPaymentReq" : {
      "type" : "object",
      "properties" : {
        "cardPayment" : {
          "$ref" : "#/definitions/cardPaymentRequest"
        },
        "etisalatConsumer" : {
          "$ref" : "#/definitions/commonBalanceEnquiryRequest"
        },
        "customerIdentifier" : {
          "type" : "string",
          "example" : "1XXXXX7",
          "description": "Unique FAB Customer ID number used to identify the end customer and aggregate the end customer's different accounts, bringing those multiple accounts into one value. Note - The Customer ID is a randomly generated number and is created one time only"
        }
      }
    }
  }
}