{
  "swagger": "2.0",
  "info": {
    "description": "External API handles services linked to the Emirates Digital Wallet. They are consumed by the Platform to support digital Payments. Member Banks have to adhere to the proprietery definitions provided by the Platform.",
    "version": "2.0.0",
    "title": "External EDW Services"
  },
  "host": "api.bankfab.com",
  "basePath": "/external/v1",
  "schemes": [
    "https"
  ],
  "produces": [
    "application/json"
  ],
  "paths": {
    "/inward/transfer": {
      "post": {
        "tags": [
          "EDW-Services"
        ],
        "summary": "Transfer money from Digital Wallet to Bank Account",
        "description": "Wallet Inward transfer is used to transfer money from Digital Wallet Stored value account to Bank Account. EDW will trigger this service to transfer money to their bank wallet account",
        "operationId": "processWalletInwardTransfer",
        "consumes": [
          "application/json"
        ],
        "produces": [
          "application/json"
        ],
        "parameters": [
          {
            "in": "body",
            "name": "processWalletInwardTransfer",
            "description": "process Wallet Inward Transfer is used to transfer money from EDW to FAB Account",
            "required": true,
            "schema": {
              "$ref": "#/definitions/processWalletInwardTransferRequest"
            }
          }
        ],
        "responses": {
          "200": {
            "description": "wallet credit",
            "schema": {
              "$ref": "#/definitions/processWalletInwardTransferResponse"
            }
          }
        }
      }
    },
    "/notification/sms": {
      "post": {
        "tags": [
          "EDW-Services"
        ],
        "summary": "EDW SMS Notification",
        "description": "EDW Platform uses the service to notify end users about the particular event performed on the stored value account via SMS",
        "operationId": "smsNotification",
        "consumes": [
          "application/json"
        ],
        "produces": [
          "application/json"
        ],
        "parameters": [
          {
            "in": "body",
            "name": "smsNotification",
            "description": "SMS Notification",
            "required": true,
            "schema": {
              "$ref": "#/definitions/edwNotificationRequest_RDO"
            }
          }
        ],
        "responses": {
          "200": {
            "description": "wallet credit",
            "schema": {
              "$ref": "#/definitions/edwNotificationResponse_RDO"
            }
          }
        }
      }
    },
    "/notification/email": {
      "post": {
        "tags": [
          "EDW-Services"
        ],
        "summary": "EDW Email Notification",
        "description": "EDW Platform uses the service to notify end users about the particular event performed on the stored value account via Email",
        "operationId": "emailNotification",
        "consumes": [
          "application/json"
        ],
        "produces": [
          "application/json"
        ],
        "parameters": [
          {
            "in": "body",
            "name": "emailNotification",
            "description": "email Notification",
            "required": true,
            "schema": {
              "$ref": "#/definitions/edwNotificationRequest_RDO"
            }
          }
        ],
        "responses": {
          "200": {
            "description": "wallet credit",
            "schema": {
              "$ref": "#/definitions/edwNotificationResponse_RDO"
            }
          }
        }
      }
    },
    "/merchant/cashout": {
      "post": {
        "tags": [
          "EDW-Services"
        ],
        "summary": "Merchant cash out from Digital Wallet to Bank account",
        "description": "Merchant cash-out service are used by Emirates Digital Wallet Merchants to transfer their accumulated amount from Digital Wallet Stored Value accounts to their bank accounts",
        "operationId": "processMerchantCashOut",
        "consumes": [
          "application/json"
        ],
        "produces": [
          "application/json"
        ],
        "parameters": [
          {
            "in": "body",
            "name": "processMerchantCashOut",
            "description": "process merchant cashout request",
            "required": true,
            "schema": {
              "$ref": "#/definitions/processMerchantCashOutRequest"
            }
          }
        ],
        "responses": {
          "200": {
            "description": "merchant cashout",
            "schema": {
              "$ref": "#/definitions/processMerchantCashOutResponse"
            }
          }
        }
      }
    }
  },
  "definitions": {
    "edwNotificationRequest_RDO": {
      "type": "object",
      "required": [
        "eventId",
        "message",
        "messageRequestDateTime",
        "to"
      ],
      "properties": {
        "eventId": {
          "type": "string",
          "description": "Event Id is a 36 character long GUID",
          "example": "EDW123456789"
        },
        "from": {
          "type": "string",
          "description": "Notification triggered From",
          "example": "abc@xxxbank.com"
        },
        "to": {
          "type": "string",
          "description": "Recipient address of the notification",
          "example": "xxx@xxxxx.com"
        },
        "alternateContactNumber": {
          "type": "number",
          "description": "Alternate Contact Number",
          "example": "+97154XXXXXXX"
        },
        "message": {
          "type": "string",
          "description": "Communication Message about",
          "example": "Welcome to the world of Banking"
        },
        "messageLocale": {
          "type": "string",
          "description": "The locale of the text message “en_US”",
          "example": "en_US"
        },
        "messageRequestDateTime": {
          "type": "number",
          "description": "Message Request DateTime Format: YYYYMMDDHH24MISS UTC time zone",
          "example": "20190803121024"
        }
      }
    },
    "edwNotificationResponse_RDO": {
      "type": "object",
      "required": [
        "eventId",
        "messageResponseDateTime",
        "responseCode"
      ],
      "properties": {
        "eventId": {
          "type": "string",
          "description": "Event Id is a 36 character long GUID",
          "example": "EDW123XXXX89"
        },
        "responseCode": {
          "type": "string",
          "description": "Response Code Possible values SUCCESS, FAILURE",
          "example": "SUCCESS"
        },
        "messageResponseDateTime": {
          "type": "string",
          "description": "Message Response DateTime Format: YYYYMMDDHH24MISS UTC time zone",
          "example": "20190803121024"
        }
      }
    },
    "processMerchantCashOutResponse": {
      "type": "object",
      "properties": {
        "responseCode": {
          "type": "string",
          "description": "Response Code Possible values SUCCESS, FAILURE",
          "example": "SUCCESS"
        },
        "messageResponseDateTime": {
          "type": "string",
          "description": "Message Response DateTime Format: YYYYMMDDHH24MISS UTC time zone",
          "example": "20190803121024"
        }
      }
    },
    "processMerchantCashOutRequest": {
      "type": "object",
      "properties": {
        "type": {
          "type": "string",
          "description": "Merchant Cash-out out from EDW to his bank account or through ATM, option 1 = Card-less Cash withdrawal at ATM and 2 = SVA to Bank Account Transfer for White Label App",
          "example": "1"
        },
        "amount": {
          "type": "string",
          "description": "Transaction amount for Cash-out from EDW Account to his bank account",
          "example": "5000"
        },
        "currency": {
          "type": "string",
          "description": "Currency of Cash-out in ISO 4217 format",
          "example": "AED"
        },
        "userInfo": {
          "$ref": "#/definitions/userInfo_Obj"
        },
        "bankAccountInfo": {
          "$ref": "#/definitions/bankAccountInfo_Obj"
        }
      }
    },
    "userInfo_Obj": {
      "type": "object",
      "properties": {
        "primaryUserIdentifer": {
          "type": "string",
          "description": "EDW Registered user Mobile Number is primary identifier",
          "example": "+97154XXXXXXX"
        },
        "secondaryUserIdentifer": {
          "type": "string",
          "description": "EDW Secondary User Identifier",
          "example": "abc@bcd.com"
        },
        "email": {
          "type": "string",
          "description": "email address by which Customer is registered with EDW",
          "example": "abc@bcd.com"
        },
        "bankCode": {
          "type": "string",
          "description": "Issuer bank code is Unique Identification of Bank provided by EDW",
          "example": "FABBNK1XX4"
        },
        "programCode": {
          "type": "string",
          "description": "Type of EDW Program the customer is on-boarded. Program Code 001 CONSUMER 002 MERCHANT as per EDW Platform",
          "example": "002"
        },
        "consumerType": {
          "type": "string",
          "description": "Type of EDW Customer CONSUMER or MERCHANT",
          "example": "Consumer"
        },
        "requestChannel": {
          "type": "string",
          "description": "Unique Channel Identifier",
          "example": "WLT"
        }
      }
    },
    "bankAccountInfo_Obj": {
      "type": "object",
      "properties": {
        "accountNumber": {
          "type": "string",
          "description": "SVA Account Number which is a Unique identifier of bank account.",
          "example": "0527876543"
        },
        "accountHolderName": {
          "type": "string",
          "description": "SVA Consumer Name",
          "example": "Ajeem"
        },
        "accountType": {
          "type": "string",
          "description": "Account Type",
          "example": "SVA - Store Value Account"
        }
      }
    },
    "processWalletInwardTransferRequest": {
      "type": "object",
      "properties": {
        "eventId": {
          "type": "string",
          "description": "Event Id is a 36 character long GUID",
          "example": "EDW1234567890"
        },
        "transactionRrn": {
          "type": "number",
          "description": "Retrieval Reference Number, a key to uniquely identify the transaction",
          "example": "123456654323"
        },
        "transactionRequestDateTime": {
          "type": "string",
          "description": "UTC based transaction request date and time - Format:YYYYMMDDHH24MISS",
          "example": "20190225072336"
        },
        "transactionCode": {
          "type": "string",
          "description": "Code given by EDW for FEE 22 and VAT ST",
          "example": "22"
        },
        "transactionType": {
          "type": "string",
          "description": "EDW defined Transaction Types O for Original and R for Reversal",
          "example": "O"
        },
        "creditDebitIndicator": {
          "type": "string",
          "description": "indicator in the EDW Message to perform Debit or Credit",
          "example": "DR"
        },
        "transactionCurrency": {
          "type": "string",
          "description": "Transaction Currency in ISO 4217 format",
          "example": "AED"
        },
        "transactionAmount": {
          "type": "string",
          "description": "Transaction Amount for the EDW transaction",
          "example": "1500"
        },
        "transactionFees": {
          "type": "number",
          "description": "Transaction Fee",
          "example": "10"
        },
        "billingCurrency": {
          "type": "string",
          "description": "Billing Currency in SIO 4217 currency format",
          "example": "AED"
        },
        "billingAmount": {
          "type": "string",
          "description": "Billing Amount",
          "example": "10"
        },
        "fees": {
          "type": "string",
          "description": "Transaction Fee",
          "example": "10"
        },
        "feesCurrency": {
          "type": "string",
          "description": "Fee Currency",
          "example": "AED"
        },
        "feesReasonCode": {
          "type": "string",
          "description": "Supported values 01 (Damaged Card), 02 (Erroneous Card), 03 (Lost Card), 04 (Stolen Card), 05 (Counterfeit), 06 (Emergency Replacement), 10 (Device Sign up), 11 (Stoplist Withdrawal), 13 (Device Maintenance), 15 (Upgrade), U7 (Inactive Acct Maintenance Fees), 22 (Wallet Signup), 23 (Wallet Maintenance)",
          "example": "05"
        },
        "vat": {
          "type": "string",
          "description": "Payment and VAT Related mirror message contains values",
          "example": "ST"
        },
        "vatCurrency": {
          "type": "number",
          "description": "VAT Currency in ISO 4217 format",
          "example": "AED"
        },
        "terminalId": {
          "type": "string",
          "description": "Terminal Id applicable in Merchant messages",
          "example": "546211"
        },
        "authorizationCode": {
          "type": "string",
          "description": "Authorization code of transaction",
          "example": "I4PDPR"
        },
        "sourceIdentification": {
          "type": "string",
          "description": "Identification of the sender of the transaction, Mobile Number of Customer",
          "example": "97154XXXXXXX"
        },
        "sourceBankCode": {
          "type": "string",
          "description": "bankCode of the sender of the transaction, Applicable for all two legged transactions",
          "example": "enbd0001"
        },
        "sourcePPAN": {
          "type": "string",
          "description": "Pseudo PAN of the sending party",
          "example": "2100********4567"
        },
        "sourceConsumerType": {
          "type": "string",
          "description": "Applicable for 2 legged transactions. Sender Consumer Type",
          "example": "CONSUMER"
        },
        "sourceBrandId": {
          "type": "string",
          "description": "BrandId in case of a Merchant",
          "example": "abccorp12345"
        },
        "sourceCompanyId": {
          "type": "string",
          "description": "CompanyId in case of a Merchant",
          "example": "abccorp12345"
        },
        "destinationIdentification": {
          "type": "string",
          "description": "Applicable for two legged transactions Registered Mobile No of receiver",
          "example": "97154XXXXXXX"
        },
        "destinationBankCode": {
          "type": "string",
          "description": "Beneficiary customer bank code and applicable for two legged transactions",
          "example": "MSQBNK"
        },
        "destinationConsumerType": {
          "type": "string",
          "description": "Beneficiary customer destination customer type, applicable for 2 legged transactions",
          "example": "MERCHANT"
        },
        "destinationBrandId": {
          "type": "string",
          "description": "Beneficiary customer BrandId in case of a Merchant",
          "example": "zyxcorp12345"
        },
        "destinationCompanyId": {
          "type": "string",
          "description": "CompanyId in case of a Merchant",
          "example": "xyzcorp12345"
        },
        "destinationIdentificationType": {
          "type": "string",
          "description": "Beneficiary customer identification type, applicable for 2 legged transactions. Receiver Consumer Type",
          "example": "MERCHANT"
        },
        "identification": {
          "type": "string",
          "description": "BrandId in case of a Merchant",
          "example": "abccorp12345"
        },
        "bankCode": {
          "type": "string",
          "description": "Bank Code given by EDW to each Bank",
          "example": "EDW1XX45"
        },
        "brandId": {
          "type": "string",
          "description": "BrandId in case of a Merchant",
          "example": "abccorp12345"
        },
        "consumerType": {
          "type": "string",
          "description": "Type of EDW Customer CONSUMER or MERCHANT",
          "example": "MERCHANT"
        },
        "remarks": {
          "type": "string",
          "description": "Remarks of the transaction. Not applicable for POS",
          "example": "abccorp12345"
        },
        "alternateContactNumber": {
          "type": "string",
          "description": "Alternate Contact No of the SVA account holder with the issuing bank",
          "example": "97154XXXXXXX"
        },
        "cardNumberAlias": {
          "type": "string",
          "description": "Unique ID of the SVA account holder with the issuing bank",
          "example": "abccorp12345"
        },
        "messageType": {
          "type": "string",
          "description": "Type of message Original Message (O) or Repeat Message (R)",
          "example": "O"
        },
        "sourceProgramCode": {
          "type": "string",
          "description": "Program code of the source in case of double legged transaction",
          "example": "001"
        },
        "sourceIdentificationType": {
          "type": "string",
          "description": "Supported values MOB/PAN.",
          "example": "MOB"
        },
        "destinationProgramCode": {
          "type": "string",
          "description": "ProgramCode of destination applicable for double legged transactions ",
          "example": "002"
        },
        "destinationPPAN": {
          "type": "string",
          "description": "Destination PPAN, Applicable for double legged transactions ",
          "example": "223XXXXXXXXXX784"
        },
        "identificationType": {
          "type": "string",
          "description": "Supported values MOB/PAN.",
          "example": "MOB"
        },
        "pPAN": {
          "type": "string",
          "description": "Pseudo pan number given by EDW for both Customer and Merchant",
          "example": "779XXXXXX98"
        },
        "programCode": {
          "type": "string",
          "description": "Program Code of Customer or Merchant",
          "example": "001"
        },
        "replayReason": {
          "type": "string",
          "description": "to specify the reason for sending the message again.",
          "example": "Customer reversal"
        },
        "acquirerBankCode": {
          "type": "string",
          "description": "Applicable only for the MPGS based transaction (transactionCode = CR)",
          "example": "msq1234"
        }
      }
    },
    "processWalletInwardTransferResponse": {
      "type": "object",
      "properties": {
        "eventId": {
          "type": "string",
          "description": "Event Id is a 36 character long GUID.",
          "example": "EDW1234567890"
        },
        "responseCode": {
          "type": "string",
          "description": "Possible values: SUCCESS or FAILURE",
          "example": "SUCCESS"
        },
        "messageResponseDateTime": {
          "type": "string",
          "description": "Response Date Time in UTC Format - YYYYMMDDHH24MISS",
          "example": "20190221043013"
        }
      }
    }
  }
}