{
  "swagger" : "2.0",
  "info" : {
    "title" : "FEWA Utility",
    "version" : "1.0.0",
    "description" : "FEWA Utility Services facilitates bill payments to FEWA utility service provider"
  },
  "host" : "api.bankfab.com",
  "schemes" : [ "https" ],
  "basePath" : "/utility/fewa/v1",
  "paths" : {
    "/bills/balance" : {
      "post" :  {
        "tags": [
          "Utility-Services"
        ],
        "operationId" : "fewaBalanceEnquiry",
        "responses" : {
          "200" : {
            "description" : "Fewa Balance Enquiry for FEWA cosumer id",
            "schema" : {
              "$ref" : "#/definitions/fewaBalanceEnquiryResponse"
            }
          }
        },
        "consumes" : [ "application/json" ],
        "produces" : [ "application/json" ],
        "summary" : "Retrieve Balance for FEWA Consumer id",
        "description" : "Intiate a Balance Enquiry with the FEWA service provider",
        "parameters" : [ {
          "name" : "body",
          "in" : "body",
          "schema" : {
            "$ref" : "#/definitions/fewaConsumerRequest"
          },
          "description" : "The request body for the operation",
          "required" : true
        } ]
      }
    },
    "/bills/payment/byaccount" : {
      "post" :  {
        "tags": [
          "Utility-Services"
        ],
        "operationId" : "fewaAccountPayment",
        "responses" : {
          "200" : {
            "description" : "FEWA Payment from CASA Account",
            "schema" : {
              "$ref" : "#/definitions/commonPaymentResponse"
            }
          }
        },
        "consumes" : [ "application/json" ],
        "produces" : [ "application/json" ],
        "summary" : "Post Bill Payment by Account",
        "description" : "Executes a payment with the FEWA service provider from a CASA account",
        "parameters" : [ {
          "name" : "body",
          "in" : "body",
          "schema" : {
            "$ref" : "#/definitions/fewaAccountPaymentReq"
          },
          "description" : "The request body for the operation",
          "required" : true
        } ]
      }
    },
    "/bills/payment/bycreditcard" : {
      "post" :  {
        "tags": [
          "Utility-Services"
        ],
        "operationId" : "fewaCardPayment",
        "responses" : {
          "200" : {
            "description" : "FEWA Payment from Credit Card",
            "schema" : {
              "$ref" : "#/definitions/commonPaymentResponse"
            }
          }
        },
        "consumes" : [ "application/json" ],
        "produces" : [ "application/json" ],
        "summary" : "Post Bill Payment by Credit card",
        "description" : "Executes a payment with the FEWA service provider by using credit card",
        "parameters" : [ {
          "name" : "body",
          "in" : "body",
          "schema" : {
            "$ref" : "#/definitions/fewaCardPaymentReq"
          },
          "description" : "The request body for the operation",
          "required" : true
        } ]
      }
    },
    "/bills/payment/byprepaidcard" : {
      "post" :  {
        "tags": [
          "Utility-Services"
        ],
        "operationId" : "fewaPrepaidCardPayment",
        "responses" : {
          "200" : {
            "description" : "FEWA Payment from Prepaid Card",
            "schema" : {
              "$ref" : "#/definitions/commonPaymentResponse"
            }
          }
        },
        "consumes" : [ "application/json" ],
        "produces" : [ "application/json" ],
        "summary" : "Post Bill Payment by Prepaid card",
        "description" : "Executes a payment with the FEWA service provider by using prepaid card",
        "parameters" : [ {
          "name" : "body",
          "in" : "body",
          "schema" : {
            "$ref" : "#/definitions/fewaCardPaymentReq"
          },
          "description" : "The request body for the operation",
          "required" : true
        } ]
      }
    }
  },
  "definitions" : {
    "responseStatus" : {
      "type" : "object",
      "properties" : {
        "status" : {
          "type" : "string",
          "example" : "SUCCESS/ERROR",
          "description" : "response description success or failure"
        },
        "error" : {
          "type" : "object",
          "properties" : {
            "code" : {
              "type" : "string",
              "description": "Code that defines the reason for the error. It is alphanumeric",
              "example": "SYS9999"
            },
            "description" : {
              "type" : "string",
              "description": "Details of the exception that has occurred",
              "example": "Technical Error in Interface"
            }
          }
        }
      },
      "required" : [ "status" ]
    },
    "genericError" : {
      "type" : "object",
      "properties" : {
        "responseStatus" : {
          "$ref" : "#/definitions/diResponseStatus"
        }
      }
    },
    "diResponseStatus" : {
      "type" : "array",
      "items" : {
        "type" : "object",
        "properties" : {
          "status" : {
            "type" : "string",
            "example" : "SUCCESS/ERROR",
            "description" : "response description success or failure"
          },
          "errorCode" : {
            "type" : "string",
            "example" : "SYS001",
            "description" : "error code"
          },
          "errorDesc" : {
            "type" : "string",
            "example" : "System error",
            "description" : "error code description"
          }
        }
      }
    },
    "commonBalanceEnquiryRequest" : {
      "type" : "object",
      "properties" : {
        "agency" : {
          "type" : "string",
          "example" : "ADDC/AADC/SEWA/DEWA/ETISALAT/DU/FEWA",
          "description" : "agency code for utility service provider"
        },
        "consumerNo" : {
          "type" : "string",
          "example" : "999XXXX742",
          "description": "Consumer number of the customer for which bills needs to be paid"
        },
        "telephoneNo" : {
          "type" : "string",
          "example" : "056XXXXXXX",
          "description": "Mobile/Telephone number of the customer for which bills needs to be paid"
        }
      }
    },
    "commonBalanceEnquiryResponse" : {
      "type" : "object",
      "properties" : {
        "amountDue" : {
          "type" : "string",
          "example" : "2000.00",
          "description":"Total Amount Due"
        },
        "responseStatus" : {
          "$ref" : "#/definitions/diResponseStatus"
        }
      }
    },
    "cardPaymentRequest" : {
      "type" : "object",
      "properties" : {
        "accountingUnitIdentifier" : {
          "type" : "string",
          "example" : "AEXX1XXX1",
          "description" : "This is the accounting unit. It specifies that for which instance of core application this customer identifier belong to"
        },
        "creditCardNo" : {
          "type" : "string",
          "example" : "521314XXXXXX8939",
          "description" : "Credit card number from which payment needs to be done"
        },
        "prepaidCardNo" : {
          "type" : "string",
          "example" : "521314XXXXXX8939",
          "description" : "Prepaid card number from which payment needs to be done"
        },
        "currencyCode" : {
          "type" : "string",
          "example" : "AED",
          "description" : "ISO Currency ccode of source account/Card"
        },
        "transactionAmount" : {
          "type" : "string",
          "example" : "3315.00",
          "description": "transaction amount"
        },
        "transactionId" : {
          "type" : "string",
          "example" : "363782XXXXXX72705",
          "description" : "unique number of transaction request id"
        },
        "amountDue" : {
          "type" : "string",
          "example" : "3315.00",
          "description" : "Amount due"
        },
        "availableBalance" : {
          "type" : "string",
          "example" : "3315.00",
          "description" : "Available balance"
        },
        "txnRefNo" : {
          "type" : "string",
          "example" : "ATM123658",
          "description" : "Unique Reference number afer payment"
        },
        "paymentDetails" : {
          "type" : "string",
          "example" : "UtilityService",
          "description" :  "Payment detail description"
        },
        "reqDetails" : {
          "type" : "string",
          "example" : "UtilityService",
          "description" :  "Request detail description"
        },
        "billerCode" : {
          "type" : "string",
          "example" : "UtilityService",
          "description" :  "Biller code detail description"
        },
        "senderLocation" : {
          "type" : "string",
          "example" : "UtilityService",
          "description" :  "Sender location detail description"
        },
        "interfaceId" : {
          "type" : "string",
          "example" : "UtilityService",
          "description" :  "Interface id detail description"
        }
      },
      "required" : [ "currencyCode", "transactionAmount", "transactionId" ]
    },
    "accountPaymentRequest" : {
      "type" : "object",
      "properties" : {
        "accountingUnitIdentifier" : {
          "type" : "string",
          "example" : "AEXX1XXX1",
          "description" : "This is the accounting unit. It specifies that for which instance of core application this customer identifier belong to"
        },
        "accountNo" : {
          "type" : "string",
          "example" : "12XXXXXXXXXXXX20",
          "description" : "CASA Account number from which payment needs to be done"
        },
        "accountType" : {
          "type" : "string",
          "example" : "CH",
          "description" : " Type of account : Saving Account (SA), Current Account (CH)"
        },
        "currencyCode" : {
          "type" : "string",
          "example" : "AED",
          "description" : "ISO Currency ccode of source account"
        },
        "transactionAmount" : {
          "type" : "string",
          "example" : "3315.00",
          "description": "transaction amount"
        },
        "transactionId" : {
          "type" : "string",
          "example" : "363782XXXXX172705",
          "description" : "unique number of transaction request id"
        },
        "txnRefNo" : {
          "type" : "string",
          "example" : "ATM123658",
          "description" : "Unique transaction Reference number for payment"
        },
        "amountDue" : {
          "type" : "string",
          "example" : "3315.00",
          "description":"Total Amount Due after payment"
        },
        "availableBalance" : {
          "type" : "string",
          "example" : "3315.00",
          "description" : "Available balance after payment"
        },
        "paymentDetails" : {
          "type" : "string",
          "example" : "UtilityService",
          "description" :  "Payment detail description"
        },
        "reqDetails" : {
          "type" : "string",
          "example" : "UtilityService",
          "description" :  "Request detail description"
        },
        "billerCode" : {
          "type" : "string",
          "example" : "UtilityService",
          "description" :  "Biller code detail description"
        },
        "senderLocation" : {
          "type" : "string",
          "example" : "UtilityService",
          "description" :  "Sender location detail description"
        },
        "interfaceId" : {
          "type" : "string",
          "example" : "UtilityService",
          "description" :  "Interface id detail description"
        }
      },
      "required" : [ "accountNo", "currencyCode", "transactionAmount", "transactionId" ]
    },
    "commonPaymentResponse" : {
      "type" : "object",
      "properties" : {
        "fgbTransactionRefNo" : {
          "type" : "string",
          "example" : "FT1623XXXX28",
          "description": " Reference number for trasaction"
        },
        "transactionDateTime" : {
          "type" : "string",
          "example" : "2017-12-16 00:22:16",
          "description" : "Transaction date and time in format : YYYY-MM-DD HH:MM:SS"
        },
        "availableBalance" : {
          "type" : "string",
          "example" : "102.00",
          "description" : "Available balance after payment"
        },
        "responseStatus" : {
          "$ref" : "#/definitions/diResponseStatus"
        }
      }
    },
    "fewaConsumerRequest" : {
      "type" : "object",
      "properties" : {
        "fewaConsumer" : {
          "$ref" : "#/definitions/commonBalanceEnquiryRequest"
        },
        "customerIdentifier" : {
          "type" : "string",
          "example" : "1XXXXX7",
          "description": "Unique FAB Customer ID number used to identify the end customer and aggregate the end customer's different accounts, bringing those multiple accounts into one value. Note - The Customer ID is a randomly generated number and is created one time only"
        }
      }
    },
    "fewaBalanceEnquiryResponse" : {
      "type" : "object",
      "properties" : {
        "transactionID" : {
          "type" : "string",
          "example" : "32XXX094",
          "description" : "unique number of transaction request id"
        },
        "amountDue" : {
          "type" : "string",
          "example" : "426.50",
          "description" : "Amount due after successful payment"
        },
        "minimumAmount" : {
          "type" : "string",
          "example" : "50.00",
          "description" : "Minimum amount to be paid/Allowed"
        },
        "maximumAmount" : {
          "type" : "string",
          "example" : "2500.00",
          "description": "Maximum amount allowed for payment"
        },
        "availableBalance" : {
          "type" : "string",
          "example" : "2.00",
          "description" : "Available balance"
        },
        "inMultiplesOf" : {
          "type" : "string",
          "example" : "10",
          "description": "Payment allowed in multiple of 10"
        },
        "responseStatus" : {
          "$ref" : "#/definitions/diResponseStatus"
        }
      }
    },
    "fewaAccountPaymentReq" : {
      "type" : "object",
      "properties" : {
        "accountPayment" : {
          "$ref" : "#/definitions/accountPaymentRequest"
        },
        "fewaConsumer" : {
          "$ref" : "#/definitions/commonBalanceEnquiryRequest"
        },
        "customerIdentifier" : {
          "type" : "string",
          "example" : "1XXXXX7",
          "description": "Unique FAB Customer ID number used to identify the end customer and aggregate the end customer's different accounts, bringing those multiple accounts into one value. Note - The Customer ID is a randomly generated number and is created one time only"
        }
      }
    },
    "fewaCardPaymentReq" : {
      "type" : "object",
      "properties" : {
        "cardPayment" : {
          "$ref" : "#/definitions/cardPaymentRequest"
        },
        "fewaConsumer" : {
          "$ref" : "#/definitions/commonBalanceEnquiryRequest"
        },
        "customerIdentifier" : {
          "type" : "string",
          "example" : "1XXXXX7",
          "description": "Unique FAB Customer ID number used to identify the end customer and aggregate the end customer's different accounts, bringing those multiple accounts into one value. Note - The Customer ID is a randomly generated number and is created one time only"
        }
      }
    }
  }
}