{
  "swagger" : "2.0",
  "info" : {
    "description" : "Financial activities on the business account like Multi account posting, Fund transfer, reterival of the account balance, applying freeze, release of the freeze are performed using this services.",
    "version" : "2.0.0",
    "title" : "Financial Transactions"
  },
  "host" : "api.bankfab.com",
  "basePath" : "/financial/transactions/v2",
  "schemes" : [ "https" ],
  "paths" : {
    "/account/freezeamount" : {
      "post" : {
        "tags" : [ "processAccountFreeze" ],
        "summary" : "Process Account Freeze",
        "description" : "This service is used to fetches the account freeze information on the Customer account.",
        "operationId" : "processAccountFreeze",
        "consumes" : [ "application/json" ],
        "produces" : [ "application/json" ],
        "parameters" : [ {
          "in" : "body",
          "name" : "processAccountFreeze",
          "description" : "Service request parameters",
          "required" : false,
          "schema" : {
            "$ref" : "#/definitions/processAccountFreezeRequest"
          }
        } ],
        "responses" : {
          "200" : {
            "description" : "Service success response",
            "schema" : {
              "$ref" : "#/definitions/processAccountFreezeResponse"
            }
          },
          "default" : {
            "description" : "Unexpected error",
            "schema" : {
              "$ref" : "#/definitions/Error_AppArea"
            }
          }
        }
      }
    },
    "/account/unfreezeamount" : {
      "post" : {
        "tags" : [ "processAccountUnfreeze" ],
        "summary" : "Process Account Unfreeze",
        "description" : "This service is used to release or remove the freeze on the Customer account.",
        "operationId" : "processAccountUnFreeze",
        "consumes" : [ "application/json" ],
        "produces" : [ "application/json" ],
        "parameters" : [ {
          "in" : "body",
          "name" : "processAccountUnFreeze",
          "description" : "Service request parameters",
          "required" : false,
          "schema" : {
            "$ref" : "#/definitions/processAccountUnFreezeRequest"
          }
        } ],
        "responses" : {
          "200" : {
            "description" : "Service success response",
            "schema" : {
              "$ref" : "#/definitions/processAccountUnFreezeResponse"
            }
          },
          "default" : {
            "description" : "Unexpected error",
            "schema" : {
              "$ref" : "#/definitions/Error_AppArea"
            }
          }
        }
      }
    },
    "/balancedetails" : {
      "post" : {
        "tags" : [ "getBalanceDetails" ],
        "summary" : "Get Balance Details",
        "description" : "This service get the balance details from the Customer account",
        "operationId" : "getBalanceDetails",
        "consumes" : [ "application/json" ],
        "produces" : [ "application/json" ],
        "parameters" : [ {
          "in" : "body",
          "name" : "getBalanceDetails",
          "description" : "Service request parameters",
          "required" : false,
          "schema" : {
            "$ref" : "#/definitions/getBalanceDetailsRequest"
          }
        } ],
        "responses" : {
          "200" : {
            "description" : "Service success response",
            "schema" : {
              "$ref" : "#/definitions/getBalanceDetailsResponse"
            }
          },
          "default" : {
            "description" : "Unexpected error",
            "schema" : {
              "$ref" : "#/definitions/Error_AppArea"
            }
          }
        }
      }
    },
    "/fundtransfer/inward" : {
      "post" : {
        "tags" : [ "postInwardFundTransfer" ],
        "summary" : "Post Inward Fund Transfer",
        "description" : "Service to Process Fund Transfer Account Validation",
        "operationId" : "postInwardFundTransfer",
        "parameters" : [ {
          "in" : "body",
          "name" : "postInwardFundTransfer",
          "description" : "This service performs the Account Validation initiated from FTS channel and Process Inward Fund Transfer with the given account.",
          "required" : false,
          "schema" : {
            "$ref" : "#/definitions/postInwardFundTransferRequest"
          }
        } ],
        "responses" : {
          "200" : {
            "description" : "Process Multiple Account Posting Response",
            "schema" : {
              "$ref" : "#/definitions/postInwardFundTransferResponse"
            }
          },
          "default" : {
            "description" : "Unexpected error",
            "schema" : {
              "$ref" : "#/definitions/Error"
            }
          }
        }
      }
    },
    "/fundtransfer/inwardmt202c" : {
      "post" : {
        "tags" : [ "Post Inward MT202C Payments" ],
        "summary" : "Process Fund Transfer & Account Validation",
        "description" : "This service performs the Account Validation and Process Inward Fund Transfer with the given account.",
        "operationId" : "inwardMT202CPayments",
        "parameters" : [ {
          "in" : "body",
          "name" : "inwardMT202CPayments",
          "description" : "Service to Fetch status for a T24 transaction",
          "required" : false,
          "schema" : {
            "$ref" : "#/definitions/postInwardMT202CPaymentsRequest"
          }
        } ],
        "responses" : {
          "200" : {
            "description" : "Process Multiple Account Posting Response",
            "schema" : {
              "$ref" : "#/definitions/postInwardMT202CPaymentsResponse"
            }
          },
          "default" : {
            "description" : "Unexpected error",
            "schema" : {
              "$ref" : "#/definitions/Error"
            }
          }
        }
      }
    },
    "/postmultiaccount" : {
      "post" : {
        "tags" : [ "postMultiAccount" ],
        "summary" : "Post Multiple Account",
        "description" : "This service used to process the Multiple Account Posting in the core banking system.",
        "operationId" : "postMultiAccount",
        "parameters" : [ {
          "in" : "body",
          "name" : "postMultiAccountRequest",
          "description" : "Process Multiple Account Posting Request",
          "required" : false,
          "schema" : {
            "$ref" : "#/definitions/postMultiAccountRequest"
          }
        } ],
        "responses" : {
          "200" : {
            "description" : "Process Multiple Account Posting Response",
            "schema" : {
              "$ref" : "#/definitions/postMultiAccountResponse"
            }
          },
          "default" : {
            "description" : "Unexpected error",
            "schema" : {
              "$ref" : "#/definitions/Error"
            }
          }
        }
      }
    },
    "/transfer/btqc" : {
      "post" : {
        "tags" : [ "executeBTQCTransfer" ],
        "summary" : "Execute BTQC Transfer",
        "description" : "This service used to do the BTQC Funds Transfer within Bank/UAE.",
        "operationId" : "executeBTQCTransfer",
        "consumes" : [ "application/json" ],
        "produces" : [ "application/json" ],
        "parameters" : [ {
          "in" : "body",
          "name" : "executeBTQCTransfer",
          "description" : "The request body for the operation",
          "required" : false,
          "schema" : {
            "$ref" : "#/definitions/FundsTransferBTQCRequest"
          }
        } ],
        "responses" : {
          "200" : {
            "description" : "The operation was successful.",
            "schema" : {
              "$ref" : "#/definitions/FundsTransferBTQCResponse"
            }
          },
          "default" : {
            "description" : "Unexpected error",
            "schema" : {
              "$ref" : "#/definitions/ErrorDefinition"
            }
          }
        }
      }
    },
    "/transfer/withinbank" : {
      "post" : {
        "tags" : [ "executeFundsTransferWithinBank" ],
        "summary" : "Execute Funds Transfer within Bank",
        "description" : "This service is used for the funds transfer within bank for the given two accounts and also used for the fund transafer between the two own account.",
        "operationId" : "executeFundsTransferWithinBank",
        "consumes" : [ "application/json" ],
        "produces" : [ "application/json" ],
        "parameters" : [ {
          "in" : "body",
          "name" : "executeFundsTransferWithinBank",
          "description" : "Service request parameters",
          "required" : false,
          "schema" : {
            "$ref" : "#/definitions/FundTransferB2BRequest"
          }
        } ],
        "responses" : {
          "200" : {
            "description" : "Service success response",
            "schema" : {
              "$ref" : "#/definitions/FundTransferB2BResponse"
            }
          },
          "default" : {
            "description" : "Unexpected error",
            "schema" : {
              "$ref" : "#/definitions/Error_AppArea"
            }
          }
        }
      }
    },
    "/account/earmark-amount" : {
      "post" : {
        "tags" : [ "processEarmark" ],
        "summary" : "Process Earmark",
        "description" : "This service used to Create an earmark on a virtual account.",
        "operationId" : "processEarmark",
        "consumes" : [ "application/json" ],
        "produces" : [ "application/json" ],
        "parameters" : [ {
          "in" : "body",
          "name" : "body",
          "description" : "The request body for the operation",
          "required" : true,
          "schema" : {
            "$ref" : "#/definitions/dataAreaCreateEarMarkRequest"
          }
        } ],
        "responses" : {
          "200" : {
            "description" : "The operation was successful.",
            "schema" : {
              "$ref" : "#/definitions/dataAreaCreateEarMarkResponse"
            }
          }
        }
      }
    }
  },
  "definitions" : {
    "errorDetails_RDO" : {
      "type" : "object",
      "properties" : {
        "errorCode" : {
          "type" : "string",
          "description" : "Error code for error cases only",
          "example" : "GEN9987"
        },
        "errorDesc" : {
          "type" : "string",
          "description" : "Error description for error cases only",
          "example" : "REQUEST-TIMEOUT"
        }
      }
    },
    "ReceiverBank_RDO" : {
      "type" : "object",
      "properties" : {
        "correlationBankAccount" : {
          "type" : "string",
          "description" : "Receiver Bank Corrleation Account",
          "example" : ""
        }
      }
    },
    "UnFreezeCommonResponse" : {
      "type" : "object",
      "properties" : {
        "arrangementIdentifier" : {
          "type" : "string",
          "description" : "Arrangement Identifier to uniquely identify the transaction",
          "example" : "786XXXXX216"
        },
        "name" : {
          "type" : "string",
          "description" : "Real name of customer.",
          "example" : "Customer Name"
        },
        "currency" : {
          "type" : "string",
          "description" : "The 3-character currency code in ISO 4217 format that identifies the currency of the product",
          "example" : "AED"
        },
        "arrangementLifecycleStatus" : {
          "type" : "string",
          "description" : "Arrangement lifecycle status.",
          "example" : ""
        },
        "additionalInformation" : {
          "type" : "string",
          "description" : "Additional Information.",
          "example" : ""
        },
        "accountingUnitIdentifier" : {
          "type" : "string",
          "description" : "Accounting Unit Identifier to uniquely identify Core Banking instance",
          "example" : "AE0010001"
        },
        "description" : {
          "type" : "string",
          "description" : "Description.",
          "example" : ""
        },
        "fromDate" : {
          "type" : "string",
          "description" : "From Date.",
          "example" : "2020-01-15",
          "format" : "YYYY-MM-DD"
        },
        "toDate" : {
          "type" : "string",
          "description" : "From Date.",
          "example" : "2020-02-15",
          "format" : "YYYY-MM-DD"
        },
        "lockedAmount" : {
          "type" : "number",
          "description" : "Locked Amount",
          "example" : 200.45,
          "format" : "float"
        },
        "blockedBy" : {
          "type" : "string",
          "description" : "Blocked by",
          "example" : ""
        },
        "otherArrangementIdentifier" : {
          "type" : "string",
          "description" : "Other Arrangement Identifier to uniquely identify the transaction",
          "example" : "786XXXXXX216"
        }
      }
    },
    "Credit_RDO" : {
      "type" : "object",
      "properties" : {
        "accountNumber" : {
          "type" : "string",
          "description" : "Credit Account number.",
          "example" : "13XXXXXXXXXXXX20"
        },
        "theirReference" : {
          "type" : "string",
          "description" : "Credit Their Reference.",
          "example" : ""
        },
        "valueDate" : {
          "type" : "string",
          "description" : "Credit value date in ISO 8601",
          "example" : "2020-02-26",
          "format" : "date"
        },
        "amount" : {
          "type" : "number",
          "format" : "float",
          "description" : "Credit amount.",
          "example": 19000.59
        },
        "unblockDate" : {
          "type" : "string",
          "description" : "Unblock date in ISO 8601",
          "example" : "2020-02-26",
          "format" : "date"
        },
        "curerncy" : {
          "type" : "string",
          "description" : "The 3-character currency code in ISO 4217 format that identifies the credited currency.",
          "example" : "AED"
        },
        "companyCode" : {
          "type" : "string",
          "description" : "Accounting Unit Identifier to uniquely identify Core Banking instance",
          "example" : "AE0010001"
        },
        "amountInLocalCurrency" : {
          "type" : "number",
          "format" : "float",
          "description" : "Amount to be credited (in local currency).",
          "example": 19000.59
        },
        "customerName" : {
          "type" : "string",
          "description" : "Customer Name",
          "example" : "Customer Name"
        },
        "adviceRequired" : {
          "type" : "string",
          "description" : "Advice required?",
          "example" : "Y",
          "enum" : ["Y", "N"]
        }
      }
    },
    "referenceDataObject" : {
      "type" : "object",
      "properties" : {
        "name" : {
          "type" : "string",
          "description" : "Property names",
          "example" : ""
        }
      }
    },
    "Debit_RDO" : {
      "type" : "object",
      "properties" : {
        "accountNumber" : {
          "type" : "string",
          "description" : "Debit Account number.",
          "example" : "12XXXXXXXXXXXX20"
        },
        "theirReference" : {
          "type" : "string",
          "description" : "Debit thier reference id to uniquely identify the transaction.",
          "example" : ""
        },
        "valueDate" : {
          "type" : "string",
          "description" : "Debit value date in ISO 8601",
          "example" : "2020-02-26",
          "format" : "date"
        },
        "amount" : {
          "type" : "number",
          "format" : "float",
          "description" : "Amount to be debited.",
          "example": 19000.59
        },
        "unblockDate" : {
          "type" : "string",
          "description" : "Date of Debut Unblock in ISO 8601",
          "example" : "2020-02-26",
          "format" : "date"
        },
        "curerncy" : {
          "type" : "string",
          "description" : "The 3-character currency code in ISO 4217 format that identifies the debit currency.",
          "example" : "AED"
        },
        "marketCurrency" : {
          "type" : "string",
          "description" : "The 3-character currency code in ISO 4217 format that identifies the currency of market/transaction.",
          "example" : "AED"
        },
        "companyCode" : {
          "type" : "string",
          "description" : "Accounting Unit Identifier to uniquely identify Core Banking instance",
          "example" : "AE0010001"
        },
        "amountInLocalCurrency" : {
          "type" : "number",
          "format" : "float",
          "description" : "Amount to be credited (in local currency).",
          "example": 19000.59
        },
        "customerName" : {
          "type" : "string",
          "description" : "Customer Name",
          "example" : "Customer Name"
        },
        "adviceRequired" : {
          "type" : "string",
          "description" : "Advice required?",
          "example" : "Y",
          "enum" : ["Y", "N"]
        }
      }
    },
    "FreezeCommonResponse" : {
      "type" : "object",
      "properties" : {
        "arrangementIdentifier" : {
          "type" : "string",
          "description" : "Account number",
          "example" : "7868XXXX4216"
        },
        "companyCode" : {
          "type" : "string",
          "description" : "Company Code/Accounting Unit Identifier to uniquely identify Core Banking instance",
          "example" : "SA0010002"
        },
        "name" : {
          "type" : "string",
          "description" : "Name",
          "example" : ""
        },
        "currency" : {
          "type" : "string",
          "description" : "The 3-character currency code in ISO 4217 format that identifies the currency of the product.",
          "example" : "SAR"
        },
        "arrangementLifecycleStatus" : {
          "type" : "string",
          "description" : "Arrangement lifecycle status.",
          "example" : ""
        },
        "additionalInformation" : {
          "type" : "string",
          "description" : "Additional Information.",
          "example" : ""
        },
        "accountingUnitIdentifier" : {
          "type" : "string",
          "description" : "Accounting Unit Identifier to uniquely identify Core Banking instance",
          "example" : "AE0010001"
        },
        "fromDate" : {
          "type" : "string",
          "description" : "From/Start date in ISO 8601.",
          "example" : "2020-01-15",
          "format" : "date"
        },
        "toDate" : {
          "type" : "string",
          "description" : "To/End date in ISO 8601.",
          "example" : "2020-02-15",
          "format" : "date"
        },
        "lockedAmount" : {
          "type" : "number",
          "description" : "Locked Amount",
          "example" : 10000.11,
          "format" : "float"
        },
        "requestedPeriod" : {
          "type" : "string",
          "description" : "Requested period in months",
          "example" : "24"
        },
        "blockedBy" : {
          "type" : "string",
          "description" : "Blocked by",
          "example" : ""
        },
        "otherArrangementIdentifier" : {
          "type" : "string",
          "description" : "Other Arrangement Identifier to uniquely identify the transaction",
          "example" : "786XXXXXXX16"
        },
        "transactionIdentifier" : {
          "type" : "string",
          "description" : "Transaction Identifier to uniquely identify the transaction within an account.",
          "example" : ""
        },
        "forcePost" : {
          "type" : "string",
          "description" : "Force posting  flag (If the account need to be posting forcefully, if there is any restriction, this flag should be set to 'Y' ",
          "example" : "Y",
          "enum" : ["Y", "N"]
        },
        "unblockCreditAccount" : {
          "type" : "string",
          "description" : "Unblock Credit Account",
          "example" : ""
        },
        "molFlag" : {
          "type" : "string",
          "description" : "MOL Flag",
          "example" : ""
        },
        "coverFlag" : {
          "type" : "string",
          "description" : "Cover Flag",
          "example" : ""
        },
        "totalCoverAmount" : {
          "type" : "number",
          "format" : "float",
          "description" : "Totla cover amount.",
          "example" : 1000.11
        },
        "coverTransactionReference" : {
          "type" : "string",
          "description" : "Cover transaction reference.",
          "example" : ""
        },
        "coverMainAccount" : {
          "type" : "string",
          "description" : "Cover main account",
          "example" : ""
        }
      }
    },
    "FundsTransferRequest_RDO" : {
      "type" : "object",
      "required" : [ "debitAccountIdentifier", "transactionAmount", "transactionCurrency" ],
      "properties" : {
        "accountingUnitIdentifier" : {
          "type" : "string",
          "description" : "Accounting Unit Identifier to uniquely identify Core Banking instance",
          "example" : "AEXX1XXX1"
        },
        "customerIdentifier" : {
          "type" : "string",
          "description" : "7 digit Customer Identifier in Core Banking",
          "example" : "10XXXX8"
        },
        "debitAccountIdentifier" : {
          "type" : "string",
          "description" : "Account number to be debited.",
          "example" : "12XXXXXXXXXXXX20"
        },
        "transactionCurrency" : {
          "type" : "string",
          "description" : "The 3-character currency code in ISO 4217 format that identifies the currency type for the transaction.",
          "example" : "AED"
        },
        "transactionAmount" : {
          "type" : "string",
          "format" : "double",
          "description" : "Transaction amount",
          "example" : 10000.00
        },
        "creditAccountIdentifier" : {
          "type" : "string",
          "description" : "Account to be credited. It will be beneficary's Account/Card.",
          "example" : "13XXXXXXXXXXXX20"
        },
        "paymentDetails" : {
          "type" : "string",
          "description" : "Free text for capturing transaction description entered by customer.",
          "example" : "Rent Payment"
        },
        "chargeBearerIndicationType" : {
          "type" : "string",
          "description" : "Charge bearer indication type.",
          "example" : ""
        },
        "chargeToCustomer" : {
          "type" : "string",
          "format" : "double",
          "description" : "Amount to be charged to customer.",
          "example" : 10.25
        },
        "transferType" : {
          "type" : "string",
          "description" : "Transfer type to be passed in Core Banking.",
          "example" : "FAM",
          "enum" : ["FAM", "PPL", "ISAVE", "OWN", "OTH", "CHARITY"]
        },
        "cardIdentifier" : {
          "type" : "string",
          "description" : "",
          "example" : ""
        },
        "department" : {
          "type" : "string",
          "description" : "Profit Center Departing.",
          "example" : "245"
        },
        "serviceRequestIdentifier" : {
          "type" : "string",
          "description" : "Service request identifier.",
          "example" : ""
        },
        "authorizationCode" : {
          "type" : "string",
          "description" : "Authorization Code.",
          "example" : "00000XX638"
        },
        "customerName" : {
          "type" : "string",
          "description" : "Customer name",
          "example" : "Customer name"
        },
        "debitReference" : {
          "type" : "string",
          "description" : "Debit reference number to uniquely identify the transaction.",
          "example" : ""
        },
        "creditReference" : {
          "type" : "string",
          "description" : "Credit reference number to uniquely identify the transaction.",
          "example" : ""
        },
        "transactionDate" : {
          "type" : "string",
          "format" : "date",
          "description" : "Transaction date in ISO 8601",
          "example" : "2017-02-25"
        },
        "paymentPurposeCode" : {
          "type" : "string",
          "description" : "Purponse (Code) of transfer to be passed in Core Banking.",
          "example" : ""
        },
        "beneficiary" : {
          "$ref" : "#/definitions/TransferBeneficiary_RDO"
        }
      }
    },
    "getBalanceDetailsResponseObject" : {
      "type" : "object",
      "properties" : {
        "usableBalance" : {
          "type" : "number",
          "format" : "float",
          "description" : "",
          "example" : 123456.48
        },
        "inactiveMarker" : {
          "type" : "string",
          "description" : "",
          "example" : ""
        },
        "postingRestrict" : {
          "type" : "string",
          "description" : "",
          "example" : ""
        },
        "workingBalance" : {
          "type" : "number",
          "format" : "float",
          "description" : "",
          "example" : 123456.48
        },
        "companyCode" : {
          "type" : "string",
          "description" : "",
          "example" : ""
        }
      }
    },
    "processAccountFreezeRequest" : {
      "type" : "object",
      "required" : [ "applicationArea", "dataArea" ],
      "properties" : {
        "applicationArea" : {
          "$ref" : "#/definitions/applicationArea"
        },
        "dataArea" : {
          "$ref" : "#/definitions/FreezeCommonRequest"
        }
      }
    },
    "processAccountUnFreezeRequest" : {
      "type" : "object",
      "required" : [ "applicationArea", "dataArea" ],
      "properties" : {
        "applicationArea" : {
          "$ref" : "#/definitions/applicationArea"
        },
        "dataArea" : {
          "$ref" : "#/definitions/UnFreezeCommonRequest"
        }
      }
    },
    "postMultiAccountResponse" : {
      "type" : "object",
      "required" : [ "responseStatus" ],
      "properties" : {
        "applicationArea" : {
          "$ref" : "#/definitions/applicationArea"
        },
        "responseStatus" : {
          "$ref" : "#/definitions/respStatus_RDO"
        }
      }
    },
    "getBalanceDetailsRequestObject" : {
      "type" : "object",
      "properties" : {
        "accountNumber" : {
          "type" : "string",
          "description" : "Account number balance details are requested for.",
          "example" : "12XXXXXXXXXXXX20"
        },
        "companyCode" : {
          "type" : "string",
          "description" : "Accounting Unit Identifier to uniquely identify Core Banking instance",
          "example" : "AEXX1XXX1"
        }
      }
    },
    "ErrorDefinition" : {
      "type" : "object",
      "properties" : {
        "applicationArea" : {
          "$ref" : "#/definitions/applicationArea"
        },
        "responseStatus" : {
          "$ref" : "#/definitions/respStatus_RDO"
        }
      }
    },
    "InwardMT202CPaymentsRequestObject" : {
      "type" : "object",
      "properties" : {
        "accountingUnitIdentifier" : {
          "type" : "string",
          "description" : "Accounting Unit Identifier to uniquely identify Core Banking instance",
          "example" : "AEXX1XXX1"
        },
        "transactionIdentifier" : {
          "type" : "string",
          "description" : "Transaction Identifier to uniquely identify the transaction in Core Banking.",
          "example" : "FT192090JBCD||1295.35||AED"
        }
      }
    },
    "postInwardMT202CPaymentsRequest" : {
      "type" : "object",
      "properties" : {
        "applicationArea" : {
          "$ref" : "#/definitions/applicationArea"
        },
        "dataArea" : {
          "$ref" : "#/definitions/InwardMT202CPaymentsRequestObject"
        }
      }
    },
    "getBalanceDetailsRequest" : {
      "type" : "object",
      "properties" : {
        "applicationArea" : {
          "$ref" : "#/definitions/applicationArea"
        },
        "dataArea" : {
          "$ref" : "#/definitions/getBalanceDetailsRequestObject"
        }
      }
    },
    "UFT_RDO" : {
      "type" : "object",
      "properties" : {
        "narrative" : {
          "type" : "array",
          "items" : {
            "type" : "string",
          "description" : "Domestic payment narration",
          "example" : ""
          }
        },
        "account" : {
          "type" : "string",
          "description" : "UAE FT Account number",
          "example" : "22XXXXXXXXXXXX20"
        },
        "author" : {
          "type" : "string",
          "description" : "UAE FT Author",
          "example" : ""
        },
        "tracerReference" : {
          "type" : "string",
          "description" : "Domestic payment tracer references",
          "example" : "FT1XXXX59566"
        }
      }
    },
    "processAccountUnFreezeResponse" : {
      "type" : "object",
      "properties" : {
        "applicationArea" : {
          "$ref" : "#/definitions/applicationArea"
        },
        "responseStatus" : {
          "$ref" : "#/definitions/respStatus_RDO"
        },
        "dataArea" : {
          "$ref" : "#/definitions/UnFreezeCommonResponse"
        }
      }
    },
    "FreezeCommonRequest" : {
      "type" : "object",
      "properties" : {
        "arrangementIdentifier" : {
          "type" : "string",
          "description" : "Either of Account Number or IBAN is mandatory.",
          "example" : "7868XXXX4216"
        },
        "companyCode" : {
          "type" : "string",
          "description" : "Company code to uniquely identify Core Banking instance",
          "example" : "SAXX1XXX2"
        },
        "name" : {
          "type" : "string",
          "description" : "Name",
          "example" : ""
        },
        "currency" : {
          "type" : "string",
          "description" : "The 3-character currency code in ISO 4217 format that identifies the currency of the product.",
          "example" : "AED"
        },
        "arrangementLifecycleStatus" : {
          "type" : "string",
          "description" : "Arrangement lifecycle status.",
          "example" : ""
        },
        "additionalInformation" : {
          "type" : "string",
          "description" : "Additional Information.",
          "example" : ""
        },
        "accountingUnitIdentifier" : {
          "type" : "string",
          "description" : "Accounting Unit Identifier to uniquely identify Core Banking instance",
          "example" : "SAXX1XXX2"
        },
        "fromDate" : {
          "type" : "string",
          "format" : "date",
          "description" : "From/Start date.",
          "example" : "2020-01-15"
        },
        "toDate" : {
          "type" : "string",
          "format" : "date",
          "description" : "To/End date.",
          "example" : "2020-02-15"
        },
        "lockedAmount" : {
          "type" : "number",
          "format" : "float",
          "description" : "Amount to be blocked",
          "example" : 10000.11
        },
        "requestedPeriod" : {
          "type" : "string",
          "description" : "Requested period in months",
          "example" : "24"
        },
        "blockedBy" : {
          "type" : "string",
          "description" : "Blocked by",
          "example" : ""
        },
        "otherArrangementIdentifier" : {
          "type" : "string",
          "description" : "Other Arrangement Identifier to uniquely identify the transaction",
          "example" : "786XXXXXXX16"
        },
        "transactionIdentifier" : {
          "type" : "string",
          "description" : "Transaction Identifier to uniquely identify the transaction within an account.",
          "example" : ""
        },
        "forcePost" : {
          "type" : "string",
          "description" : "Force posting  flag (If the account need to be posting forcefully, if there is any restriction, this flag should be set to 'Y' ",
          "example" : "Y",
          "enum" : ["Y", "N"]
        },
        "unblockCreditAccount" : {
          "type" : "string",
          "description" : "Unblock Credit Account",
          "example" : ""
        },
        "molFlag" : {
          "type" : "string",
          "description" : "MOL Flag",
          "example" : ""
        }
      }
    },
    "ProfitCenter_RDO" : {
      "type" : "object",
      "properties" : {
        "amount" : {
          "type" : "number",
          "format" : "float",
          "description" : "Amount",
          "example": 19000.59
        },
        "deptCode" : {
          "type" : "string",
          "description" : "Profit Center Department Code",
          "example" : "2501"
        }
      }
    },
    "FundsTransferBTQCResponse" : {
      "type" : "object",
      "properties" : {
        "applicationArea" : {
          "$ref" : "#/definitions/applicationArea"
        },
        "responseStatus" : {
          "$ref" : "#/definitions/respStatus_RDO"
        },
        "dataArea" : {
          "$ref" : "#/definitions/FundsTransferResponse_RDO"
        }
      }
    },
    "UnFreezeCommonRequest" : {
      "type" : "object",
      "properties" : {
        "arrangementIdentifier" : {
          "type" : "string",
          "description" : "Arrangement Identifier to uniquely identify the transaction",
          "example" : "786XXXXXXX16"
        },
        "name" : {
          "type" : "string",
          "description" : "Name of customer.",
          "example" : "Customer Name"
        },
        "currency" : {
          "type" : "string",
          "description" : "The 3-character currency code in ISO 4217 format that identifies the currency of the product.",
          "example" : "AED"
        },
        "arrangementLifecycleStatus" : {
          "type" : "string",
          "description" : "Arrangement lifecycle status.",
          "example" : ""
        },
        "additionalInformation" : {
          "type" : "string",
          "description" : "Additional Information.",
          "example" : ""
        },
        "accountingUnitIdentifier" : {
          "type" : "string",
          "description" : "Accounting Unit Identifier to uniquely identify Core Banking instance",
          "example" : "AEXX1XXX1"
        },
        "description" : {
          "type" : "string",
          "description" : "Description.",
          "example" : ""
        },
        "fromDate" : {
          "type" : "string",
          "format" : "date",
          "description" : "From Date.",
          "example" : "2020-01-15"
        },
        "toDate" : {
          "type" : "string",
          "format" : "date",
          "description" : "From Date.",
          "example" : "2020-02-15"
        },
        "lockedAmount" : {
          "type" : "number",
          "format" : "float",
          "description" : "Locked Amount",
          "example" : 200.45
        },
        "blockedBy" : {
          "type" : "string",
          "description" : "Blocked by",
          "example" : ""
        },
        "otherArrangementIdentifier" : {
          "type" : "string",
          "description" : "Other Arrangement Identifier to uniquely identify the transaction",
          "example" : "786XXXXXXX16"
        }
      }
    },
    "postMultiAccountRequest" : {
      "type" : "object",
      "properties" : {
        "applicationArea" : {
          "$ref" : "#/definitions/applicationArea"
        },
        "dataArea" : {
          "$ref" : "#/definitions/postMultiAccountRequestObject"
        }
      }
    },
    "Balance" : {
      "type" : "object",
      "properties" : {
        "ledgerBalance" : {
          "type" : "number",
          "format" : "float",
          "description" : "Ledger Balance",
          "example" : 10200.54
        },
        "unclearedBalance" : {
          "type" : "number",
          "format" : "float",
          "description" : "Uncleared Balance",
          "example" : 200.46
        },
        "lockedAmount" : {
          "type" : "number",
          "format" : "float",
          "description" : "Locked Amount",
          "example" : 200.46
        },
        "accuredCreditInterest" : {
          "type" : "number",
          "format" : "float",
          "description" : "Accured Credit Interest",
          "example" : 51.25
        },
        "accuredDebitInterest" : {
          "type" : "number",
          "format" : "float",
          "description" : "Accured Debit Interest",
          "example" : 10.46
        },
        "limitAmount" : {
          "type" : "number",
          "format" : "float",
          "description" : "Limit Amount",
          "example" : 20000.00
        },
        "availableBalance" : {
          "type" : "number",
          "format" : "float",
          "description" : "Available Balance",
          "example" : 10000.46
        }
      }
    },
    "postInwardFundTransferRequest" : {
      "type" : "object",
      "properties" : {
        "applicationArea" : {
          "$ref" : "#/definitions/applicationArea"
        },
        "dataArea" : {
          "$ref" : "#/definitions/postInwardFundTransferObject"
        }
      }
    },
    "Beneficiary_RDO" : {
      "type" : "object",
      "properties" : {
        "customerNameUploaded" : {
          "type" : "string",
          "description" : "Customer Name uploaded.",
          "example" : ""
        },
        "bankName" : {
          "type" : "string",
          "description" : "Beneficiary bank name",
          "example" : ""
        },
        "accountNumber" : {
          "type" : "string",
          "description" : "Beneficiary account number",
          "example" : ""
        },
        "customerName" : {
          "type" : "string",
          "description" : "Beneficiary customer name",
          "example" : ""
        },
        "ourCharges" : {
          "type" : "string",
          "description" : "Beneficiary Our Charges",
          "example" : ""
        },
        "vostroBank" : {
          "type" : "string",
          "description" : "VOSTRO Bank for the beneficary",
          "example" : ""
        },
        "name" : {
          "type" : "string",
          "description" : "Name of the beneficiary",
          "example" : ""
        },
        "address" : {
          "type" : "string",
          "description" : "Address of the beneficiary",
          "example" : ""
        },
        "country" : {
          "type" : "string",
          "description" : "Country of the beneficiary",
          "example" : ""
        },
        "town" : {
          "type" : "string",
          "description" : "Town of the beneficiary",
          "example" : ""
        }
      }
    },
    "FundTransferB2BResponse" : {
      "type" : "object",
      "properties" : {
        "applicationArea" : {
          "$ref" : "#/definitions/applicationArea"
        },
        "responseStatus" : {
          "$ref" : "#/definitions/respStatus_RDO"
        },
        "dataArea" : {
          "$ref" : "#/definitions/FundTransferB2BCommonResponse"
        }
      }
    },
    "FundTransferB2BRequest" : {
      "type" : "object",
      "required" : [ "applicationArea", "dataArea" ],
      "properties" : {
        "applicationArea" : {
          "$ref" : "#/definitions/applicationArea"
        },
        "dataArea" : {
          "$ref" : "#/definitions/FundTransferB2BCommonRequest"
        }
      }
    },
    "processAccountFreezeResponse" : {
      "type" : "object",
      "properties" : {
        "applicationArea" : {
          "$ref" : "#/definitions/applicationArea"
        },
        "responseStatus" : {
          "$ref" : "#/definitions/respStatus_RDO"
        },
        "dataArea" : {
          "$ref" : "#/definitions/FreezeCommonResponse"
        },
        "balance" : {
          "$ref" : "#/definitions/Balance"
        }
      }
    },
    "postInwardFundTransferObject" : {
      "type" : "object",
      "properties" : {
        "credit" : {
          "type" : "array",
          "items" : {
            "$ref" : "#/definitions/Credit_RDO"
          }
        },
        "debit" : {
          "type" : "array",
          "items" : {
            "$ref" : "#/definitions/Debit_RDO"
          }
        },
        "transactionType" : {
          "type" : "string",
          "description" : "Transaction type, code for Core banking for transaction",
          "example" : "ACUI"
        },
        "narrative1" : {
          "type" : "string",
          "description" : "Description for the transaction line 1.",
          "example" : "Narrative One"
        },
        "narrative2" : {
          "type" : "string",
          "description" : "Description for the transaction line 2.",
          "example" : "Narrative 2"
        },
        "chequeNumber" : {
          "type" : "string",
          "description" : "Cheque number",
          "example" : ""
        },
        "chequeReader" : {
          "type" : "string",
          "description" : "Cheque reader",
          "example" : ""
        },
        "orderingBank" : {
          "type" : "array",
          "items" : {
            "$ref" : "#/definitions/OrderingBank_RDO"
          }
        },
        "beneficiary" : {
          "type" : "array",
          "items" : {
            "$ref" : "#/definitions/Beneficiary_RDO"
          }
        },
        "crossReferenceForFundTransfer" : {
          "type" : "string",
          "description" : "Cross border payment reference number for Fund Transfer (FT)",
          "example" : ""
        },
        "uft" : {
          "type" : "array",
          "items" : {
            "$ref" : "#/definitions/UFT_RDO"
          }
        },
        "customerRate" : {
          "type" : "string",
          "description" : "Customer Rate",
          "example" : "0.05236"
        },
        "blotterReference" : {
          "type" : "string",
          "description" : "Blotter reference",
          "example" : ""
        },
        "isnNumber" : {
          "type" : "string",
          "description" : "ISN Number, Inward Cross border payments Number.",
          "example" : ""
        },
        "orderingCustomer" : {
          "type" : "array",
          "items" : {
            "$ref" : "#/definitions/OrderingCustomer_RDO"
          }
        },
        "inwardSwiftMessage" : {
          "type" : "string",
          "description" : "Inward SWIFT Message",
          "example" : ""
        },
        "purposeOfPayment" : {
          "type" : "string",
          "description" : "Purpose of payment",
          "example" : ""
        },
        "additionalTransactionDetails" : {
          "type" : "string",
          "description" : "Additional Transaction Details",
          "example" : ""
        },
        "bankToBankInfo" : {
          "type" : "string",
          "description" : "Bank to Bank Info. This is basically used for International and Domestic transactions",
          "example" : ""
        },
        "destinationCountry" : {
          "type" : "string",
          "description" : "Destination Country. The ISO 3166-1 alpha-2 country code.",
          "example" : "IN"
        },
        "vostroAccountNumber" : {
          "type" : "string",
          "description" : "VOSTRO Account number. Same detail as Account with bank.",
          "example" : ""
        },
        "transferType" : {
          "type" : "string",
          "description" : "Transfer type.",
          "example" : ""
        },
        "paymentDetails" : {
          "type" : "string",
          "description" : "Payment details",
          "example" : ""
        },
        "accoountWithBank" : {
          "type" : "string",
          "description" : "Account with bank",
          "example" : ""
        },
        "receiverBank" : {
          "type" : "string",
          "description" : "Receiver bank",
          "example" : ""
        },
        "rcmsFTSNarration" : {
          "type" : "string",
          "description" : "RCMS Fund Transfer Number",
          "example" : ""
        },
        "externalIdentifierType" : {
          "type" : "string",
          "description" : "External Identifier Type",
          "example" : ""
        },
        "externalIdentifier" : {
          "type" : "string",
          "description" : "External Identifier",
          "example" : ""
        },
        "consumerNumber" : {
          "type" : "string",
          "description" : "Consumer Number",
          "example" : ""
        },
        "narrationForFTS" : {
          "type" : "string",
          "description" : "RCMS Fund Transfer Narration",
          "example" : ""
        },
        "correlationBankName" : {
          "type" : "string",
          "description" : "Corrleation Bank Name",
          "example" : ""
        },
        "intermediateBankName" : {
          "type" : "string",
          "description" : "Intermediate Bank Name",
          "example" : ""
        },
        "uaeFTFlag" : {
          "type" : "string",
          "description" : "UAEFT Flag",
          "example" : ""
        },
        "bpmsReference" : {
          "type" : "string",
          "description" : "BPMS Reference Number",
          "example" : ""
        },
        "receiverCorrelationBankAccount" : {
          "type" : "string",
          "description" : "Receiver Bank Corrleation Account",
          "example" : ""
        },
        "intermediateBankAccount" : {
          "type" : "string",
          "description" : "Intermediate Bank Account",
          "example" : ""
        },
        "relationAccount" : {
          "type" : "string",
          "description" : "Relation Account",
          "example" : ""
        },
        "commission" : {
          "type" : "array",
          "items" : {
            "$ref" : "#/definitions/Commission_RDO"
          }
        },
        "charges" : {
          "type" : "array",
          "items" : {
            "$ref" : "#/definitions/Charges_RDO"
          }
        },
        "profitCenter" : {
          "type" : "array",
          "items" : {
            "$ref" : "#/definitions/ProfitCenter_RDO"
          }
        },
        "returnToDepartment" : {
          "type" : "string",
          "description" : "Return To Department",
          "example" : ""
        },
        "fedFunds" : {
          "type" : "string",
          "description" : "FED Funds",
          "example" : ""
        },
        "positionType" : {
          "type" : "string",
          "description" : "Position Type",
          "example" : ""
        },
        "inputedVersion" : {
          "type" : "string",
          "description" : "Inputed version",
          "example" : ""
        },
        "deliveryReference" : {
          "type" : "array",
          "items" : {
            "type" : "string",
          "description" : "Delivery Reference",
          "example" : ""
          }
        },
        "fixingRate" : {
          "type" : "number",
          "format" : "float",
          "description" : "Fixing Rate",
          "example" : 19.36
        },
        "authorizationDate" : {
          "type" : "string",
          "format" : "date",
          "description" : "Authorization Date Date in ISO 8601",
          "example" : "2020-02-26"
        },
        "numberOfStatement" : {
          "type" : "integer",
          "description" : "Number of statement",
          "example" : 5
        },
        "isOverRidden" : {
          "type" : "string",
          "description" : "Is Overridden",
          "example" : ""
        },
        "currentRecordNumber" : {
          "type" : "number",
          "description" : "Current Record Number.",
          "example" : 19
        },
        "inputter" : {
          "type" : "string",
          "description" : "Inputter",
          "example" : ""
        },
        "inputtedDateTime" : {
          "type" : "string",
          "format" : "date-time",
          "description" : "Inputted Date and Time",
          "example" : "2020-03-13T13:45:59:123Z"
        },
        "authoriser" : {
          "type" : "string",
          "description" : "Authoriser",
          "example" : ""
        },
        "companyCode" : {
          "type" : "string",
          "description" : "Accounting Unit Identifier to uniquely identify Core Banking instance",
          "example" : "AE0010001"
        },
        "departmentCode" : {
          "type" : "string",
          "description" : "Department Code",
          "example" : ""
        },
        "profitCenterCost" : {
          "type" : "string",
          "description" : "Profit cost center",
          "example" : ""
        },
        "fundTransferBranchCode" : {
          "type" : "string",
          "description" : "Fund transfer branch code",
          "example" : ""
        },
        "vostroFlag" : {
          "type" : "string",
          "description" : "VOSTRO Flag",
          "example" : ""
        },
        "isSTP" : {
          "type" : "string",
          "description" : "Is staright throguh process (STP)?",
          "example" : "YES",
          "enum" : ["YES", "NO"]
        },
        "localSwiftReference" : {
          "type" : "string",
          "description" : "Local SWIFT Reference",
          "example" : ""
        },
        "isPaymentSent" : {
          "type" : "string",
          "description" : "Is Payment Sent",
          "example" : "Y",
          "enum" : ["Y", "N"]
        },
        "isApproved" : {
          "type" : "string",
          "description" : "Is Approved",
          "example" : "Y",
          "enum" : ["Y", "N"]
        },
        "versionName" : {
          "type" : "string",
          "description" : "Version name",
          "example" : ""
        },
        "coverMethod" : {
          "type" : "string",
          "description" : "Cover method.",
          "example" : ""
        },
        "authorizationVersion" : {
          "type" : "string",
          "description" : "Authorization version",
          "example" : ""
        },
        "ftsCard" : {
          "type" : "string",
          "description" : "FTS Card",
          "example" : ""
        },
        "deliveryOutReference" : {
          "type" : "string",
          "description" : "Delivery out reference",
          "example" : ""
        },
        "uaeFTAuthor" : {
          "type" : "string",
          "description" : "UAE FT Author",
          "example" : ""
        },
        "accountNumber" : {
          "type" : "string",
          "description" : "Account number",
          "example" : ""
        },
        "currency" : {
          "type" : "string",
          "description" : "3-character currency code in ISO 4217 format",
          "example" : "AED"
        },
        "bookingDate" : {
          "type" : "string",
          "format" : "date",
          "description" : "Booking Date in ISO 8601",
          "example" : "2020-03-30"
        },
        "valueDate" : {
          "type" : "string",
          "format" : "date",
          "description" : "Value Date in ISO 8601",
          "example" : "2020-03-30"
        },
        "exposureDate" : {
          "type" : "string",
          "format" : "date",
          "description" : "Exposure Date in ISO 8601",
          "example" : "2020-03-30"
        },
        "narrative" : {
          "type" : "string",
          "description" : "Narrative",
          "example" : ""
        },
        "transactionCode" : {
          "type" : "string",
          "description" : "Transaction code",
          "example" : ""
        },
        "codeValue" : {
          "type" : "array",
          "items" : {
            "$ref" : "#/definitions/CodeValue_RDO"
          }
        },
        "transactionReferenceAdditional" : {
          "type" : "string",
          "description" : "Transaction reference additional",
          "example" : ""
        },
        "uniqueKey" : {
          "type" : "string",
          "description" : "Unique Key",
          "example" : ""
        },
        "receiver" : {
          "type" : "array",
          "items" : {
            "$ref" : "#/definitions/ReceiverBank_RDO"
          }
        }
      }
    },
    "postInwardMT202CPaymentsResponse" : {
      "type" : "object",
      "properties" : {
        "applicationArea" : {
          "$ref" : "#/definitions/applicationArea"
        },
        "responseStatus" : {
          "$ref" : "#/definitions/respStatus_RDO"
        },
        "dataArea" : {
          "$ref" : "#/definitions/InwardMT202CPaymentsResponseObject"
        }
      }
    },
    "financialRequestObject" : {
      "type" : "object",
      "properties" : {
        "transaction" : {
          "$ref" : "#/definitions/transactionObject"
        },
        "accountNumber" : {
          "type" : "string",
          "description" : "Account number related to Debit/Credit from/to Customer account.",
          "example" : "22XXXXXXXXXXXX20"
        },
        "plCategory" : {
          "type" : "string",
          "description" : "Profit & Loss (PL) Category. If this is to the inter debit/credit, the related code sohuld be provided.",
          "example" : "12345"
        },
        "customerCode" : {
          "type" : "string",
          "description" : "7 digit customer code in Core Banking.",
          "example" : "13XXX22"
        },
        "accountOfficer" : {
          "type" : "string",
          "description" : "Account Officer",
          "example" : "100XXX400"
        },
        "departmentCode" : {
          "type" : "string",
          "description" : "Department Code",
          "example" : "25XX0"
        },
        "productCategory" : {
          "type" : "string",
          "description" : "Product Code",
          "example" : "25010"
        },
        "forcePost" : {
          "type" : "string",
          "description" : "Force posting  flag (If the account need to be posting forcefully, if there is any restriction, this flag should be set to 'Y' ",
          "example" : "Y",
          "enum" : ["Y", "N"]
        },
        "addnTxnReferenceID" : {
          "type" : "string",
          "description" : "Additional Transaction Reference IDs",
          "example" : ""
        },
        "ourReference" : {
          "type" : "string",
          "description" : "OUR Reference",
          "example" : ""
        }
      }
    },
    "OrderingCustomer_RDO" : {
      "type" : "object",
      "properties" : {
        "name" : {
          "type" : "string",
          "description" : "Ordering customer name",
          "example" : "Ordering Customer Name"
        },
        "accountNumber" : {
          "type" : "string",
          "description" : "Ordering customer account number",
          "example" : "13XXXXXXXXXXXX20"
        },
        "chargesdCustomerName" : {
          "type" : "string",
          "description" : "Customer name the charges are borne by",
          "example" : "Customer Name"
        }
      }
    },
    "Error_AppArea" : {
      "type" : "object",
      "properties" : {
        "applicationArea" : {
          "$ref" : "#/definitions/applicationArea"
        },
        "responseStatus" : {
          "$ref" : "#/definitions/respStatus_RDO"
        }
      }
    },
    "getBalanceDetailsResponse" : {
      "type" : "object",
      "properties" : {
        "applicationArea" : {
          "$ref" : "#/definitions/applicationArea"
        },
        "dataArea" : {
          "$ref" : "#/definitions/getBalanceDetailsResponseObject"
        }
      }
    },
    "Charges_RDO" : {
      "type" : "object",
      "properties" : {
        "amount" : {
          "type" : "number",
          "format" : "float",
          "description" : "Charge Amount",
          "example" : 100.25
        },
        "code" : {
          "type" : "string",
          "description" : "Charge Code",
          "example" : ""
        },
        "type" : {
          "type" : "string",
          "description" : "Charge Type",
          "example" : ""
        },
        "chargesFlag" : {
          "type" : "string",
          "description" : "Charge Flag",
          "example" : ""
        },
        "receiverCharges" : {
          "type" : "number",
          "format" : "float",
          "description" : "Receiver Charges",
          "example" : 5.25
        },
        "receiverchargesInLCY" : {
          "type" : "number",
          "format" : "float",
          "description" : "Receiver charges in Local Currency (LCY) i.e. AED in UAE whereas SAR in KSA.",
          "example" : 19.26
        },
        "receiverchargesInFCY" : {
          "type" : "number",
          "format" : "float",
          "description" : "Receiver charges in Foreign Currency (FCY) i.e. transaction/beneficary currency",
          "example" : 5.25
        },
        "senderchargesInFCY" : {
          "type" : "number",
          "description" : "Sender charges in Foreign Currency (FCY)",
          "example" : 2.25
        },
        "accountNumber" : {
          "type" : "string",
          "description" : "Account number",
          "example" : "13XXXXXXXXXXXX20"
        },
        "chargesForPOS" : {
          "type" : "number",
          "format" : "float",
          "description" : "Charges for POS",
          "example" : 1.03
        },
        "totalAmountInLCY" : {
          "type" : "number",
          "format" : "float",
          "description" : "Total Amount in Local Currency (LCY)",
          "example" : 100.25
        },
        "totalAmount" : {
          "type" : "number",
          "format" : "float",
          "description" : "Total Amount",
          "example" : 110.50
        }
      }
    },
    "applicationArea" : {
      "type" : "object",
      "required" : [ "correlationId", "countryOfOrigin", "transactionDateTime", "transactionId" ],
      "properties" : {
        "correlationId" : {
          "type" : "string",
          "description": "Unique identifier used for identifying the transaction lifecycle",
          "example" : "1XXXXXXXX0"
        },
        "interfaceID" : {
          "type" : "string",
          "description": "Logical reference of the Interface that intiated the service. This is an optional field",
          "example" : ""
        },
        "countryOfOrigin" : {
          "type" : "string",
          "minLength" : 2,
          "maxLength" : 2,
          "description": "Country of origination of the request. ISO 3166 country codes in two bytes format",
          "example" : "AE"
        },
        "senderId" : {
          "type" : "string",
          "description": "Unique identification for the consumer. This will be agreed by Service owner at the time of setup. It will need to be passed in all requests",
          "example": "MOB"
        },
        "senderUserId" : {
          "type" : "string",
          "description": "Sender's User ID. Information about a user who has initiated the transaction",
          "example" : ""
        },
        "senderBranchId" : {
          "type" : "string",
          "description": "Sender's Branch ID. Information about a user who has initiated the transaction",
          "example" : ""
        },
        "senderAuthorizationID" : {
          "type" : "string",
          "description" : "Identification of the Authorizer who has authorized the transaction. This is an optional field",
          "example" : ""
        },
        "senderReferenceID" : {
          "type" : "string",
          "description" : "Reference ID from Sender to identify the event that cause the service invocation. This is an optional field",
          "example" : ""
        },
        "transactionId" : {
          "type" : "string",
          "example" : "WLT1254378DEFG",
          "description" : "Unique transaction reference id assigned by the Sender to identify the message"
        },
        "transactionDateTime" : {
          "type" : "string",
          "description" : "Transaction date and time in ISO 8601",
          "example" : "2017-07-21T17:32:28Z",
          "format" : "YYYY-MM-DDTHH:MM:SSZ"
        },
        "transactionTimeZone" : {
          "type" : "string",
          "description" : "Transaction time zone",
          "example" : ""
        },
        "senderAuthorizationComments" : {
          "type" : "string",
          "description" : "Sender authorization comments",
          "example" : ""
        },
        "language" : {
          "type" : "string",
          "description" : "Language",
          "example" : "en",
          "enum" : ["en", "ar"]
        },
        "creationDateTime" : {
          "type" : "string",
          "format" : "date-time",
          "description": "Creation date of the service in ISO 8601 YYYY-MM-DDTHH:MM:SS:sssZ format. This is an optional field",
          "example" : "2017-07-21T17:32:28Z"
        },
        "requiredExecutionDate" : {
          "type" : "string",
          "format" : "date-time",
          "description": "Date on which the transaction needs to be actually posted in ISO 8601 YYYY-MM-DDTHH:MM:SS:sssZ format. This is an optional field"
        }
      }
    },
    "Commission_RDO" : {
      "type" : "object",
      "properties" : {
        "amount" : {
          "type" : "number",
          "format" : "float",
          "description" : "Commission Amount",
          "example" : 10
        },
        "code" : {
          "type" : "string",
          "description" : "Commission code",
          "example" : ""
        },
        "totalReceiverCommission" : {
          "type" : "number",
          "format" : "float",
          "description" : "Total receiver commission.",
          "example" : 5.25
        },
        "totalReceiverCommissionInLCY" : {
          "type" : "number",
          "format" : "float",
          "description" : "Total receiver commission in local currency (LCY)",
          "example" : 19.26
        }
      }
    },
    "FundTransferB2BCommonResponse" : {
      "type" : "object",
      "properties" : {
        "companyCode" : {
          "type" : "string",
          "description" : "Company Code to uniquely identify Core Banking instance",
          "example" : "AE0010001"
        },
        "accountingUnitIdentifier" : {
          "type" : "string",
          "description" : "From account number",
          "example" : "12XXXXXXXXXXXX20"
        },
        "debitAccountIdentifier" : {
          "type" : "string",
          "description" : "Account number to be debited.",
          "example" : "13XXXXXXXXXXXX20"
        },
        "transactionIdentifier" : {
          "type" : "string",
          "description" : "Transaction Identifier",
          "example" : ""
        },
        "transactionCurrency" : {
          "type" : "string",
          "description" : "Transaction currency code, 3-character currency code in ISO 4217 format",
          "example" : "AED"
        },
        "transactionAmount" : {
          "type" : "number",
          "format" : "float",
          "description" : "Transaction Amount",
          "example" : 100.25
        },
        "transactionDate" : {
          "type" : "string",
          "format" : "date",
          "description" : "Transaction date i.e. debit effective date.",
          "example" : "2017-11-07"
        },
        "creditAccountIdentifier" : {
          "type" : "string",
          "description" : "Account to be credited i.e. corresponding bank details",
          "example" : "15XXXXXXXXXXXX20"
        },
        "paymentDetails" : {
          "type" : "string",
          "description" : "Free text for capturing payment details",
          "example" : "RENT Payment"
        }
      }
    },
    "FundsTransferBTQCRequest" : {
      "type" : "object",
      "required" : [ "applicationArea", "dataArea" ],
      "properties" : {
        "applicationArea" : {
          "$ref" : "#/definitions/applicationArea"
        },
        "dataArea" : {
          "$ref" : "#/definitions/FundsTransferRequest_RDO"
        }
      }
    },
    "Error" : {
      "type" : "object",
      "properties" : {
        "responseStatus" : {
          "$ref" : "#/definitions/respStatus_RDO"
        }
      }
    },
    "FundTransferB2BCommonRequest" : {
      "type" : "object",
      "properties" : {
        "companyCode" : {
          "type" : "string",
		  "description" : "Company Code",
		  "example" : "AE0010001"
        },
        "accountingUnitIdentifier" : {
          "type" : "string",
          "description" : "Accounting Unit Identifier to uniquely identify Core Banking instance",
          "example" : "AE0010001"
        },
        "debitAccountIdentifier" : {
          "type" : "string",
          "description" : "From Account number",
          "example" : "12XXXXXXXXXXXX20"
        },
        "transactionCurrency" : {
          "type" : "string",
          "description" : "Transaction currency code, 3-character currency code in ISO 4217 format",
          "example" : "AED"
        },
        "transactionAmount" : {
          "type" : "number",
          "format" : "float",
          "description" : "Transaction Amount",
          "example" : 100.25
        },
        "transactionDate" : {
          "type" : "string",
          "format" : "date",
          "description" : "Transaction date i.e. debit effective date",
          "example" : "2017-11-07"
        },
        "creditAccountIdentifier" : {
          "type" : "string",
          "description" : "Account to be credited i.e. Corresponding bank details",
          "example" : "13XXXXXXXXXXXX203"
        },
        "paymentDetails" : {
          "type" : "string",
          "description" : "Free text for capturing payment details",
          "example" : "RENT Payment"
        }
      }
    },
    "FundsTransferResponse_RDO" : {
      "type" : "object",
      "required" : [ "transactionIdentifier" ],
      "properties" : {
        "transactionIdentifier" : {
          "type" : "string",
          "description" : "Transaction Identifier to uniquely identify the transaction.",
          "example" : "FT163XXXX566"
        },
        "debitAccountBalance" : {
          "type" : "string",
          "format" : "double",
          "description" : "Account balance which will be debited",
          "example" : 10000.45
        }
      }
    },
    "postInwardFundTransferResponse" : {
      "type" : "object",
      "properties" : {
        "applicationArea" : {
          "$ref" : "#/definitions/applicationArea"
        },
        "dataArea" : {
          "$ref" : "#/definitions/postInwardFundTransferObject"
        }
      }
    },
    "TransferBeneficiary_RDO" : {
      "type" : "object",
      "properties" : {
        "name" : {
          "type" : "string",
          "description" : "Real name of beneficiary as per the bank account to which amount will be transfered.",
          "example" : "Beneficiary Bank Account"
        },
        "address" : {
          "type" : "string",
          "description" : "Beneficiary Address",
          "example" : "Sample Address"
        },
        "bankAccount" : {
          "type" : "string",
          "description" : "Beneficiary Bank Account number",
          "example" : "15XXXXXXXXXXXX20"
        },
        "bankSWIFTCode" : {
          "type" : "string",
          "description" : "Beneficiary bank SWIFT code",
          "example" : "ABNAGB2LXXX"
        },
        "bankRoutingCode" : {
          "type" : "string",
          "description" : "Routing Code. 9-digit code that will be used to identify where beneficary bank account is.",
          "example" : "400220101"
        },
        "bankName" : {
          "type" : "string",
          "description" : "Name of the bank beneficiary has account with.",
          "example" : "Sample Bank"
        },
        "bankAddress" : {
          "type" : "string",
          "description" : "Beneficiary bank address.",
          "example" : "Beneficiary Bank Address"
        },
        "bankCountry" : {
          "type" : "string",
          "description" : "Country in which beneficiary bank is located.",
          "example" : "UAE"
        }
      }
    },
    "respStatus_RDO" : {
      "type" : "object",
      "properties" : {
        "status" : {
          "type" : "string",
          "description" : "Overall status or status of response.",
          "example" : "SUCCESS",
          "enum" : ["SUCCESS", "ERROR"]
        },
        "statusMessage" : {
          "type" : "string",
          "description" : "Status message",
          "example" : "SUCCESS"
        },
        "errorDetails" : {
          "type" : "array",
          "items" : {
            "$ref" : "#/definitions/errorDetails_RDO"
          }
        }
      }
    },
    "CodeValue_RDO" : {
      "type" : "object",
      "properties" : {
        "code" : {
          "type" : "string",
          "description" : "Field Name",
          "example" : ""
        },
        "value" : {
          "type" : "string",
          "description" : "Field Value",
          "example" : ""
        }
      }
    },
    "OrderingBank_RDO" : {
      "type" : "object",
      "properties" : {
        "name" : {
          "type" : "string",
          "description" : "Ordering Bank",
          "example" : ""
        }
      }
    },
    "InwardMT202CPaymentsResponseObject" : {
      "type" : "object",
      "properties" : {
        "status" : {
          "type" : "string",
          "description" : "Status message",
          "example" : ""
        },
        "currentRecordNumber" : {
          "type" : "string",
          "description" : "Current record number",
          "example" : ""
        },
        "inputter" : {
          "type" : "string",
          "description" : "Inputter name",
          "example" : ""
        },
        "inputtedDateTime" : {
          "type" : "string",
          "format" : "date-time",
          "description" : "Date in ISO 8601",
          "example" : "2020-02-26"
        },
        "dateTime" : {
          "type" : "string",
          "format" : "date-time",
          "description" : "Audit Date time in ISO 8601",
          "example" : "2020-02-26"
        },
        "departmentCode" : {
          "type" : "string",
          "description" : "Department code",
          "example" : ""
        },
        "accountingUnitIdentifier" : {
          "type" : "string",
          "description" : "Accounting Unit Identifier to uniquely identify Core Banking instance",
          "example" : "AEXX1XXX1"
        }
      }
    },
    "postMultiAccountRequestObject" : {
      "type" : "object",
      "required" : [ "financials" ],
      "properties" : {
        "bulkReferenceNumber" : {
          "type" : "string",
          "description" : "Bulk Reference number to uniquely identify the transaction.",
          "example" : ""
        },
        "t24ReferenceNumber" : {
          "type" : "string",
          "description" : "Core Banking reference number to uniquely identify the transaction within Core Banking.",
          "example" : ""
        },
        "companyCode" : {
          "type" : "string",
          "description" : "Accounting Unit Identifier to uniquely identify Core Banking instance",
          "example" : "AE0010001"
        },
        "merchantID" : {
          "type" : "string",
          "description" : "Merchant ID",
          "example" : "FAB1XX45"
        },
        "terminalID" : {
          "type" : "string",
          "description" : "Terminal ID",
          "example" : "ATM12345"
        },
        "activity" : {
          "type" : "string",
          "description" : "Activity Type",
          "example" : "POOL",
          "enum" : [ "SWEEP", "POOL", "GENERAL" ]
        },
        "transactionReferenceNumber" : {
          "type" : "string",
          "description" : "Transaction reference number to uniquely identify the transaction.",
          "example" : ""
        },
        "financials" : {
          "type" : "array",
          "items" : {
            "$ref" : "#/definitions/financialRequestObject"
          }
        },
        "referenceData" : {
          "type" : "array",
          "items" : {
            "$ref" : "#/definitions/referenceDataObject"
          }
        }
      }
    },
    "transactionObject" : {
      "type" : "object",
      "properties" : {
        "currencyCode" : {
          "type" : "string",
          "description" : "The 3-character currency code in ISO 4217 format that identifies the transaction currency.",
          "example" : "USD"
        },
        "amountLCY" : {
          "type" : "number",
          "format" : "float",
          "description" : "Amount in the transaction currency. If the transactionCurrency is Local Currency (LCY) then amount needs to be passed. Else, i.e. transactionCurrency is Foreign Currency (FCY) with exchange rate, then converted amount needs to be entered. NOTE : If DebitCrediFlag is \"D\" then, Debit amount needs to be marked as minus(-). If DebitCrediFlag = \"C\" then no transformation required.",
          "example" : 41152.88
        },
        "amountFCY" : {
          "type" : "number",
          "format" : "float",
          "description" : "If the transactionCurrency is NOT Local Currency (LCY), then amount needs to be passed  (calculated value for the corresponding leg exchange rate). NOTE : If DebitCrediFlag is \"D\" then, Debit amount needs to be marked as minus(-). If DebitCrediFlag = \"C\" then no transformation required.",
          "example" : 41152.88
        },
        "debitCreditFlag" : {
          "type" : "string",
          "description" : "Flag to suggest if the transaction is Credit (C) or Debit (D).",
          "example" : "D",
          "enum" : [ "D", "C" ]
        },
        "exchangeRate" : {
          "type" : "string",
          "description" : "If the transaction currency is NOT LCY, the exchange rate is mandatory. Not more than 8 integers may be entered. Not more than 9 decimals may be entered.",
          "example" : "3.675"
        },
        "bookingDate" : {
          "type" : "string",
          "format" : "date",
          "description" : "Booking date of the transaction (in ISO 8601). Default to current date. Pass ONLY first 8 digits.",
          "example" : "20200226"
        },
        "valueDate" : {
          "type" : "string",
          "description" : "Value date of the transaction (in ISO 8601). Default to current date. Pass ONLY first 8 digits.",
          "example" : "20200226",
          "format" : "date"
        },
        "exposureDate" : {
          "type" : "string",
          "description" : "Exposure date of the transaction (in ISO 8601). Map the value in bookingDate to exposureDate. Depending on the system.",
          "example" : "20200226",
          "format" : "date"
        },
        "transactionCode" : {
          "type" : "string",
          "description" : "This needs to be properly mapped from Consumer side, if not passed, based on the T24 API configuration the T24 will add the value. This is made mandatory, to make sure that, without fail consumer should provide. Tradenet channel (i.e channelID = 'BVS') should pass code 797",
          "example" : ""
        },
        "internalRemark" : {
          "type" : "string",
          "description" : "Internal Remark",
          "example" : ""
        },
        "externalRemark" : {
          "type" : "string",
          "description" : "External Remarks. It will  appear in the customer statement. The remark can be total of 140 Characters long. The data can be split in 4 narriative fields, with 35 character long. Accordingly split the external remark.",
          "example" : "AUH        001233   REMIT REF NO 123456"
        },
        "freezeAuthCode" : {
          "type" : "string",
          "description" : "Freez Authorization Code.",
          "example" : "00000XXX38"
        },
        "releasePartialFreeze" : {
          "type" : "string",
          "description" : "Release partial freeze",
          "example" : ""
        },
        "releasePartialFreezeAmount" : {
          "type" : "string",
          "description" : "Release Partial Freeze Amount.",
          "example" : ""
        }
      }
    },
    "createEarMarkRequest" : {
      "type" : "object",
      "properties" : {
        "virtualAccountDetails" : {
          "type" : "array",
          "items" : {
            "$ref" : "#/definitions/createEarMarkRequest_virtualAccountDetails"
          }
        }
      }
    },
    "createEarMarkResponse" : {
      "type" : "object",
      "properties" : {
        "totalRecords" : {
          "type" : "string",
          "description" : "Total received requests",
          "example" : ""
        },
        "successRecords" : {
          "type" : "string",
          "description" : "Total success requests",
          "example" : ""
        },
        "failedRecords" : {
          "type" : "string",
          "description" : "Total failed requests",
          "example" : ""
        },
        "virtualAccountDetails" : {
          "type" : "array",
          "items" : {
            "$ref" : "#/definitions/createEarMarkResponse_virtualAccountDetails"
          }
        }
      }
    },
    "dataAreaCreateEarMarkRequest" : {
      "type" : "object",
      "properties" : {
        "applicationArea" : {
          "$ref" : "#/definitions/applicationArea"
        },
        "dataArea" : {
          "$ref" : "#/definitions/createEarMarkRequest"
        }
      }
    },
    "dataAreaCreateEarMarkResponse" : {
      "type" : "object",
      "properties" : {
        "applicationArea" : {
          "$ref" : "#/definitions/applicationArea"
        },
        "dataArea" : {
          "$ref" : "#/definitions/createEarMarkResponse"
        },
        "responseStatus" : {
          "$ref" : "#/definitions/respStatus_RDO"
        }
      }
    },
    "createEarMarkRequest_virtualAccountDetails" : {
      "type" : "object",
      "properties" : {
        "accountIdentifier" : {
          "type" : "string",
          "description" : "Virtual Account Number",
          "example" : "200XXXXXXXXXX010"
        },
        "amount" : {
          "type" : "string",
          "description" : "Amount to be earmarked. Applicable when typeOfEarmark = 'ADD'",
          "example" : "20123.25"
        },
        "overrideBudgetFlag" : {
          "type" : "string",
          "description" : "Flag if true would indicate whether budget limits are to be ignored or honored",
          "example" : ""
        },
        "typeOfEarmark" : {
          "type" : "string",
          "description" : "Type of earmarking - for creating ear mark and releasing the ear mark",
          "example" : "ADD"
        }
      }
    },
    "createEarMarkResponse_virtualAccountDetails_reason" : {
      "type" : "object",
      "properties" : {
        "code" : {
          "type" : "string",
          "description" : "Error code for error cases only",
          "example" : "VAM1001"
        },
        "desc" : {
          "type" : "string",
          "description" : "Error description for error cases only",
          "example" : "$accountIdentifier IS INACTIVE VIRTUAL ACCOUNT"
        }
      }
    },
    "createEarMarkResponse_virtualAccountDetails" : {
      "type" : "object",
      "properties" : {
        "accountIdentifier" : {
          "type" : "string",
          "description" : "Account number",
          "example" : ""
        },
        "amount" : {
          "type" : "string",
          "description" : "Amount to be earmarked",
          "example" : ""
        },
        "earMarkingReference" : {
          "type" : "string",
          "description" : "Earmark reference number",
          "example" : ""
        },
        "typeOfEarmark" : {
          "type" : "string",
          "description" : "Type of earmark",
          "example" : "ADD",
          "enum" : ["ADD", "REL"]
        },
        "status" : {
          "type" : "string",
          "description" : "Status",
          "example" : "SUCCESS",
          "enum" : ["SUCCESS", "ERROR"]
        },
        "reason" : {
          "type" : "array",
          "items" : {
            "$ref" : "#/definitions/createEarMarkResponse_virtualAccountDetails_reason"
          }
        }
      }
    }
  }
}