{
  "swagger" : "2.0",
  "info" : {
    "title" : "MBME Utility Aggregator Services",
    "description" : "MBME Utility API facilitates bill payments to authorized UAE service providers",
    "version" : "2.0.0"
  },
  "host" : "api.bankfab.com",
  "basePath" : "/mbme/v1",
  "schemes" : [ "https" ],
  "consumes" : [ "application/json" ],
  "produces" : [ "application/json" ],
  "paths" : {
    "/enquiry" : {
      "post" : {
        "summary" : "Utility enquiry through MBME",
        "description" : "Fetches the balance details for the utilities using MBME",
        "tags" : [ "Utility-Services" ],
        "operationId" : "mbmeUtilityBillEnquiry",
        "parameters" : [ {
          "name" : "mbmeUtilityBillEnquiryRequest",
          "in" : "body",
          "description" : "MBME Utility Bill Enquiry Request",
          "required" : true,
          "schema" : {
            "$ref" : "#/definitions/mbmeUtilityBillEnquiryRequest"
          }
        } ],
        "responses" : {
          "200" : {
            "description" : "MBME Utility Bill Enquiry Response",
            "schema" : {
              "$ref" : "#/definitions/mbmeUtilityBillEnquiryResponse"
            }
          },
          "default" : {
            "description" : "Unexpected error",
            "schema" : {
              "$ref" : "#/definitions/Error"
            }
          }
        }
      }
    },
    "/payments" : {
      "post" : {
        "summary" : "Pay Utility bills through MBME",
        "description" : "Intiates payment to billers via MBME payment aggregators",
        "tags" : [ "Utility-Services" ],
        "operationId" : "mbmeUtilityBillPayment",
        "parameters" : [ {
          "name" : "mbmeUtilityBillPaymentRequest",
          "in" : "body",
          "description" : "MBME Utility Bill Payment Request",
          "required" : true,
          "schema" : {
            "$ref" : "#/definitions/mbmeUtilityBillPaymentRequest"
          }
        } ],
        "responses" : {
          "200" : {
            "description" : "MBME Utility Bill Payment Response",
            "schema" : {
              "$ref" : "#/definitions/mbmeUtilityBillPaymentResponse"
            }
          },
          "default" : {
            "description" : "Unexpected error",
            "schema" : {
              "$ref" : "#/definitions/Error"
            }
          }
        }
      }
    }
  },
  "definitions" : {
    "mbmeUtilityBillPaymentRequest" : {
      "type" : "object",
      "properties" : {
        "dataAreaMBMEUtilityBillPay" : {
          "$ref" : "#/definitions/dataAreaMBMEUtilityBillPayRequest"
        }
      }
    },
    "dataAreaMBMEUtilityBillPayRequest" : {
      "type" : "object",
      "properties" : {
        "accessToken" : {
          "type" : "string",
          "description" : "Access token"
        },
        "consumerNumber" : {
          "type" : "string",
          "description" : "Consumer number"
        },
        "consumerPin" : {
          "type" : "string",
          "description" : "Consumer PIN"
        },
        "service" : {
          "type" : "string",
          "description" : "Service name"
        },
        "providerCode" : {
          "type" : "string",
          "description" : "Service provider code"
        },
        "method" : {
          "type" : "string",
          "description" : "Method"
        },
        "serviceType" : {
          "type" : "string",
          "description" : "Service type"
        },
        "amount" : {
          "type" : "string",
          "description" : "Amount"
        },
        "appliedFee" : {
          "type" : "string",
          "description" : "Fee applied"
        },
        "machineId" : {
          "type" : "string",
          "description" : "Machine ID"
        },
        "kioskId" : {
          "type" : "string",
          "description" : "Kioask ID"
        },
        "kioskLocation" : {
          "type" : "string",
          "description" : "Kiosk Location"
        },
        "currentBalance" : {
          "type" : "string",
          "description" : "Current balance"
        },
        "paymentMode" : {
          "type" : "string",
          "description" : "Payment mode"
        },
        "amountDue" : {
          "type" : "string",
          "description" : "Amount due"
        },
        "amountPaid" : {
          "type" : "string",
          "description" : "Amount Paid"
        },
        "billerId" : {
          "type" : "string",
          "description" : "Biller id"
        },
        "branchLocation" : {
          "type" : "string",
          "description" : "Branch Location"
        },
        "backendTransId" : {
          "type" : "string",
          "description" : "Transaction id"
        },
        "productDetail" : {
          "type" : "string",
          "description" : "consumer product details"
        },
        "transRefNum" : {
          "type" : "string",
          "description" : "Transaction unique ref number"
        },
        "pincode" : {
          "type" : "string",
          "description" : "PIN code"
        },
        "simEndBillerPayment" : {
          "type" : "string",
          "description" : "End biller payment"
        },
        "providerTransactionId" : {
          "type" : "string",
          "description" : "Service provider transaction id"
        },
        "customerId" : {
          "type" : "string",
          "description" : "Customer ID "
        },
        "channelId" : {
          "type" : "string",
          "description" : "Channel Identifier"
        },
        "senderId" : {
          "type" : "string",
          "description" : "Sender ID"
        },
        "bankId" : {
          "type" : "string",
          "description" : "Bank ID"
        },
        "merchantCode" : {
          "type" : "string",
          "description" : "Merchant code"
        },
        "channelLocationCode" : {
          "type" : "string",
          "description" : "Channel location code"
        },
        "channelCode" : {
          "type" : "string",
          "description" : "Channel code"
        },
        "chargeAmount" : {
          "type" : "string",
          "description" : "Charge amount"
        },
        "dateTime" : {
          "type" : "string",
          "description" : "Transaction date and time : DD-MM-YYYY :HH-MM-SS"
        },
        "ticketNumber" : {
          "type" : "string",
          "description" : "Ticket number" 
        },
        "paymentDateTime" : {
          "type" : "string",
          "description" : "Payment date and time"
        },
        "receiptNumber" : {
          "type" : "string",
          "description" : "Receipt number of the payment"
        },
        "paymentIdentifier" : {
          "type" : "string",
          "description" : "Payment unique number"
        },
        "kiosk" : {
          "type" : "string",
          "description" : "Kiosk description"
        },
        "kioskPayDateTime" : {
          "type" : "string",
          "description" : "Kiosk date and time"
        },
        "payChannel" : {
          "type" : "string",
          "description" : "Payment channel"
        },
        "msisdn" : {
          "type" : "string",
          "description" : "MSI SDN number"
        },
        "serviceId" : {
          "type" : "string",
          "description" : "Service id"
        },
        "orderInfo" : {
          "type" : "string",
          "description" : "Order information details"
        },
        "customerCode" : {
          "type" : "string",
          "description" : "Customer code"
        },
        "contractId" : {
          "type" : "string",
          "description" : "Contract ID details"
        },
        "accountStatus" : {
          "type" : "string",
          "description" : "Account status"
        },
        "network" : {
          "type" : "string",
          "description" : "Network details"
        },
        "primaryFlag" : {
          "type" : "string",
          "description" : "Primary flag"
        },
        "transactionType" : {
          "type" : "string",
          "description" : "Transaction type"
        },
        "currencyCode" : {
          "type" : "string",
          "description" : "Currency code in  ISO format"
        },
        "referenceNumber" : {
          "type" : "string",
          "description" : "Ref number"
        },
        "firstName" : {
          "type" : "string",
          "description" : "Customer first Name"
        },
        "lastName" : {
          "type" : "string",
          "description" : "Customer last Name"
        },
        "email" : {
          "type" : "string",
          "description" : "Customer email id"
        },
        "channel" : {
          "type" : "string",
          "description" : "Channel details"
        },
        "cardId" : {
          "type" : "string",
          "description" : "Card id"
        }
      }
    },
    "mbmeUtilityBillPaymentResponse" : {
      "type" : "object",
      "properties" : {
        "responseStatus" : {
          "$ref" : "#/definitions/respStatus_RDO"
        },
        "dataAreaMBMEUtilityBillPayRes" : {
          "$ref" : "#/definitions/dataAreaMBMEUtilityBillPayResponse"
        }
      }
    },
    "dataAreaMBMEUtilityBillPayResponse" : {
      "type" : "object",
      "properties" : {
        "amount" : {
          "type" : "string",
          "description" : "Amount"
        },
        "orderId" : {
          "type" : "string",
          "description" : "Order id"
        },
        "providerTransactionId" : {
          "type" : "string",
          "description" : "Service provider transaction id"
        },
        "bankId" : {
          "type" : "string",
          "description" : "Bank ID"
        },
        "kioskId" : {
          "type" : "string",
          "description" : "Kiosk ID"
        },
        "kioskLocation" : {
          "type" : "string",
          "description" : "Kiosk Location"
        },
        "transactionType" : {
          "type" : "string",
          "description" : "Type of the transaction"
        },
        "transactionDateStamp" : {
          "type" : "string",
          "description" : "Transaction date and time in format DD-MM-YYYY : HH:MM:SS"
        },
        "replyDateStamp" : {
          "type" : "string",
          "description" : "Response date"
        },
        "amountPaid" : {
          "type" : "string",
          "description" : "Amount paid by customer"
        },
        "consumerNumber" : {
          "type" : "string",
          "description" : "Customer number"
        },
        "referenceNumber" : {
          "type" : "string",
          "description" : "A unique reference number"
        }
      }
    },
    "mbmeUtilityBillEnquiryRequest" : {
      "type" : "object",
      "properties" : {
        "dataAreaMBMEUtilityBillEnq" : {
          "$ref" : "#/definitions/dataAreaMBMEUtilityBillEnqRequest"
        }
      }
    },
    "dataAreaMBMEUtilityBillEnqRequest" : {
      "type" : "object",
      "properties" : {
        "accessToken" : {
          "type" : "string",
          "description" : "Access token"
        },
        "consumerNumber" : {
          "type" : "string",
          "description" : "Consumer number"
        },
        "consumerSearch" : {
          "type" : "string",
          "description" : "Consumer search"
        },
        "providerId" : {
          "type" : "string",
          "description" : "Service provider ID"
        },
        "machineId" : {
          "type" : "string",
          "description" : "Machine ID"
        },
        "language" : {
          "type" : "string",
          "description" : "Language of the payment selection"
        },
        "productDetail" : {
          "type" : "string",
          "description" : "Product details"
        },
        "pincode" : {
          "type" : "string"
        },
        "service" : {
          "type" : "string",
          "description" : "PIN code"
        },
        "stimulateResponse" : {
          "type" : "string",
          "description" : "Response details"
        },
        "providerCode" : {
          "type" : "string",
          "description" : "Service provider code"
        },
        "method" : {
          "type" : "string",
          "description" : "Method"
        },
        "serviceType" : {
          "type" : "string",
          "description" : "Type of the service"
        },
        "kioskId" : {
          "type" : "string",
          "description" : "Kiosk ID"
        },
        "kioskLocation" : {
          "type" : "string",
          "description" : "Kiosk location"
        },
        "customerId" : {
          "type" : "string",
          "description" : "Customer identifier"
        },
        "senderId" : {
          "type" : "string",
          "description" : "Sender ID"
        },
        "bankId" : {
          "type" : "string",
          "description" : "Bank ID"
        },
        "ticketNumber" : {
          "type" : "string",
          "description" : "Ticket number"
        },
        "consumerPin" : {
          "type" : "string",
          "description" : "Consumer PIN"
        },
        "msisdn" : {
          "type" : "string",
          "description" : "MSI IDN number"
        },
        "serviceId" : {
          "type" : "string",
          "description" : "Service ID"
        },
        "cardId" : {
          "type" : "string",
          "description" : "Card ID"
        },
        "amount" : {
          "type" : "string",
          "description" : "Amount"
        }
      }
    },
    "mbmeUtilityBillEnquiryResponse" : {
      "type" : "object",
      "properties" : {
        "responseStatus" : {
          "$ref" : "#/definitions/respStatus_RDO"
        },
        "dataAreaMBMEUtilityBillEnqResp" : {
          "$ref" : "#/definitions/dataAreaMBMEUtilityBillEnqResponse"
        }
      }
    },
    "dataAreaMBMEUtilityBillEnqResponse" : {
      "type" : "object",
      "properties" : {
        "orderId" : {
          "type" : "string",
          "description" : "Order ID"
        },
        "kioskId" : {
          "type" : "string",
          "description" : "Kiosk ID"
        },
        "kioskLocation" : {
          "type" : "string",
          "description" : "Kiosk Location"
        },
        "premiseType" : {
          "type" : "string",
          "description" : "Premise type"
        },
        "balance" : {
          "type" : "string",
          "description" : "Balance"
        },
        "minimumAmount" : {
          "type" : "string",
          "description" : "Minimum amoumt allowed for payment"
        },
        "maximumAmount" : {
          "type" : "string",
          "description" : "Maximum amount allowed for payment"
        },
        "billerTransactionId" : {
          "type" : "string",
          "description" : "Biller transaction identifier"
        },
        "providerTransactionId" : {
          "type" : "string",
          "description" : "Unique transaction identifier"
        },
        "area" : {
          "type" : "string",
          "description" : "Area of Emirates"
        },
        "poBoxNo" : {
          "type" : "string",
          "description" : "PO Box Number"
        },
        "nationalNo" : {
          "type" : "string",
          "description" : "National number"
        },
        "bankId" : {
          "type" : "string",
          "description" : "Bank Identifier"
        },
        "transactionType" : {
          "type" : "string",
          "description" : "Transaction type"
        },
        "transactionDateStamp" : {
          "type" : "string",
          "description" : "Tranaction date and time in format : DD-MM-YYYY:HH:MM:SS"
        },
        "replyDateStamp" : {
          "type" : "string",
          "description" : "Reply date"
        },
        "responseLevel" : {
          "type" : "string",
          "description" : "Level of response"
        },
        "consumerNumber" : {
          "type" : "string",
          "description" : "Consumer number"
        },
        "issueDate" : {
          "type" : "string",
          "description" : "Issue date in format : DD-MM-YYYY"
        },
        "stage" : {
          "type" : "string",
          "description" : "Stage"
        },
        "country" : {
          "type" : "string",
          "description" : "Country"
        },
        "plateCategory" : {
          "type" : "string",
          "description" : "Plate category"
        },
        "plateType" : {
          "type" : "string",
          "description" : "Plate type"
        },
        "registrationNumber" : {
          "type" : "string",
          "description" : "Registration number"
        },
        "location" : {
          "type" : "string",
          "description" : "Location details"
        },
        "pvtAmount" : {
          "type" : "string",
          "description" : "Private amount"
        },
        "canBePaid" : {
          "type" : "string",
          "description" : "How much can be paid"
        },
        "discount" : {
          "type" : "string",
          "description" : "Discount details"
        },
        "balanceAmount" : {
          "type" : "string",
          "description" : "Balance Amount"
        },
        "msisdn" : {
          "type" : "string",
          "description" : "MSD SDN Number"
        },
        "reservedAmount" : {
          "type" : "string",
          "description" : "Reserved Amount"
        },
        "statusCode" : {
          "type" : "string",
          "description" : "Status code"
        }
      }
    },
    "applicationArea" : {
      "type" : "object",
      "required" : [ "correlationId", "countryOfOrigin", "transactionDateTime", "transactionId" ],
      "properties" : {
        "correlationId" : {
          "type" : "string",
          "description": "Unique identifier used for identifying the transaction lifecycle",
          "example": "123DEFG89"
        },
        "countryOfOrigin" : {
          "type" : "string",
          "description": "Country of origination of the request. ISO 3166 country codes in two bytes format",
          "minLength" : 2,
          "maxLength" : 2,
          "example": "AE"
        },
        "creationDateTime" : {
          "type" : "string",
          "format" : "date-time",
          "description": "Creation date of the service in ISO 8601 YYYY-MM-DDTHH:MM:SS:sssZ format. This is an optional field"
        },
        "interfaceID" : {
          "type" : "string",
          "description": "Logical reference of the Interface that intiated the service. This is an optional field",
          "example": ""
        },
        "requiredExecutionDate" : {
          "type" : "string",
          "format" : "date-time",
          "description": "Date on which the transaction needs to be actually posted in ISO 8601 YYYY-MM-DDTHH:MM:SS:sssZ format. This is an optional field"
        },
        "senderUserId" : {
          "type" : "string",
          "description": "Sender's User ID. Information about a user who has initiated the transaction",
          "example": ""
        },
        "senderBranchId" : {
          "type" : "string",
          "description": "Sender's Branch ID. Information about a user who has initiated the transaction",
          "example": ""
        },
        "senderId" : {
          "type" : "string",
          "description": "Unique identification for the consumer. This will be agreed by Service owner at the time of setup. It will need to be passed in all requests",
          "example": "MOB"
        },
        "transactionDateTime" : {
          "type" : "string",
          "format" : "date-time",
          "description" : "The data and time the request is initiated in ISO 8601 format: YYYY-MM-DDTHH:MM:SS:sssZ"
        },
        "transactionId" : {
          "type" : "string",
          "example" : "WLT1254378DEFG",
          "description" : "Unique transaction reference id assigned by the Sender to identify the message"
        },
        "transactionTimeZone" : {
          "type" : "string",
          "description" : "Timezone in which transaction is initiated",
          "example" : ""
        },
        "senderAuthorizationID" : {
          "type" : "string",
          "description" : "Identification of the Authorizer who has authorized the transaction. This is an optional field",
          "example" : ""
        },
        "senderReferenceID" : {
          "type" : "string",
          "description" : "Reference ID from Sender to identify the event that cause the service invocation. This is an optional field",
          "example" : ""
        },
        "senderAuthorizationComments" : {
          "type" : "string",
          "description" : "Comments of the Authorizer on authorizing the transaction. This is an optional field",
          "example" : ""
        }
      }
    },
    "Error_AppArea" : {
      "type" : "object",
      "properties" : {
        "applicationArea" : {
          "$ref" : "#/definitions/applicationArea"
        },
        "responseStatus" : {
          "$ref" : "#/definitions/respStatus_RDO"
        }
      }
    },
    "Error" : {
      "type" : "object",
      "properties" : {
        "responseStatus" : {
          "$ref" : "#/definitions/respStatus_RDO"
        }
      }
    },
    "respStatus_RDO" : {
      "type" : "object",
      "properties" : {
        "status" : {
          "type" : "string",
          "description" : "Response Status. Values - SUCCESS/ERROR/WARNING",
          "example" : "SUCCESS"
        },
        "statusMessage" : {
          "type" : "string",
          "description" : "Status Description",
          "example" : "Successful"
        },
        "errorDetails" : {
          "type" : "array",
          "items" : {
            "$ref" : "#/definitions/errorDetails_RDO"
          }
        },
        "metaData" : {
          "type" : "object",
          "properties" : {
            "dateFormat" : {
              "type" : "string",
              "example" : "dd/MM/yyyy"
            }
          }
        }
      }
    },
    "errorDetails_RDO" : {
      "type" : "object",
      "properties" : {
        "errorCode" : {
          "type" : "string",
          "description": "Code that defines the reason for the error. It is alphanumeric",
          "example": "SYS9999"
        },
        "errorDesc" : {
          "type" : "string",
          "description": "Details of the exception that has occurred",
          "example": "Technical Error in Interface"
        }
      }
    }
  }
}