{
  "swagger" : "2.0",
  "info" : {
    "title" : "MoneyGram Transfers",
    "description" : "This API is used for fetching the referene data and charges for MoneyGram International Remittance service. The service have several functions such as MoneyGram Lookup, MoneyGram Fee, Money Gram Send Validation, Commit Validation. Refer MoneyGram API Document for more details including Field level information",
    "version" : "2.0.0"
  },
  "host" : "api.bankfab.com",
  "schemes" : [ "https" ],
  "basePath" : "/moneygramservice/v1",
  "consumes" : [ "application/json" ],
  "produces" : [ "application/json" ],
  "paths" : {
    "/lookup" : {
      "post" : {
        "summary" : "Fetches MoneyGram Reference Data",
        "description" : "This service is used to show moneyGram currency and country list to be shown on consumer app",
        "tags" : [ "Fees-And-Reference-Data" ],
        "operationId" : "moneyGramLookUp",
        "parameters" : [ {
          "name" : "body",
          "in" : "body",
          "schema" : {
            "$ref" : "#/definitions/moneyGramLookUpRequest"
          },
          "description" : "moneyGramLookUp Request",
          "required" : true
        } ],
        "responses" : {
          "200" : {
            "description" : "moneyGramLookUp Response",
            "schema" : {
              "$ref" : "#/definitions/moneyGramLookUpResponse"
            }
          },
          "default" : {
            "description" : "Unexpected error",
            "schema" : {
              "$ref" : "#/definitions/Error_AppArea"
            }
          }
        }
      }
    },
    "/product/fields" : {
      "post" : {
        "summary" : "Fetches Fund Transfer product fields",
        "description" : "This service is used to return MoneyGram dynamic fields to Consumers like Wallet, Internet/Mobile Digital channels",
        "tags" : [ "Fees-And-Reference-Data" ],
        "operationId" : "moneyGramTransferProductFields",
        "parameters" : [ {
          "name" : "body",
          "in" : "body",
          "schema" : {
            "$ref" : "#/definitions/moneyGramTransferProductFieldsRequest"
          },
          "description" : "moneyGramTransferProductFields Request",
          "required" : true
        } ],
        "responses" : {
          "200" : {
            "description" : "moneyGramTransferProductFields Response",
            "schema" : {
              "$ref" : "#/definitions/moneyGramTransferProductFieldsResponse"
            }
          },
          "default" : {
            "description" : "Unexpected error",
            "schema" : {
              "$ref" : "#/definitions/Error_AppArea"
            }
          }
        }
      }
    },
    "/fee/fetch" : {
      "post" : {
        "summary" : "Fetches MoneyGram Transfer fee",
        "description" : "This service fetches charge and FX rate for funds transfer using money gram",
        "tags" : [ "Fees-And-Reference-Data" ],
        "operationId" : "getMoneyGramTransferFee",
        "parameters" : [ {
          "name" : "body",
          "in" : "body",
          "schema" : {
            "$ref" : "#/definitions/getMoneyGramTransferFeeRequest"
          },
          "description" : "getMoneyGramTransferFee Request",
          "required" : true
        } ],
        "responses" : {
          "200" : {
            "description" : "getMoneyGramTransferFee Response",
            "schema" : {
              "$ref" : "#/definitions/getMoneyGramTransferFeeResponse"
            }
          },
          "default" : {
            "description" : "Unexpected error",
            "schema" : {
              "$ref" : "#/definitions/Error_AppArea"
            }
          }
        }
      }
    }
  },
  "definitions" : {
    "getMoneyGramTransferFeeRequest" : {
      "type" : "object",
      "properties" : {
        "applicationArea" : {
          "$ref" : "#/definitions/applicationArea"
        },
        "feeLookupRequest" : {
          "$ref" : "#/definitions/feeLookupRequestObject"
        }
      }
    },
    "feeLookupRequestObject" : {
      "type" : "object",
      "properties" : {
        "operatorName" : {
          "type" : "string",
          "description" : "Gives the Agent who is consuming the MoenyGram service",
          "example" : "wallet"
        },
        "amountIncludingFee" : {
          "type" : "string",
          "description" : "Transaction amount including fee",
          "example" : 1500.547
        },
        "amountExcludingFee" : {
          "type" : "string",
          "description" : "Transaction amount excluding fee",
          "example" : 1400.547
        },
        "receiveAmount" : {
          "type" : "string",
          "description" : "Beneficiary Receiving Amount",
          "example" : 2500.547
        },
        "receiveCountry" : {
          "type" : "string",
          "description" : "Beneficiary Country code in ISO 3166 format",
          "example" : "HND"
        },
        "deliveryOption" : {
          "type" : "string",
          "description" : "Money Gram Delivery options to be called out such as BANK_DEPOSIT",
          "example" : "WIL_CALL"
        },
        "rewardsNumber" : {
          "type" : "string",
          "description" : "Sender's Money Gram Rewards number",
          "example" : "109XXXXX321"
        },
        "receiveAgentId" : {
          "type" : "string",
          "description" : "Receiving Agent id",
          "example" : "12345678"
        },
        "receiveCurrency" : {
          "type" : "string",
          "description" : "Receive currency code of the transaction in ISO 4217 format",
          "example" : "INR"
        },
        "sendCurrency" : {
          "type" : "string",
          "description" : "Sender ISO Currency code in ISO 4217 format",
          "example" : "AED"
        },
        "customerReceiveNumber" : {
          "type" : "string",
          "description" : "Receiver registration number that identifies the receiver of the transaction",
          "example" : "+91XXXXXXXXXX"
        },
        "allOptions" : {
          "type" : "string",
          "description" : "if the value is false, for the corresponding deliveryOption and receiveCurrency, MoneyGram returns single result. Else returns for all deliveryOption and receiveCurrencies available to the agent",
	      "example" : true
        },
        "promoCodes" : {
          "description" : "MoneyGram promotional code to apply to the transaction, Max 5 promo code in an array",
          "example" : "10987654321",
          "type" : "array",
          "items" : {
            "$ref" : "#/definitions/promoCodesObject"
          }
        }
      }
    },
    "enumeratedValueInfo" : {
      "type" : "object",
      "properties" : {
        "Value" : {
          "type" : "string"
        },
        "Label" : {
          "type" : "string"
        }
      }
    },
    "promoCodesObject" : {
      "type" : "object",
      "properties" : {
        "promoCode" : {
          "type" : "string"
        }
      }
    },
    "getMoneyGramTransferFeeResponse" : {
      "type" : "object",
      "properties" : {
        "applicationArea" : {
          "$ref" : "#/definitions/applicationArea"
        },
        "responseStatus" : {
          "$ref" : "#/definitions/respStatus_RDO"
        },
        "feeResponse" : {
          "$ref" : "#/definitions/feeResponseObj"
        }
      }
    },
    "feeResponseObj" : {
      "type" : "object",
      "properties" : {
        "validReceiveAmount" : {
          "type" : "string",
          "description" : "If validCurrencyIndicator is true, the value is valid for, and must be presented to, the customer",
          "example" : "987654321.981"
        },
        "validReceiveCurrency" : {
          "type" : "string",
          "description" : "If validCurrencyIndicator is true, the value is valid for, and must be presented to, the customer",
          "example" : "INR"
        },
        "validExchangeRate" : {
          "type" : "string",
          "description" : "Exchange Rate to be presented to the customer",
          "example" : "20.2001"
          
        },
        "estimatedReceiveAmount" : {
          "type" : "string",
          "description" : "Estimated Receive Amount in Receiver Country Currency",
          "example" : 510000
        },
        "estimatedReceiveCurrency" : {
          "type" : "string",
          "description" : "Estimated Receive Country Currency",
          "example" : "INR"
        },
        "estimatedExchangeRate" : {
          "type" : "string",
          "description" : "Estimated Exchange Currency Rate",
          "example" : 19.5687
        },
        "totalAmount" : {
          "type" : "string",
          "description" : "Value is the sum of Send  Amount and Fee Amount;",
          "example" : 50000.874
        },
        "receiveCountry" : {
          "type" : "string",
          "description" : "ISO 3166 country code for Receiver Country",
          "example" : "IND"
        },
        "deliveryOption" : {
          "type" : "string",
          "description" : "Must be a valid delivery option such as WILL_CALL or BANK_TRANSFER",
          "example" : "BANK_TRANSFER"
        },
        "receiveAmountAltered" : {
          "type" : "string",
          "description" : "True when not possible to convert a receive amount in one currency into the exact amount in another currency",
          "example" : true
        },
        "speedOfDeliveryText" : {
          "type" : "string",
          "description" : "Text for Speed of Delivery",
          "example" : "Same Day"
        },
        "revisedInformationalFee" : {
          "type" : "string",
          "description" : "If Fee is Revised, then value of this field will be true else value will be false",
          "example" : false
        },
        "deliveryOptId" : {
          "type" : "string",
          "description" : "Delivery option id for Money Gram Service",
          "example" : 10
        },
        "deliveryOptDisplayName" : {
          "type" : "string",
          "description" : "a description of the delivery option for the end user",
          "example" : "Account Deposit"
        },
        "regAuthText" : {
          "type" : "string",
          "description" : "Field is not currently used",
          "example" : ""
        },
        "receiveAgentId" : {
          "type" : "string",
          "description" : "Receive Agent Id",
          "example" : 69184158
        },
        "receiveAgentName" : {
          "type" : "string",
          "description" : "Receive Agent Name",
          "example" : "AGENT NAME"
        },
        "receiveAgentAbbreviation" : {
          "type" : "string",
          "description" : "Used with deliveryOptDisplayName to provide a description of the delivery option for the end user",
          "example" : "OCCIDENTE"
        },
        "mgManaged" : {
          "type" : "string",
          "description" : "Delivery Option requires RRN based on the value selected for this field. Valid values: Optional, Not Allowed, Required",
          "example" : "required"
        },
        "disclosureText " : {
          "type" : "string",
          "description" : "Disclosure info when taxes and fees can't be determined",
          "example" : "BANCO CREDOMATIC"
        },
        "mgiTransactionSessionId" : {
          "type" : "string",
          "description" : "An ID number that uniquely identifies the send transaction across APIs.",
          "example" : "9708707E1445030786378NN"
        },
        "sendAmountAltered" : {
          "type" : "string",
          "description" : "Indicates whether the send amount was modified from the original quote",
          "example" : 1500
        },
        "additionalInfoText" : {
          "type" : "string",
          "description" : "Additional information to provide to the user about the option",
          "example" : "Money Gram Transfer"
        },
        "promotionInfo" : {
          "type" : "array",
          "items" : {
            "$ref" : "#/definitions/promotionInfoObj"
          }
        },
        "sendAmounts" : {
          "$ref" : "#/definitions/sendAmountsObj"
        },
        "receiveAmounts" : {
          "$ref" : "#/definitions/receiveAmountsObj"
        }
      }
    },
    "receiveAmountsObj" : {
      "type" : "object",
      "properties" : {
        "amount" : {
          "type" : "string"
        },
        "currency" : {
          "type" : "string",
          "description" : "Beneficiary Currency in ISO 4217 format",
          "example" : "IND"
        },
        "validCurrencyIndicator" : {
          "type" : "string",
          "description" : "If true, validReceiveAmount, validReceiveCurrency, and validExchangeRate are used to calculate the final payout amount",
          "example" : true
        },
        "payoutCurrency" : {
          "type" : "string",
          "description" : "Payment Currency by the Receiver, Must be a valid currency code in ISO 4217 format",
          "example" : "USD"
        },
        "totalFees" : {
          "type" : "string",
          "description" : "Total fees charged to the receiver by MoneyGram, agents, government entity, etc",
          "example" : 25
        },
        "totalTaxes" : {
          "type" : "string",
          "description" : "Total taxes charged to the receiver by MoneyGram, agents, government entity etc",
          "example" : 30
        },
        "totalAmount" : {
          "type" : "string",
          "description" : "Receive amount minus any receive fees/taxes",
          "example" : 1000
        },
        "receiveFeesAreEstimated" : {
          "type" : "string",
          "description" : "Indicates whether the receive-side Fee are estimates",
          "example" : true
        },
        "receiveTaxesAreEstimated" : {
          "type" : "string",
          "description" : "Indicates whether the receive-side taxes are estimates",
          "example" : true
        },
        "detailEstimatedReceiveAmounts" : {
          "type" : "array",
          "items" : {
            "$ref" : "#/definitions/detailSendAmountsObj"
          }
        }
      }
    },
    "sendAmountsObj" : {
      "type" : "object",
      "properties" : {
        "amount" : {
          "type" : "string",
          "description" : "Send Amount",
          "example" : 5000
        },
        "currency" : {
          "type" : "string",
          "description" : "Send Amount ISO Currency Code in ISO 4217 format",
          "example" : "AED"
        },
        "totalFees" : {
          "type" : "string",
          "description" : "Sum of discountedMGIFee and nonMGISendFee. Total of all fees charged to sender by MoneyGram, agents, etc.",
          "example" : 50
        },
        "totalDiscountAmount" : {
          "type" : "string",
          "description" : "Discount amount applied to nonDiscountedFeeExclTax.",
          "example" : 10
        },
        "totalTaxes" : {
          "type" : "string",
		  "description" : "Total Taxes for the Remittance",
          "example" : 10
        },
        "totalAmountToCollect" : {
          "type" : "string",
          "description" : "Total of all fees, taxes, and the send amount",
          "example" : 5060
        },
        "detailAmounts" : {
          "type" : "array",
          "items" : {
            "$ref" : "#/definitions/detailSendAmountsObj"
          }
        }
      }
    },
    "detailSendAmountsObj" : {
      "type" : "object",
      "properties" : {
        "amountType" : {
          "type" : "string",
          "description" : "The type of fee or tax",
          "example" : "mgiNonDiscountedSendFee,"
        },
        "amount" : {
          "type" : "string",
          "description" : "Send Amount in Decimal",
          "example" : 5000
        },
        "amountCurrency" : {
          "type" : "string",
          "description" : "ISO Currency code in ISO 4217 format for Send Amount",
          "example" : "AED"
        }
      }
    },
    "promotionInfoObj" : {
      "type" : "object",
      "properties" : {
        "promotionCode" : {
          "type" : "string",
          "description" : "Promotion code by Money Gram",
          "example" : "MG50"
        },
        "promotionDiscountCode" : {
          "type" : "string",
          "description" : "The code used to identify the type of discount such as percent off or flat off.",
          "example" : "03"
        },
        "promotionCategoryCode" : {
          "type" : "string",
          "description" : "The code used to identify the promotion category",
          "example" : "01"
        },
        "promotionDiscount" : {
          "type" : "string",
          "description" : "The promotion's discount value.",
          "example" : "200"
        },
        "promotionDiscountAmount" : {
          "type" : "string",
          "description" : "The discount amount applied to nonDiscountedFeeExclTax",
          "example" : "150"
        },
        "promotionErrorCode" : {
          "type" : "string",
          "description" : "The error code returned if the promotion code was invalid",
          "example" : "PER1"
        },
        "promotionErrorMessage" : {
          "type" : "array",
          "items" : {
            "$ref" : "#/definitions/promotionErrorMessageObj"
          }
        }
      }
    },
    "promotionErrorMessageObj" : {
      "type" : "object",
      "properties" : {
        "longLanguageCode" : {
          "type" : "string",
          "description" : "The language of the promotional message.",
          "example" : "ENG"
        },
        "textTranslation" : {
          "type" : "string",
          "description" : "The translated promotional message.",
          "example" : "Translated Text max 2000 chars"
        }
      }
    },
    "moneyGramLookUpRequest" : {
      "type" : "object",
      "properties" : {
        "applicationArea" : {
          "$ref" : "#/definitions/applicationArea"
        }
      }
    },
    "moneyGramLookUpResponse" : {
      "type" : "object",
      "properties" : {
        "applicationArea" : {
          "$ref" : "#/definitions/applicationArea"
        },
        "responseStatus" : {
          "$ref" : "#/definitions/respStatus_RDO"
        },
        "dataAreaMoneyGramLookUpRes" : {
          "$ref" : "#/definitions/dataAreaMoneyGramLookUpResObj"
        }
      }
    },
    "dataAreaMoneyGramLookUpResObj" : {
      "type" : "object",
      "properties" : {
        "doCheckIn" : {
          "type" : "string",
          "description" : "MoneyGram Lookup Do Check in",
          "example" : false
        },
        "timeStamp" : {
          "type" : "string",
          "description" : "time stamp in ISO 8601 YYYY-MM-DD HH : MM: SS format",
          "example" : "2017-12-6 00:22:16"          
        },
        "flags" : {
          "type" : "string",
          "description" : "Flag Type",
          "example" : 16
        },
        "version" : {
          "type" : "string",
          "description" : "version",
          "example" : "20200225032612"
        },
        "stateProvinceInfo" : {
          "type" : "array",
          "items" : {
            "$ref" : "#/definitions/stateProvinceInfoObject"
          }
        },
        "countryInfo" : {
          "type" : "array",
          "items" : {
            "$ref" : "#/definitions/countryInfoObject"
          }
        },
        "currencyInfo" : {
          "type" : "array",
          "items" : {
            "$ref" : "#/definitions/currencyInfoObject"
          }
        },
        "countryCurrencyInfo" : {
          "type" : "array",
          "items" : {
            "$ref" : "#/definitions/countryCurrencyInfoObject"
          }
        },
        "deliveryOptionInfo" : {
          "type" : "array",
          "items" : {
            "$ref" : "#/definitions/deliveryOptionInfoObject"
          }
        },
        "rewardsInfo" : {
          "type" : "array",
          "items" : {
            "$ref" : "#/definitions/rewardsInfoObject"
          }
        },
        "rewardsCardTypeInfo" : {
          "type" : "array",
          "items" : {
            "$ref" : "#/definitions/rewardsCardTypeInfoObject"
          }
        },
        "rewardsRegistrationInfo" : {
          "type" : "array",
          "items" : {
            "$ref" : "#/definitions/rewardsRegistrationInfoObject"
          }
        }
      }
    },
    "moneyGramTransferProductFieldsRequest" : {
      "type" : "object",
      "properties" : {
        "applicationArea" : {
          "$ref" : "#/definitions/applicationArea"
        },
        "dataAreaMoneyGramTransferProductFields" : {
          "$ref" : "#/definitions/dataAreaMoneyGramTransferProductFieldsObject"
        }
      }
    },
    "dataAreaMoneyGramTransferProductFieldsObject" : {
      "type" : "object",
      "properties" : {
        "receiveCountry" : {
          "type" : "string",
		  "description" : "ISO 3166 country code for Receiver Country",
          "example" : "IND"
        },
        "deliveryOption" : {
          "type" : "string",
		  "description" : "Must be a valid delivery option such as WILL_CALL or BANK_TRANSFER",
          "example" : "BANK_TRANSFER"
        },
        "allOptions" : {
          "type" : "string",
		  "description" : "if the value is false, for the corresponding deliveryOption and receiveCurrency, MoneyGram returns single result. Else returns for all deliveryOption and receiveCurrencies available to the agent",
	      "example" : true
        },
        "thirdPartyType" : {
          "type" : "string",
		  "description" : "If the transaction is being sent on behalf of someone other than the sender is Organization or PERSON",
          "example" : "ORG"
        },
        "receiveCurrency" : {
          "type" : "string",
		  "description" : "Receive currency code of the transaction in ISO 4217 format",
          "example" : "INR"
        },
        "sendAmount" : {
          "type" : "string",
		  "description" : "Transaction amount to be remitted in the Sender Currency Amount",
          "example" : "50000"
        },
        "sendCurrency" : {
          "type" : "string",
		  "description" : "Send amount currency code of the transaction in ISO 4217 format",
          "example" : "AED"
        },
        "productType" : {
          "type" : "string",
		  "description" : "MoneyGram Product Type. Valid valuee are SEND",
          "example" : "SEND"
        },
        "consumerId" : {
          "type" : "string",
		  "description" : "Consumer Id value returned by the moneyGramConsumerLookupResponse",
          "example" : "987XXX876"		  
        }
      }
    },
    "moneyGramTransferProductFieldsResponse" : {
      "type" : "object",
      "properties" : {
        "applicationArea" : {
          "$ref" : "#/definitions/applicationArea"
        },
        "responseStatus" : {
          "$ref" : "#/definitions/respStatus_RDO"
        },
        "dataAreaMoneyGramTransferProductFieldsRes" : {
          "$ref" : "#/definitions/dataAreaMoneyGramTransferProductFieldsResObject"
        }
      }
    },
    "dataAreaMoneyGramTransferProductFieldsResObject" : {
      "type" : "object",
      "properties" : {
        "fqdoInfo" : {
          "type" : "array",
          "items" : {
            "$ref" : "#/definitions/fqdoInfoObject"
          }
        },
        "productFieldInfo" : {
          "type" : "array",
          "items" : {
            "$ref" : "#/definitions/productFieldInfoObject"
          }
        },
        "dynamicFieldInfo" : {
          "type" : "array",
          "items" : {
            "$ref" : "#/definitions/dynamicFieldInfoObject"
          }
        }
      }
    },
    "stateProvinceInfoObject" : {
      "type" : "object",
      "properties" : {
        "countryCode" : {
          "type" : "string",
          "description" : "ISO 3166 country code for Receiver",
          "example" : "CAN"
        },
        "stateProvinceCode" : {
          "type" : "string",
          "description" : "Province code of Receiver",
          "example" : "NB"
        },
        "stateProvinceName" : {
          "type" : "string",
          "description" : "Name of Province of Receiver",
          "example" : "NEW BRUNSWICK"
        }
      }
    },
    "fqdoInfoObject" : {
      "type" : "object",
      "properties" : {
        "receiveCountry" : {
          "type" : "string",
          "description" : "ISO 3166 country code for Receive Country",
          "example" : "IND"
        },
        "deliveryOption" : {
          "type" : "string",
          "description" : "MoneyGram Delivery Option",
          "example" : "WILL_CALL"
        },
        "receiveCurrency" : {
          "type" : "string",
          "description" : "ISO 3166 country code for Receiving Currency",
          "example" : "USD"
        },
        "receiveAgentId" : {
          "type" : "string",
          "description" : "Receiving Agent Id",
          "example" : "WLT001"
        }
      }
    },
    "currencyInfoObject" : {
      "type" : "object",
      "properties" : {
        "currencyCode" : {
          "type" : "string",
          "description" : "Currency Code in ISO 4217 format",
          "example" : "MXN"
        },
        "currencyName" : {
          "type" : "string",
          "description" : "MEXICAN PESO",
          "example" : "USD"
        },
        "currencyPrecision" : {
          "type" : "string",
          "description" : "Currency precision for selected country",
          "example" : 2
        }
      }
    },
    "rewardsCardTypeInfoObject" : {
      "type" : "object",
      "properties" : {
        "cardType" : {
          "type" : "string",
          "description" : "Rewards Type",
          "example" : "MGR"
        },
        "description" : {
          "type" : "string",
          "description" : "Rewards Description",
          "example" : "MoneyGram Rewards"
        }
      }
    },
    "rewardsRegistrationInfoObject" : {
      "type" : "object",
      "properties" : {
        "country" : {
          "type" : "string",
          "description" : "Reward Program Country",
          "example" : "ARE"
        },
        "programType" : {
          "type" : "string",
          "description" : "Reward Program Type",
          "example" : "AR1"
        },
        "allowPrePrintedCards" : {
          "type" : "string",
          "description" : "Allow Pre Printed Cards",
          "example" : false
        },
        "allowStandardCards" : {
          "type" : "string",
          "description" : "Allow Standard Cards",
          "example" : true
        }
      }
    },
    "dynamicFieldInfoObject" : {
      "type" : "object",
      "properties" : {
        "xmlTag" : {
          "type" : "string",
          "description" : "Operator Name",
          "example" : "operatorName"
        },
        "visibility" : {
          "type" : "string",
          "description" : "Visibility",
          "example" : "SUP_OPT"
        },
        "fieldMax" : {
          "type" : "string",
          "description" : "Field Max",
          "example" : "7"
        },
        "fieldMin" : {
          "type" : "string",
          "description" : "Field Min",
          "example" : "0"
        },
        "scale" : {
          "type" : "string",
          "description" : "The number of places allowed after the decimal point.",
          "example" : 10
        },
        "dataType" : {
          "type" : "string",
          "description" : "Data Types Valid values: boolean, cntrycode, date, datetime, decimal, enum, int, string, stringbool, text, time",
          "example" : "boolean"
        },
        "fieldLabel" : {
          "type" : "string",
          "description" : "Operator Name",
          "example" : "operatorName"
        },
        "displayOrder" : {
          "type" : "string",
          "description" : "Display Order",
          "example" : "1"
        },
        "enumerated" : {
          "type" : "string",
          "description" : "enumerated",
          "example" : "false"
        },
        "defaultValue" : {
          "type" : "string",
          "description" : "Default Value",
          "example" : ""
        },
        "validationRegEx" : {
          "type" : "string",
          "description" : "A regular expression used to validate the field's value.",
          "example" : ""
        },
        "exampleFormat" : {
          "type" : "string",
          "description" : "example format",
          "example" : "example"
        },
        "enumeratedValues" : {
          "type" : "array",
          "items" : {
            "$ref" : "#/definitions/enumeratedValueInfo"
          }
        }
      }
    },
    "productFieldInfoObject" : {
      "type" : "object",
      "properties" : {
        "xmlTag" : {
          "type" : "string"
        },
        "visibility" : {
          "type" : "string",
          "description" : "Visibility",
          "example" : "SUP_OPT"
        },
        "fieldLabel" : {
          "type" : "string",
          "description" : "example format",
          "example" : "pcTerminalNumber"
        },
        "displayOrder" : {
          "type" : "string",
          "description" : "Display Order",
          "example" : "2"
        },
        "fieldCategory" : {
          "type" : "string",
          "description" : "Field Category",
          "example" : "Operational"
        },
        "dynamic" : {
          "type" : "string",
          "description" : "If true, the field is dynamic and not included in the XML schema for the API, and its name and value must be provided as a fieldValue field",
          "example" : false
        },
        "fieldMax" : {
          "type" : "string",
          "description" : "Field Max",
          "example" : 10
        },
        "fieldMin" : {
          "type" : "string",
          "description" : "Field Min",
          "example" : 1
        },
        "dataType" : {
          "type" : "string",
          "description" : "Valid values: boolean, cntrycode, date, datetime, decimal, enum, int, string, stringbool, text, time",
          "example" : "enum"
        },
        "enumerated" : {
          "type" : "string",
          "description" : "If value is true, the field is restricted to a list of values",
          "example" : false
        },
        "defaultValue" : {
          "type" : "string",
          "description" : "Default Value",
          "example" : "MoneyGram"
        },
        "validationRegEx" : {
          "type" : "string",
          "description" : "A regular expression used to validate the field's value",
          "example" : ""
        },
        "arrayName" : {
          "type" : "string",
          "description" : "The xml tag of the array.",
          "example" : ""
        },
        "arrayLength" : {
          "type" : "string",
          "description" : "1 means the field is not an array and must only contain a value",
          "example" : "-1"
        },
        "exampleFormat" : {
          "type" : "string",
          "description" : "Format",
          "example" : ""
        },
        "enumeratedValues" : {
          "type" : "array",
          "items" : {
            "$ref" : "#/definitions/enumeratedValueInfo"
          }
        }
      }
    },
    "rewardsInfoObject" : {
      "type" : "object",
      "properties" : {
        "programType" : {
          "type" : "string",
          "description" : "Reward Program Type",
          "example" : "AR1"
        },
        "name" : {
          "type" : "string",
          "description" : "Reward Program Name",
          "example" : "International Loyalty for UAE"
        },
        "description" : {
          "type" : "string",
          "description" : "Reward Program Description",
          "example" : "5% Fixed Discount For UAE"
        }
      }
    },
    "deliveryOptionInfoObject" : {
      "type" : "object",
      "properties" : {
        "dssOption" : {
          "type" : "string",
          "description" : "Delivery Option",
          "example" : false
        },
        "deliveryOptionId" : {
          "type" : "string",
          "description" : "Delivery Option Id",
          "example" : "0"
        },
        "deliveryOption" : {
          "type" : "string",
          "description" : "Delivery Option",
          "example" : "24_HOUR"
        },
        "deliveryOptionName" : {
          "type" : "string",
          "description" : "Delivery Option Name",
          "example" : "24 Hour Service"
        }
      }
    },
    "countryCurrencyInfoObject" : {
      "type" : "object",
      "properties" : {
        "countryCode" : {
          "type" : "string",
          "description" : "ISO 3166 country code",
          "example" : "ARE"
        },
        "baseCurrency" : {
          "type" : "string",
          "description" : "base currency code of the transaction in ISO 4217 format",
          "example" : "USD"
        },
        "localCurrency" : {
          "type" : "string",
          "description" : "Local currency code of the transaction in ISO 4217 format",
          "example" : "AED"
        },
        "receiveCurrency" : {
          "type" : "string",
          "description" : "Receive currency code of the transaction in ISO 4217 format",
          "example" : "INR"
        },
        "indicativeRateAvailable" : {
          "type" : "string",
          "description" : "Flag for Indicative Rate Availability",
          "example" : true
        },
        "deliveryOption" : {
          "type" : "string",
          "description" : "Delivery Option of Money Gram Service",
          "example" : "WILL_CALL"
        },
        "receiveAgentId" : {
          "type" : "string",
          "description" : "Receive Agent Id",
          "example" : 69184158
        },
        "receiveAgentAbbreviation" : {
          "type" : "string",
          "description" : "Used with deliveryOptDisplayName to provide a description of the delivery option for the end user",
          "example" : "Credomatic"
        },
        "mgManaged" : {
          "type" : "string",
          "description" : "Delivery Option requires RRN based on the value selected for this field. Valid values: Optional, Not Allowed, Required",
          "example" : "required"
        },
        "agentManaged" : {
          "type" : "string",
          "description" : "Agent Managed",
          "example" : ""
        },
        "validationExprs" : {
          "type" : "string",
          "description" : "Validation Exprs",
          "example" : ""
        },
        "checkDigitAlg" : {
          "type" : "string",
          "description" : "Check DigitAlg",
          "example" : ""
        }
      }
    },
    "countryInfoObject" : {
      "type" : "object",
      "properties" : {
        "countryCode" : {
          "type" : "string",
          "description" : "ISO 3166 Country code",
          "example" : "ZWE"
        },
        "countryName" : {
          "type" : "string",
          "description" : "Country Name",
          "example" : "ZIMBABWE"
        },
        "countryLegacyCode" : {
          "type" : "string",
          "description" : "Country Legacy Code",
          "example" : "RH"
        },
        "sendActive" : {
          "type" : "string",
          "description" : "Send Active",
          "example" : true
        },
        "receiveActive" : {
          "type" : "string",
          "description" : "The agent application must check code tables and only display countries for which receiveActive in the countryInfo",
          "example" : true
        },
        "directedSendCountry" : {
          "type" : "string",
          "description" : "Direct Send Country",
          "example" : true
        },
        "mgDirectedSendCountry" : {
          "type" : "string",
          "description" : "Direct Send Country flag",
          "example" : true
        },
        "baseReceiveCurrency" : {
          "type" : "string",
          "description" : "Base Receive ISO 3166 Country code",
          "example" : "USD"
        }
      }
    },
    "applicationArea" : {
      "type" : "object",
      "required" : [ "correlationId", "countryOfOrigin", "transactionDateTime", "transactionId" ],
      "properties" : {
        "correlationId" : {
          "type" : "string",
          "description": "Unique identifier used for identifying the transaction lifecycle",
          "example": "123DEFG89"
        },
        "countryOfOrigin" : {
          "type" : "string",
          "minLength" : 2,
          "maxLength" : 2,
          "description" : "ISO 3166 2 digit Country Code",
          "example" : "AE"
        },
        "creationDateTime" : {
          "type" : "string",
          "format" : "date-time",
          "description" : "Transaction date in ISO 8601 YYYY-MM-DD HH : MM: SS format"
        },
        "interfaceID" : {
          "type" : "string",
          "description": "Logical reference of the Interface that intiated the service. This is an optional field",
          "example": ""
        },
        "requiredExecutionDate" : {
          "type" : "string",
          "format" : "date-time",
          "description" : "Execution Date and Time in ISO 8601 YYYY-MM-DD HH : MM: SS format"
        },
        "senderUserId" : {
          "type" : "string",
          "description": "Sender's User ID. Information about a user who has initiated the transaction",
          "example": ""
        },
        "senderBranchId" : {
          "type" : "string",
          "description": "Sender's Branch ID. Information about a user who has initiated the transaction",
          "example": ""
        },
        "senderId" : {
          "type" : "string",
          "description": "Unique identification for the consumer. This will be agreed by Service owner at the time of setup. It will need to be passed in all requests",
          "example": "MOB"
        },
        "transactionDateTime" : {
          "type" : "string",
          "format" : "date-time",
          "description" : "The data and time the request is initiated in ISO 8601 format: YYYY-MM-DDTHH:MM:SS:sssZ"
        },
        "transactionId" : {
          "type" : "string",
          "example" : "WLT1254378DEFG",
          "description" : "Unique transaction reference id assigned by the Sender to identify the message"
        },
        "transactionTimeZone" : {
          "type" : "string",
          "description" : "Timezone in which transaction is initiated",
          "example" : "AST_ABU_DHABI_MUSTCAT"
        },
        "senderAuthorizationID" : {
          "type" : "string",
          "description" : "Identification of the Authorizer who has authorized the transaction. This is an optional field",
          "example" : "USER101"
        },
        "senderReferenceID" : {
          "type" : "string",
          "description" : "Reference ID from Sender to identify the event that cause the service invocation. This is an optional field",
          "example" : "REFID123"
        },
        "senderAuthorizationComments" : {
          "type" : "string",
          "description" : "Comments of the Authorizer on authorizing the transaction. This is an optional field",
          "example" : ""
        },
        "language" : {
          "type" : "string",
          "description" : "Language",
          "example" : "EN"
        }
      }
    },
    "Error_AppArea" : {
      "type" : "object",
      "properties" : {
        "applicationArea" : {
          "$ref" : "#/definitions/applicationArea"
        },
        "responseStatus" : {
          "$ref" : "#/definitions/respStatus_RDO"
        }
      }
    },
    "respStatus_RDO" : {
      "type" : "object",
      "properties" : {
        "status" : {
          "type" : "string",
          "description" : "Response Status. Values - SUCCESS/ERROR/WARNING",
          "example" : "SUCCESS"
        },
        "statusMessage" : {
          "type" : "string",
		  "description" : "Status Description",
          "example" : "Successful"
        },
        "errorDetails" : {
          "type" : "array",
          "items" : {
            "$ref" : "#/definitions/errorDetails_RDO"
          }
        },
        "metaData" : {
          "type" : "object",
          "properties" : {
            "dateFormat" : {
              "type" : "string",
              "example" : "2017-12-6 00:22:16",
			  "description" :"Transaction date in ISO 8601 YYYY-MM-DD HH : MM: SS format"
			  
            }
          }
        }
      }
    },
    "errorDetails_RDO" : {
      "type" : "object",
      "properties" : {
        "errorCode" : {
          "type" : "string",
          "description": "Code that defines the reason for the error. It is alphanumeric",
          "example": "SYS9999"
        },
        "errorDesc" : {
          "type" : "string",
          "description": "Details of the exception that has occurred",
          "example": "Technical Error in Interface"
        }
      }
    }
  }
}