{
	"swagger": "2.0",
	"info": {
		"description": "Product Recommendations service gets the Customer eligible products from SiteCore system based on the Customer location and personal prodile details like Monthly Salary, location and lifestyle like travel, dining, shopping, cashback etc",
		"version": "1.0.0",
		"title": "Product Recommendation"
	},
	"host": "api.bankfab.com",
	"basePath": "/products/v1",
	"schemes": [
		"https"
	],
	"paths": {
		"/cards/byId": {
			"post": {
				"tags": [
					"getCardRecommendationById"
				],
				"summary": "Get Card Recommendation by Id",
				"description": "This service is used to get predefined specific card by Id and language. ",
				"operationId": "getCardRecommendationById",
				"parameters": [
					{
						"name": "Authorization",
						"in": "header",
						"required": false,
						"type": "string",
						"default": "Bearer {token}"
					},
					{
						"in": "body",
						"name": "getCardRecommendationById",
						"description": "Input parameters for the service",
						"required": false,
						"schema": {
							"$ref": "#/definitions/CardsByIdRequest"
						}
					}
				],
				"responses": {
					"200": {
						"description": "OK",
						"schema": {
							"$ref": "#/definitions/CardBenefitsByIdResponse"
						}
					},
					"400": {
						"description": "Bad Request",
						"schema": {
							"$ref": "#/definitions/ErrorDefinition"
						}
					},
					"500": {
						"description": "Internal Server Error",
						"schema": {
							"$ref": "#/definitions/ErrorDefinition"
						}
					}
				}
			}
		},
		"/cards/search": {
			"post": {
				"tags": [
					"getCardRecommendationByFilter"
				],
				"summary": "Get Card Recommendation By Filter",
				"description": "This service is used to get top 3 suggested cards based on area, salary, lifestyle filters, and language",
				"operationId": "getCardRecommendationByFilter",
				"consumes": [
					"application/json"
				],
				"produces": [
					"application/json"
				],
				"parameters": [
					{
						"name": "Authorization",
						"in": "header",
						"required": false,
						"type": "string",
						"default": "Bearer {token}"
					},
					{
						"in": "body",
						"name": "getCardRecommendationByFilter",
						"description": "Input parameters for the service",
						"required": false,
						"schema": {
							"$ref": "#/definitions/CardsByFilterRequest"
						}
					}
				],
				"responses": {
					"200": {
						"description": "OK",
						"schema": {
							"$ref": "#/definitions/CardsByFilterResponse"
						}
					},
					"400": {
						"description": "Bad Request",
						"schema": {
							"$ref": "#/definitions/ErrorDefinition"
						}
					},
					"500": {
						"description": "Internal Server Error",
						"schema": {
							"$ref": "#/definitions/ErrorDefinition"
						}
					}
				}
			}
		}
	},
	"definitions": {
		"errorDetails_RDO": {
			"type": "object",
			"properties": {
				"errorCode": {
					"type": "string",
					"description": "Error Code",
					"example": "200"
				},
				"errorDesc": {
					"type": "string",
					"description": "Error Description",
					"example": "OK"
				}
			}
		},
		"CardFilter_RDO": {
			"type": "object",
			"properties": {
				"area": {
					"type": "string",
					"description": "Customer Location",
					"example": "Dubai"
				},
				"salary": {
					"type": "string",
					"format": "double",
					"description": "Customer Monthly Salary",
					"example": 50000.00
				},
				"lifestyleFilters": {
					"type": "array",
					"items": {
						"type": "string",
						"description": "Lifestyle Details",
						"example": "TRAVEL,DINING,SHOPPING"
					}
				}
			}
		},
		"ErrorDefinition": {
			"type": "object",
			"properties": {
				"applicationArea": {
					"$ref": "#/definitions/applicationArea"
				},
				"responseStatus": {
					"$ref": "#/definitions/responseStatus_RDO"
				}
			}
		},
		"CardBenefitsArray_RDO": {
			"type": "object",
			"properties": {
				"cardBenefits": {
					"type": "array",
					"items": {
						"$ref": "#/definitions/CardBenefits_RDO"
					}
				}
			}
		},
		"CardsByIdRequest": {
			"type": "object",
			"properties": {
				"applicationArea": {
					"$ref": "#/definitions/applicationArea"
				},
				"dataArea": {
					"$ref": "#/definitions/CardQuery_RDO"
				}
			}
		},
		"CardRecommendations_RDO": {
			"type": "object",
			"properties": {
				"title": {
					"type": "string",
					"description": "Tile of the Product/Card",
					"example": "Platinum Credit Card"
				},
				"shortDescription": {
					"type": "string",
					"description": "Short Description",
					"example": "2 airport transfers every year, Discounts on cinema tickets, Loyalty benefits"
				},
				"cardId": {
					"type": "string",
					"description": "Credit Card Id",
					"example": "D56FF8BC3XXXXXXXB"
				},
				"cardBIN": {
					"type": "string",
					"description": "Credit Card Bin",
					"example": "43419"
				}
			}
		},
		"responseStatus_RDO": {
			"type": "object",
			"properties": {
				"status": {
					"type": "string",
					"description": "service status SUCCESS/ERROR/WARNING"
				},
				"errorDetails": {
					"type": "array",
					"items": {
						"$ref": "#/definitions/errorDetails_RDO"
					}
				}
			}
		},
		"CardQuery_RDO": {
			"type": "object",
			"properties": {
				"cardId": {
					"type": "string",
					"description": "Credit Card id",
					"example": "D56FF8BC3XXXXXXXB"
				}
			}
		},
		"CardRecommendationsArray_RDO": {
			"type": "object",
			"properties": {
				"cards": {
					"type": "array",
					"items": {
						"$ref": "#/definitions/CardRecommendations_RDO"
					}
				}
			}
		},
		"CardsByFilterRequest": {
			"type": "object",
			"properties": {
				"applicationArea": {
					"$ref": "#/definitions/applicationArea"
				},
				"dataArea": {
					"$ref": "#/definitions/CardFilter_RDO"
				}
			}
		},
		"CardBenefits_RDO": {
			"type": "object",
			"properties": {
				"cardId": {
					"type": "string",
					"description": "Credit Card Id",
					"example": "D56FF8BC3XXXXXXXB"
				},
				"cardBIN": {
					"type": "string",
					"description": "Credit Card Bin",
					"example": "4341"
				},
				"description": {
					"type": "string",
					"description": "Product Description",
					"example": "MOVIE TICKETS FROM JUST AED 15. A great offering for all movie buffs! FAB Platinum Credit Cardholders can enjoy 4 movie tickets per month at AED 15 during weekdays and AED 20 during weekends with Reel Cinemas, Cine Royal and Oscar Cinema."
				},
				"highlights": {
					"type": "array",
					"items": {
						"$ref": "#/definitions/Highlights_RDO"
					}
				},
				"benefits": {
					"type": "array",
					"items": {
						"$ref": "#/definitions/Highlights_RDO"
					}
				}
			}
		},
		"CardsByFilterResponse": {
			"type": "object",
			"properties": {
				"applicationArea": {
					"$ref": "#/definitions/applicationArea"
				},
				"dataArea": {
					"$ref": "#/definitions/CardRecommendationsArray_RDO"
				},
				"responseStatus": {
					"$ref": "#/definitions/responseStatus_RDO"
				}
			}
		},
		"applicationArea": {
			"type": "object",
			"required": [
				"countryOfOrigin",
				"senderId",
				"transactionDateTime",
				"transactionId"
			],
			"properties": {
				"correlationId": {
					"type": "string",
               		"description": "Unique identifier used for identifying the transaction lifecycle",
					"example": "1234567890"
				},
				"countryOfOrigin": {
					"type": "string",
          			"description": "Country of origination of the request. ISO 3166 country codes in two bytes format",
					"minLength": 2,
					"maxLength": 2,
					"example": "AE"
				},
				"creationDateTime": {
					"type": "string",
					"format": "date-time",
          			"description": "Creation date of the service in ISO 8601 YYYY-MM-DDTHH:MM:SS:sssZ format. This is an optional field",
					"example": "2017-07-21T17:32:28Z"
				},
				"interfaceID": {
					"type": "string",
          			"description": "Logical reference of the Interface that intiated the service. This is an optional field",
					"example": "MOB"
				},
				"requiredExecutionDate": {
					"type": "string",
          			"format" : "date-time",
         			"description": "Date on which the transaction needs to be actually posted in ISO 8601 YYYY-MM-DDTHH:MM:SS:sssZ format. This is an optional field"
				},
				"senderUserId": {
					"type": "string",
          			"description": "Sender's User ID. Information about a user who has initiated the transaction",
					"example": "IBMBUSER"
				},
				"senderBranchId": {
					"type": "string",
          			"description": "Sender's Branch ID. Information about a user who has initiated the transaction",
					"example": ""
				},
				"senderId": {
					"type": "string",
          			"description": "Unique identification for the consumer. This will be agreed by Service owner at the time of setup. It will need to be passed in all requests",
          			"example": "MOB"
				},
				"senderLocation": {
					"type": "string",
					"description": "Sender Location",
					"example": "Dubai"
				},
				"transactionDateTime": {
					"type": "string",
					"format": "date-time",
					"description": "Transaction Date Time in UTC format",
					"example": "2017-07-21T17:32:28Z"
				},
				"transactionId": {
					"type": "string",
          			"example" : "WLT1254378DEFG",
          			"description" : "Unique transaction reference id assigned by the Sender to identify the message"
				},
				"transactionTimeZone": {
					"type": "string",
          			"description": "Timezone in which transaction is initiated",
					"example": "GMT+4"
				},
				"senderAuthorizationID": {
					"type": "string",
          			"description" : "Identification of the Authorizer who has authorized the transaction. This is an optional field",
					"example": ""
				},
				"senderReferenceID": {
					"type": "string",
          			"description" : "Reference ID from Sender to identify the event that cause the service invocation. This is an optional field",
					"example": ""
				},
				"senderAuthorizationComments": {
					"type": "string",
          			"description" : "Comments of the Authorizer on authorizing the transaction. This is an optional field",
					"example": ""
				},
				"language": {
					"type": "string",
					"description": "Language",
					"example": "EN"
				}
			}
		},
		"CardBenefitsByIdResponse": {
			"type": "object",
			"properties": {
				"applicationArea": {
					"$ref": "#/definitions/applicationArea"
				},
				"dataArea": {
					"$ref": "#/definitions/CardBenefitsArray_RDO"
				},
				"responseStatus": {
					"$ref": "#/definitions/responseStatus_RDO"
				}
			}
		},
		"Highlights_RDO": {
			"type": "object",
			"properties": {
				"title": {
					"type": "string",
					"description": "Title",
					"example": "Platinum Credit Card"
				},
				"shortDescription": {
					"type": "string",
					"description": "Short Description",
					"example": "2 airport transfers every year, Discounts on cinema tickets, Loyalty benefits"
				},
				"benefits": {
					"type": "array",
					"items": {
						"type": "string",
						"description": "Benefits",
						"example": ["BUY 1 GET 1 FREE ON VOX CINEMA TICKETS Buy a ticket to any Sunday showing at UAE Vox Cinemas and get another ticket free! Learn more.","MOVIE TICKETS FROM JUST AED 15 A great offering for all movie buffs! FAB Platinum Credit Cardholders can enjoy 4 movie tickets per month at AED 15 during weekdays and AED 20 during weekends with Reel Cinemas, Cine Royal and Oscar Cinema."]
					}
				}
			}
		}
	}
}
