{
  "swagger" : "2.0",
  "info" : {
    "description" : "Direct Remittance Services enables Customer's to do International Fund Transfer with multi currency based on the latest exchange rate. These services are currently available only with Federal Bank in India. ",
    "version" : "1.0.0",
    "title" : "Direct Remittance Services"
  },
  "host" : "api.bankfab.com",
  "basePath" : "/remittances/v1",
  "schemes" : [ "https" ],
  "paths" : {
    "/banktobank" : {
      "post" : {
        "summary" : "Bank to Bank Fund Transfer",
        "operationId" : "executeBankToBankTransfer",
        "responses" : {
          "200" : {
            "description" : "The operation was successful.",
            "schema" : {
              "$ref" : "#/definitions/executeBankToBankTransferResponse"
            }
          },
          "default" : {
            "description" : "Unexpected error",
            "schema" : {
              "$ref" : "#/definitions/ErrorDefinition"
            }
          }
        },
        "consumes" : [ "application/json" ],
        "produces" : [ "application/json" ],
        "tags" : [ "Bank-To-Bank-Remittance" ],
        "description" : "This service is used to execute Bank to Bank fund transfer by leveraging a host to host connectivity.",
        "parameters" : [ {
          "name" : "body",
          "in" : "body",
          "schema" : {
            "$ref" : "#/definitions/executeBankToBankTransferRequest"
          },
          "description" : "The request body for the operation",
          "required" : true
        } ]
      }
    },
    "/in/fb/account-enquiry" : {
      "post" : {
        "tags" : [ "Bank-To-Bank-Remittance" ],
        "summary" : "Federal Bank Account Enquiry",
        "description" : "This service is used to validate the Federal bank account.",
        "operationId" : "validateFederalBankAccount",
        "consumes" : [ "application/json" ],
        "produces" : [ "application/json" ],
        "parameters" : [ {
          "in" : "body",
          "name" : "validateFederalBankAccount",
          "description" : "Input parameters for the service",
          "required" : false,
          "schema" : {
            "$ref" : "#/definitions/FederalBankAccountRequest"
          }
        } ],
        "responses" : {
          "200" : {
            "description" : "Service success response",
            "schema" : {
              "$ref" : "#/definitions/FederalBankAccountResponse"
            }
          },
          "400" : {
            "description" : "client errors",
            "schema" : {
              "$ref" : "#/definitions/ErrorDefinition"
            }
          },
          "500" : {
            "description" : "Unexpected error",
            "schema" : {
              "$ref" : "#/definitions/ErrorDefinition"
            }
          }
        }
      }
    },
    "/in/fb/transaction-enquiry" : {
      "post" : {
        "tags" : [ "Bank-To-Bank-Remittance" ],
        "summary" : "Enquire Federal Bank Transaction Status",
        "description" : "This service is used to Enquire the Transaction Status from the Federal Bank.",
        "operationId" : "enquireFederalBankTransactionStatus",
        "consumes" : [ "application/json" ],
        "produces" : [ "application/json" ],
        "parameters" : [ {
          "in" : "body",
          "name" : "enquireFederalBankTransactionStatus",
          "description" : "Input parameters for the service",
          "required" : false,
          "schema" : {
            "$ref" : "#/definitions/FederalBankTransactionStatusRequest"
          }
        } ],
        "responses" : {
          "200" : {
            "description" : "Service success response",
            "schema" : {
              "$ref" : "#/definitions/FederalBankTransactionStatusResponse"
            }
          },
          "400" : {
            "description" : "client errors",
            "schema" : {
              "$ref" : "#/definitions/ErrorDefinition"
            }
          },
          "500" : {
            "description" : "Unexpected error",
            "schema" : {
              "$ref" : "#/definitions/ErrorDefinition"
            }
          }
        }
      }
    },
    "/in/fb/vostro-enquiry" : {
      "post" : {
        "tags" : [ "Bank-To-Bank-Remittance" ],
        "summary" : "Federal Bank Vostro Enquiry",
        "description" : "This service is used to validate vostro account enquiring the Federal bank.",
        "operationId" : "enquireFederalBankVostro",
        "consumes" : [ "application/json" ],
        "produces" : [ "application/json" ],
        "parameters" : [ {
          "in" : "body",
          "name" : "enquireFederalBankVostro",
          "description" : "Input parameters for the service",
          "required" : false,
          "schema" : {
            "$ref" : "#/definitions/FederalBankAccountRequest"
          }
        } ],
        "responses" : {
          "200" : {
            "description" : "Service success response",
            "schema" : {
              "$ref" : "#/definitions/FederalBankTransactionStatusResponse"
            }
          },
          "400" : {
            "description" : "Client errors",
            "schema" : {
              "$ref" : "#/definitions/ErrorDefinition"
            }
          },
          "500" : {
            "description" : "Unexpected error",
            "schema" : {
              "$ref" : "#/definitions/ErrorDefinition"
            }
          }
        }
      }
    }
  },
  "definitions" : {
    "executeBankToBankTransferRequest" : {
      "type" : "object",
      "properties" : {
        "accountingUnitIdentifier" : {
          "type" : "string",
          "description" : "Accounting Unit Identifier to uniquely identify Core Banking instance",
          "example" : "AE0010001"
        },
        "customerIdentifier" : {
          "type" : "string",
          "description" : "7 digit Customer Identifier in Core Banking",
          "example" : "10XXX48"
        },
        "debitAccountNo" : {
          "type" : "string",
          "description" : "Account number to be debited.",
          "example" : "10XXXXXXXXXXXXX3"
        },
        "debitAccountCurrency" : {
          "type" : "string",
          "description" : "The 3-character currency code in ISO 4217 format that identifies the currency of Account to be debited.",
          "example" : "AED"
        },
        "transactionCurrency" : {
          "type" : "string",
          "description" : "The 3-character currency code in ISO 4217 format that identifies the currency type for the transaction.",
          "example" : "AED"
        },
        "transactionAmount" : {
          "type" : "string",
          "description" : "Transaction amount",
          "example" : "10000.00"
        },
        "creditAccountNo" : {
          "type" : "string",
          "description" : "Account to be credited. It will be beneficary's Account.",
          "example" : "13XXXXXXXXXXXX20"
        },
        "creditAccountCurrency" : {
          "type" : "string",
          "description" : "The 3-character currency code in ISO 4217 format that identifies the currency of the beneficary account.",
          "example" : "GBP"
        },
        "creditDate" : {
          "type" : "string",
          "description" : "Effective date in ISO 8601 credit action will be recorded.",
          "format" : "YYYY-MM-DD",
          "example" : "2017-02-25"
        },
        "paymentDetails" : {
          "type" : "string",
          "description" : "Free text for capturing transaction description entered by customer.",
          "example" : "Rent Payment"
        },
        "chargeToCustomer" : {
          "type" : "string",
          "description" : "Amount to be charged to customer.",
          "example" : "10.25"
        },
        "chargePaymentType" : {
          "type" : "string",
          "description" : "Identifies how the Charges are to be applied.",
              "example" : "WAIVE",
          "enum" : ["CREDIT LESS CHARGES", "DEBIT PLUS CHARGES", "WAIVE"]
        },
        "exchangeRate" : {
          "$ref" : "#/definitions/exchangeRate_RDO"
        },
        "beneficiary" : {
          "$ref" : "#/definitions/beneficiary_RDO"
        },
        "remitter" : {
          "$ref" : "#/definitions/remitterInfo_RDO"
        },
        "transferType" : {
          "type" : "string",
          "description" : "Transfer type to be passed in Core Banking.",
          "example" : "FAM",
          "enum" : ["FAM", "PPL", "ISAVE", "OWN", "OTH", "CHARITY"]
        },
        "isLimitCheckRequired" : {
          "type" : "string",
          "description" : "Denotes Whether limit check needs to be evaluated at middleware or not.",
          "example" : "Y",
          "enum" : ["Y", "N"]
        },
        "xref" : {
          "type" : "string",
          "description" : "Transaction Id to uniquely identify the transaction.",
          "example" : "IB14938387951XXXXXXXX017OPT000000000014296"
        },
        "correlationId" : {
          "type" : "string",
          "description": "Unique identifier used for identifying the transaction lifecycle",
          "example" : ""
        },
        "t24correlationId" : {
          "type" : "string",
          "description" : "Correlation ID to uniquely identify the transaction in Core Banking System",
          "example" : ""
        },
        "channel" : {
          "type" : "string",
          "description" : "Channel ID to uniquely identify the Channel used to make the request.",
          "example" : "CSF",
          "enum" : ["IB", "MOB", "CSF"]
        },
        "amlFlag" : {
          "type" : "string",
          "description" : "Anti-Money Laundry (AML) Flag. If AMLFlag is true, then invoke AML service. Else skip AML check.",
          "example" : ""
        },
        "amlCorrelationId" : {
          "type" : "string",
          "description" : "Anti-Money Laundry (AML) Correlation ID to uniquely identify the transaction in AML System.",
          "example" : "B54F2XXXXXCDEF4F7B"
        },
        "t24FTRef" : {
          "type" : "string",
          "description" : "Fund transfer reference id to uniquely identify the transaction in core banking system.",
          "example" : "FT1XXXXX8422"
        },
        "cif" : {
          "type" : "string",
          "description" : "10 digit customer identifier in Staging Database.",
          "example" : "10XXXXXXX1"
        },
        "ptHostRef" : {
          "type" : "string",
          "description" : "PT Host Reference",
          "example" : ""
        },
        "ptHostAuth" : {
          "type" : "string",
          "description" : "PT Host Authorization",
          "example" : ""
        },
        "templateId" : {
          "type" : "string",
          "description" : "Template ID to uniquely identify the beneficary type.",
          "example" : "B2B_TRANSFER"
        },
        "transferMode" : {
          "type" : "string",
          "description" : "Transfer type or mode suggesting if the record is for One time execution or Standing Instruction (SI).",
          "example" : "ONETIME",
          "enum" : ["ONETIME", "SI"]
        },
        "taxAmount" : {
          "type" : "string",
          "description" : "TAX/VAT amount applicable to this transaction.",
          "example" : "100.00"
        }
      }
    },
    "executeBankToBankTransferResponse" : {
      "type" : "object",
      "properties" : {
        "responseStatus" : {
          "$ref" : "#/definitions/responseStatus_RDO"
        },
        "fgbTransactionRefNo" : {
          "type" : "string",
          "description" : "Transaction reference number to uniquely identify the transaction.",
          "example" : "FT1705XXX439"
        },
        "coreBnkCorrId" : {
          "type" : "string",
          "description" : "Correlation ID to uniquely identify the transaction in Core Banking System.",
          "example" : "20180312163722XXXXXX8BTB6950439810752870"
        },
        "debitAccountBalance" : {
          "type" : "string",
          "description" : "Balance of the Account being debited",
          "example" : "100.00"
        },
        "creditCardAvailableLimit" : {
          "type" : "string",
          "description" : "Available credit limit on the given credit card.",
          "example" : "10000.00"
        }
      }
    },
    "exchangeRate_RDO" : {
      "type" : "object",
      "properties" : {
        "rateMode" : {
          "type" : "string",
          "description" : "FX Rate needs to be taken from TrAPI (REALTIME) or Offline mode (DBMODE).",
          "example" : "DBMODE",
          "enum" : ["DBMODE", "REALTIME"]
        },
        "dealReferenceNumber" : {
          "type" : "string",
          "description" : "Reference number received from TrAPI while getting the (REALTIME) FX Rate. This reference number will be sent to TrAPI (if its online) else to Murex (if TrAPI is offline) for reconciliation.",
          "example" : "7e4d69691f02"
        },
        "buyCurrency" : {
          "type" : "string",
          "description" : "Buy currency. 3-character currency code in ISO 4217 format.",
          "example" : "AED"
        },
        "sellCurrency" : {
          "type" : "string",
          "description" : "Buy currency. 3-character currency code in ISO 4217 format.",
          "example" : "EUR"
        },
        "rate" : {
          "type" : "string",
          "description" : "FX Rate.",
          "example" : "4.56694"
        },
        "gmRate" : {
          "type" : "string",
          "description" : "Global Market Rate.",
          "example" : "4.55689"
        },
        "gmMargin" : {
          "type" : "string",
          "description" : "Global Market Margin.",
          "example" : "0.01821"
        },
        "dealtCurrency" : {
          "type" : "string",
          "description" : "Currency selected by customer for making the transaction.",
          "example" : "EUR"
        },
        "dealtAmount" : {
          "type" : "string",
          "description" : "Amount to be credited to the beneficiary Account in the dealt Currency.",
          "example" : "124.00"
        },
        "valueDate" : {
          "type" : "string",
          "description" : "Value date of the transaction in ISO 8601",
          "example" : "2018-03-28",
          "format" : "YYYY-MM-DD"
        },
        "entity" : {
          "type" : "string",
          "description" : "Accounting Unit Identifier to uniquely identify Core Banking instance",
          "example" : "AE0010001"
        },
        "daoCode" : {
          "type" : "string",
          "description" : "Account Officer Detail captured against the customer in Core Banking System",
          "example" : "103XXX335"
        },
        "customerId" : {
          "type" : "string",
          "description" : "7 digit Customer Identifier in Core Banking.",
          "example" : "20XXX85"
        },
        "gidId" : {
          "type" : "string",
          "description" : "Transaction reference ID in the exchange rate system for the confirmed remmittance deal.",
          "example" : ""
        },
        "customerSegment" : {
          "type" : "string",
          "description" : "Customer Segment for FX Rate.",
          "example" : "Retail",
          "enum" : ["Retail", "Default"]
        },
        "contraAmount" : {
          "type" : "string",
          "description" : "Contra Amount i.e. Amount in other than dealt currency.",
          "example" : "566.30056"
        }
      }
    },
    "beneficiary_RDO" : {
      "type" : "object",
      "properties" : {
        "beneName" : {
          "type" : "string",
          "description" : "Real name of beneficiary as per the bank account to which amount will be transfered.",
          "example" : "Beneficiary Account Name"
        },
        "beneNickName" : {
          "type" : "string",
          "description" : "Beneficiary nick name entered by customer to identify the beneficary.",
          "example" : "BENE_ID_1"
        },
        "beneCreatedOn" : {
          "type" : "string",
          "description" : "Date (in ISO 8601) beneficiary was created.",
          "example" : "2017-07-21"
        },
        "beneCreationChannel" : {
          "type" : "string",
          "description" : "Channel the beneficiary was created from.",
          "example" : "IB",
          "enum" : ["IB", "MBL"]
        },
        "beneAddress" : {
          "type" : "string",
          "description" : "Beneficiary address.",
          "example" : "Villa#1, Sample Address"
        },
        "beneBankAccount" : {
          "type" : "string",
          "description" : "Beneficiary Account number.",
          "example" : "13XXXXXXXXXXXX20"
        },
        "beneCurrency" : {
          "type" : "string",
          "description" : "The 3-character currency code in ISO 4217 format that identifies the currency of the beneficary account.",
          "example" : "GBP"
        },
        "beneBankSWIFTCode" : {
          "type" : "string",
          "description" : "Beneficiary Bank SWIFT Code",
          "example" : "ABNAGB2LXXX"
        },
        "beneBankRoutingCode" : {
          "type" : "string",
          "description" : "Beneficiary Bank Routing Code",
          "example" : ""
        },
        "beneBankName" : {
          "type" : "string",
          "description" : "Beneficiary Bank name.",
          "example" : "Sample Beneficiary Bank"
        },
        "beneBankAddress" : {
          "type" : "string",
          "description" : "Beneficiary Bank address.",
          "example" : "Sample Address"
        },
        "beneBankCountry" : {
          "type" : "string",
          "description" : "Country beneficiary bank located in.",
          "example" : "United Kingdom"
        },
        "transferBankName" : {
          "type" : "string",
          "description" : "Transfer bank name.",
          "example" : "Bank of America"
        }
      }
    },
    "remitterInfo_RDO" : {
      "type" : "object",
      "properties" : {
        "name" : {
          "type" : "string",
          "description" : "Real name of remitter as per the bank records.",
          "example" : "Remitter name"
        },
        "addressLine1" : {
          "type" : "string",
          "description" : "Address line 1",
          "example" : "Address line 1"
        },
        "addressLine2" : {
          "type" : "string",
          "description" : "Address line 2",
          "example" : "Address line 2"
        },
        "addressLine3" : {
          "type" : "string",
          "description" : "Address line 3",
          "example" : "Emirate, UAE"
        },
        "email" : {
          "type" : "string",
          "description" : "Email address of remitter.",
          "example" : "test@abc.com"
        },
        "mobileNumber" : {
          "type" : "string",
          "description" : "Mobile number",
          "example" : "+97151XXXXXXXX"
        }
      }
    },
    "errorDetails_RDO" : {
      "type" : "object",
      "properties" : {
        "errorCode" : {
          "type" : "string",
          "description": "Code that defines the reason for the error. It is alphanumeric",
          "example": "SYS9999"
        },
        "errorDesc" : {
          "type" : "string",
          "description":"Details of the exception that has occurred",
          "example":"Technical Error in Interface"        }
      }
    },
    "FederalBankTransactionStatusRequest" : {
      "type" : "object",
      "properties" : {
        "applicationArea" : {
          "$ref" : "#/definitions/applicationArea"
        },
        "dataArea" : {
          "$ref" : "#/definitions/Transaction_RDO"
        }
      }
    },
    "ErrorDefinition" : {
      "type" : "object",
      "properties" : {
        "applicationArea" : {
          "$ref" : "#/definitions/applicationArea"
        },
        "responseStatus" : {
          "$ref" : "#/definitions/responseStatus_RDO"
        }
      }
    },
    "Transaction_RDO" : {
      "type" : "object",
      "properties" : {
        "providerReferenceNumber" : {
          "type" : "string",
          "description" : "provider reference number"
        }
      }
    },
    "AccountResponse_RDO" : {
      "type" : "object",
      "properties" : {
        "accountIdentifier" : {
          "type" : "string",
          "description" : "Beneficiary account number.",
          "example" : "15XXXXXXXXXXXX20"
        },
        "accountStatus" : {
          "type" : "string",
          "description" : "Account status of the beneficiary account.\nS : Transaction can be done to this account\nF : Account not allowed to accept transaction/Account does not exist.",
          "example" : "S",
          "enum" : ["S", "F"]
        },
        "accountType" : {
          "type" : "string",
          "description" : "Account type",
          "example" : ""
        },
        "customerName" : {
          "type" : "string",
          "description" : "Name of the customer/beneficary.",
          "example" : ""
        }
      }
    },
    "Account_RDO" : {
      "type" : "object",
      "properties" : {
        "accountIdentifier" : {
          "type" : "string",
          "description" : "Account number.",
          "example" : "12XXXXXXXXXXXX20"
        }
      }
    },
    "TransactionResponse_RDO" : {
      "type" : "object",
      "properties" : {
        "transactionAmount" : {
          "type" : "number",
          "format" : "double",
          "description" : "Transaction amount",
          "example" : 100.25
        },
        "transactionDate" : {
          "type" : "string",
          "format" : "date",
          "description" : "Transaction date",
          "example" : "YYYY-MM-DD"
        },
        "availableBalance" : {
          "type" : "number",
          "format" : "double",
          "description" : "Available balance",
          "example" : 10000.15
        },
        "chargesAmount" : {
          "type" : "number",
          "format" : "double",
          "description" : "Charges amount",
          "example" : 10.05
        },
        "ledgerBalance" : {
          "type" : "number",
          "format" : "double",
          "description" : "Ledger balance",
          "example" : 10000.15
        },
        "accountBalance" : {
          "type" : "number",
          "format" : "double",
          "description" : "Account balance",
          "example" : 100.25
        },
        "UTRReferenceNumber" : {
          "type" : "string",
          "description" : "UTR reference number. For India it is NEFT/IMPS reference number.",
          "example" : "9176XXXXX494"
        }
      }
    },
    "FederalBankTransactionStatusResponse" : {
      "type" : "object",
      "properties" : {
        "applicationArea" : {
          "$ref" : "#/definitions/applicationArea"
        },
        "dataArea" : {
          "$ref" : "#/definitions/TransactionResponse_RDO"
        },
        "responseStatus" : {
          "$ref" : "#/definitions/responseStatus_RDO"
        }
      }
    },
    "FederalBankAccountRequest" : {
      "type" : "object",
      "properties" : {
        "applicationArea" : {
          "$ref" : "#/definitions/applicationArea"
        },
        "dataArea" : {
          "$ref" : "#/definitions/Account_RDO"
        }
      }
    },
    "FederalBankAccountResponse" : {
      "type" : "object",
      "properties" : {
        "applicationArea" : {
          "$ref" : "#/definitions/applicationArea"
        },
        "dataArea" : {
          "$ref" : "#/definitions/AccountResponse_RDO"
        },
        "responseStatus" : {
          "$ref" : "#/definitions/responseStatus_RDO"
        }
      }
    },
    "applicationArea" : {
      "type" : "object",
      "required" : [ "countryOfOrigin", "senderId", "transactionDateTime", "transactionId" ],
      "properties" : {
        "correlationId" : {
          "type" : "string",
          "description": "Unique identifier used for identifying the transaction lifecycle",
          "example": "123DEFG89"
        },
        "countryOfOrigin" : {
          "type" : "string",
          "description": "Country of origination of the request. ISO 3166 country codes in two bytes format",
          "minLength" : 2,
          "maxLength" : 2,
          "example": "AE"
        },
        "creationDateTime" : {
          "type" : "string",
          "format" : "date-time",
          "description": "Creation date of the service in ISO 8601 YYYY-MM-DDTHH:MM:SS:sssZ format. This is an optional field"
        },
        "interfaceID" : {
          "type" : "string",
          "description": "Logical reference of the Interface that intiated the service. This is an optional field",
          "example": ""
        },
        "requiredExecutionDate" : {
          "type" : "string",
          "format" : "date-time",
          "description": "Date on which the transaction needs to be actually posted in ISO 8601 YYYY-MM-DDTHH:MM:SS:sssZ format. This is an optional field"
        },
        "senderUserId" : {
          "type" : "string",
          "description": "Sender's User ID. Information about a user who has initiated the transaction",
          "example": ""
        },
        "senderBranchId" : {
          "type" : "string",
          "description": "Sender's Branch ID. Information about a user who has initiated the transaction",
          "example": ""
        },
        "senderId" : {
          "type" : "string",
          "description": "Unique identification for the consumer. This will be agreed by Service owner at the time of setup. It will need to be passed in all requests",
          "example": "MOB"
        },
        "senderLocation" : {
          "type" : "string",
          "description": "Sender Location",
          "example": ""
        },
        "transactionDateTime" : {
          "type" : "string",
          "format" : "date-time",
          "description" : "The data and time the request is initiated in ISO 8601 format: YYYY-MM-DDTHH:MM:SS:sssZ"
        },
        "transactionId" : {
          "type" : "string",
          "example" : "WLT1254378DEFG",
          "description" : "Unique transaction reference id assigned by the Sender to identify the message"
        },
        "transactionTimeZone" : {
          "type" : "string",
          "description" : "Timezone in which transaction is initiated",
          "example" : "GMT+4"
        },
        "senderAuthorizationID" : {
          "type" : "string",
          "description" : "Identification of the Authorizer who has authorized the transaction. This is an optional field",
          "example" : ""
        },
        "senderReferenceID" : {
          "type" : "string",
          "description" : "Reference ID from Sender to identify the event that cause the service invocation. This is an optional field",
          "example" : ""
        },
        "senderAuthorizationComments" : {
          "type" : "string",
          "description" : "Comments of the Authorizer on authorizing the transaction. This is an optional field",
          "example" : ""
        },
        "language" : {
          "type" : "string",
          "description" : "Language",
          "example" : "EN"
        }
      }
    },
    "responseStatus_RDO" : {
      "type" : "object",
      "properties" : {
        "status" : {
          "type" : "string",
          "description" : "Response Status. Values - SUCCESS/ERROR/WARNING",
          "example" : "SUCCESS"
        },
        "errorDetails" : {
          "type" : "array",
          "items" : {
            "description" : "Error",
            "$ref" : "#/definitions/errorDetails_RDO"
          }
        }
      }
    },
    "responseStatus" : {
      "type" : "object",
      "properties" : {
        "status" : {
          "type" : "string",
          "description" : "Response status. Values - SUCCESS/ERROR/WARNING",
          "example" : "SUCCESS"
        },
        "error" : {
          "type" : "object",
          "properties" : {
            "code" : {
              "type" : "string",
              "description": "Code that defines the reason for the error. It is alphanumeric",
              "example": "SYS9999"
            },
            "description" : {
              "type" : "string",
              "description": "Details of the exception that has occurred",
              "example": "Technical Error in Interface"
            }
          }
        }
      }
    }
  }
}