{
  "swagger":"2.0",
  "info":{
    "title":"Resource Item API",
    "description":"Resource Item API caters to utility functions such as Cheque Book services, Pre-Approved Direct Debit reference generation and Payment Screening",
    "version":"2.0.0"
  },
  "host":"api.bankfab.com",
  "basePath":"/resourceitem/v2",
  "schemes":[
    "https"
  ],
  "consumes":[
    "application/json"
  ],
  "produces":[
    "application/json"
  ],
  "paths":{
    "/courier/aramex/trackshipments":{
      "post":{
        "summary":"Tracks Aramex shipments",
        "description":"The operation tracks an existing shipment’s updates and latest status. Tracking updates for specified set of Airway Bill numbers will be obtained",
        "tags":[
          "aramexTrackShipments"
        ],
        "operationId":"aramexTrackShipments",
        "parameters":[
          {
            "name":"aramexTrackShipmentsRequest",
            "in":"body",
            "description":"Aramex Tracking Request",
            "required":true,
            "schema":{
              "$ref":"#/definitions/CourierTrackingRequest"
            }
          }
        ],
        "responses":{
          "200":{
            "description":"Aramex Tracking Response",
            "schema":{
              "$ref":"#/definitions/CourierTrackingResponse"
            }
          },
          "default":{
            "description":"Unexpected error",
            "schema":{
              "$ref":"#/definitions/Error"
            }
          }
        }
      }
    },
    "/courier/empost/gettracking":{
      "post":{
        "summary":"Empost Track Shipments",
        "description":"The operation tracks an existing shipment’s updates and latest status",
        "tags":[
          "empostGetTracking"
        ],
        "operationId":"empostGetTracking",
        "parameters":[
          {
            "name":"empostGetTrackingRequest",
            "in":"body",
            "description":"Empost Get Tracking Request",
            "required":true,
            "schema":{
              "$ref":"#/definitions/CourierTrackingRequest"
            }
          }
        ],
        "responses":{
          "200":{
            "description":"Empost Get Tracking Response",
            "schema":{
              "$ref":"#/definitions/CourierTrackingResponse"
            }
          },
          "default":{
            "description":"Unexpected error",
            "schema":{
              "$ref":"#/definitions/Error"
            }
          }
        }
      }
    },
    "/sendotp":{
      "post":{
        "summary":"Generate and Send OTP to registered mobile / email",
        "description":"Generate and Send OTP to registered mobile / email",
        "tags":[
          "sendOTP"
        ],
        "operationId":"sendOTP",
        "parameters":[
          {
            "name":"sendOTPRequest",
            "in":"body",
            "description":"Send OTP Request",
            "required":true,
            "schema":{
              "$ref":"#/definitions/sendOTPRequest"
            }
          }
        ],
        "responses":{
          "200":{
            "description":"Send OTP Response",
            "schema":{
              "$ref":"#/definitions/sendOTPResponseObject"
            }
          },
          "default":{
            "description":"Unexpected error",
            "schema":{
              "$ref":"#/definitions/Error"
            }
          }
        }
      }
    },
    "/chequebook/request":{
      "post":{
        "summary":"Requests Cheque book",
        "description":"Request Cheque book for an Account",
        "operationId":"requestChequebook",
        "produces":[
          "application/json"
        ],
        "consumes":[
          "application/json"
        ],
        "parameters":[
          {
            "name":"requestChequebook",
            "in":"body",
            "required":true,
            "schema":{
              "$ref":"#/definitions/requestChequebookRequest"
            }
          }
        ],
        "tags":[
          "Cheque-Book"
        ],
        "responses":{
          "200":{
            "description":"Cheque Book request successful",
            "schema":{
              "$ref":"#/definitions/requestChequebookResponse"
            }
          },
          "default":{
            "description":"Unexpected error",
            "schema":{
              "$ref":"#/definitions/Error"
            }
          }
        }
      }
    },
    "/chequebook/eligibility":{
      "post":{
        "summary":"Gets cheque book eligibility",
        "description":"Checks the eligibilty of the Account to request for a Cheque Book",
        "operationId":"getChequeBookEligibility",
        "produces":[
          "application/json"
        ],
        "consumes":[
          "application/json"
        ],
        "parameters":[
          {
            "name":"chequeBookEligibilityRequest",
            "in":"body",
            "description":"Cheque book eligibility request ",
            "required":true,
            "schema":{
              "$ref":"#/definitions/chequeBookEligibilityRequest"
            }
          }
        ],
        "tags":[
          "Cheque-Book"
        ],
        "responses":{
          "200":{
            "description":"Success Response",
            "schema":{
              "$ref":"#/definitions/chequeBookEligibilityResponse"
            }
          },
          "default":{
            "description":"Unexpected error",
            "schema":{
              "$ref":"#/definitions/Error_AppArea"
            }
          }
        }
      }
    },
    "/chequebook/request/status":{
      "post":{
        "summary":"Gets Cheque book request status",
        "description":"Fetches the status of the Cheque Book request",
        "operationId":"getChequeBookRequestStatus",
        "produces":[
          "application/json"
        ],
        "consumes":[
          "application/json"
        ],
        "parameters":[
          {
            "name":"chequeBookRequestStatusRequest",
            "in":"body",
            "description":"Cheque book request status request",
            "required":true,
            "schema":{
              "$ref":"#/definitions/chequeBookRequestStatusRequest"
            }
          }
        ],
        "tags":[
          "Cheque-Book"
        ],
        "responses":{
          "200":{
            "description":"Success Response",
            "schema":{
              "$ref":"#/definitions/chequeBookRequestStatusResponse"
            }
          },
          "default":{
            "description":"Unexpected error",
            "schema":{
              "$ref":"#/definitions/Error_AppArea"
            }
          }
        }
      }
    },
    "/chequebook/charges/fetch":{
      "post":{
        "summary":"Gets the Cheque book charges",
        "description":"Obtains the charges for the Cheque Book issuance. There is a limit to the number to cheque books a user can request for a fixed duration of time. For additional Cheque Books beyond the limit, the customer  will be charged accordingly",
        "operationId":"getChequeBookCharges",
        "produces":[
          "application/json"
        ],
        "consumes":[
          "application/json"
        ],
        "parameters":[
          {
            "name":"getChequeBookCharges",
            "in":"body",
            "description":"Service request",
            "required":true,
            "schema":{
              "$ref":"#/definitions/getChequeBookChargesRequest"
            }
          }
        ],
        "tags":[
          "Cheque-Book"
        ],
        "responses":{
          "200":{
            "description":"Success Response",
            "schema":{
              "$ref":"#/definitions/getChequeBookChargesResponse"
            }
          },
          "default":{
            "description":"Unexpected error",
            "schema":{
              "$ref":"#/definitions/Error"
            }
          }
        }
      }
    },
    "/charges/fetch":{
      "post":{
        "summary":"Fetches the Transactional charges",
        "description":"Fetches the charges for a particular Transaction",
        "operationId":"fetchCharges",
        "produces":[
          "application/json"
        ],
        "consumes":[
          "application/json"
        ],
        "parameters":[
          {
            "name":"fetchCharges",
            "in":"body",
            "description":"Service request",
            "required":true,
            "schema":{
              "$ref":"#/definitions/fetchChargesRequest"
            }
          }
        ],
        "tags":[
          "Charges"
        ],
        "responses":{
          "200":{
            "description":"Success Response",
            "schema":{
              "$ref":"#/definitions/fetchChargesResponseObject"
            }
          },
          "default":{
            "description":"Unexpected error",
            "schema":{
              "$ref":"#/definitions/Error_AppArea"
            }
          }
        }
      }
    },
    "/gold/rates/fetch":{
      "post":{
        "summary":"Gets gold buy/sell rates",
        "description":"This service will be used to get gold buy/sell rates",
        "operationId":"fetchGoldRates",
        "produces":[
          "application/json"
        ],
        "consumes":[
          "application/json"
        ],
        "parameters":[
          {
            "name":"fetchGoldRates",
            "in":"body",
            "description":"Service Request",
            "required":true,
            "schema":{
              "$ref":"#/definitions/fetchGoldRatesRequest"
            }
          }
        ],
        "tags":[
          "Gold-Rates"
        ],
        "responses":{
          "200":{
            "description":"Success Response",
            "schema":{
              "$ref":"#/definitions/fetchGoldRatesResponse"
            }
          },
          "default":{
            "description":"Unexpected error",
            "schema":{
              "$ref":"#/definitions/Error_AppArea"
            }
          }
        }
      }
    },
    "/pappenquiry":{
      "post":{
        "summary":"Pre-Approved DDA (PAPP) Status Enquiry",
        "description":"Facilitates the enquiry of the Pre-approved DDA (PAPP) available for an account",
        "operationId":"pappEnquiry",
        "produces":[
          "application/json"
        ],
        "consumes":[
          "application/json"
        ],
        "parameters":[
          {
            "name":"PAPPEnquiry",
            "in":"body",
            "description":"PAPP Enquiry Request",
            "required":true,
            "schema":{
              "$ref":"#/definitions/pappEnquiryRequest"
            }
          }
        ],
        "tags":[
          "Pre-Approved-Direct-Debit"
        ],
        "responses":{
          "200":{
            "description":"Success Response",
            "schema":{
              "$ref":"#/definitions/pappEnquiryResponseObject"
            }
          },
          "default":{
            "description":"Unexpected error",
            "schema":{
              "$ref":"#/definitions/Error_AppArea"
            }
          }
        }
      }
    },
    "/pappreferenceno":{
      "post":{
        "summary":"Sets up a Pre-Approved DDA (PAPP)",
        "description":"This operation is used to set up a pre-approved DDA(PAPP) through Central Bank UAEDDS",
        "operationId":"pappReferenceNo",
        "produces":[
          "application/json"
        ],
        "consumes":[
          "application/json"
        ],
        "parameters":[
          {
            "name":"PAPPReferenceNo",
            "in":"body",
            "description":"PAPP Reference No Request",
            "required":true,
            "schema":{
              "$ref":"#/definitions/pappreferencenoRequest"
            }
          }
        ],
        "tags":[
          "Pre-Approved-Direct-Debit"
        ],
        "responses":{
          "200":{
            "description":"Success Response",
            "schema":{
              "$ref":"#/definitions/pappreferencenoResponseObject"
            }
          },
          "default":{
            "description":"Unexpected error",
            "schema":{
              "$ref":"#/definitions/Error_AppArea"
            }
          }
        }
      }
    },
    "/creditdate/fetch":{
      "post":{
        "summary":"Fetches credit value date from Core Banking",
        "description":"Service is used for fetching credit value date from Core Banking",
        "operationId":"getCreditValueDate",
        "produces":[
          "application/json"
        ],
        "consumes":[
          "application/json"
        ],
        "parameters":[
          {
            "name":"getCreditValueDate",
            "in":"body",
            "description":"Service request",
            "required":true,
            "schema":{
              "$ref":"#/definitions/getCreditValueDateRequest"
            }
          }
        ],
        "tags":[
          "Pre-Transfer-Information"
        ],
        "responses":{
          "200":{
            "description":"Success Response",
            "schema":{
              "$ref":"#/definitions/getCreditValueDateResponse"
            }
          },
          "default":{
            "description":"Unexpected error",
            "schema":{
              "$ref":"#/definitions/Error_AppArea"
            }
          }
        }
      }
    },
    "/screening/check":{
      "post":{
        "summary":"Customer and Transaction screening",
        "description":"This service is used for customer and transaction screening",
        "operationId":"processSanctionData",
        "produces":[
          "application/json"
        ],
        "consumes":[
          "application/json"
        ],
        "parameters":[
          {
            "name":"processSanctionData",
            "in":"body",
            "description":"Service request",
            "required":true,
            "schema":{
              "$ref":"#/definitions/processSanctionDataRequest"
            }
          }
        ],
        "tags":[
          "Payment-Screening-Old"
        ],
        "responses":{
          "200":{
            "description":"Success Response",
            "schema":{
              "$ref":"#/definitions/processSanctionDataResponse"
            }
          },
          "default":{
            "description":"Unexpected error",
            "schema":{
              "$ref":"#/definitions/Error_AppArea"
            }
          }
        }
      }
    },
    "/screening/payment":{
      "post":{
        "tags":[
          "Payment-Screening"
        ],
        "summary":"Payment Screening",
        "description":"This service is used for transaction/payment screening",
        "operationId":"processPaymentScreeningData",
        "consumes":[
          "application/json"
        ],
        "produces":[
          "application/json"
        ],
        "parameters":[
          {
            "in":"body",
            "name":"processPaymentScreeningData",
            "description":"Service request",
            "required":true,
            "schema":{
              "$ref":"#/definitions/processSanctionDataRequest"
            }
          }
        ],
        "responses":{
          "200":{
            "description":"Success Response",
            "schema":{
              "$ref":"#/definitions/processSanctionDataResponse"
            }
          },
          "default":{
            "description":"Unexpected error",
            "schema":{
              "$ref":"#/definitions/Error_AppArea"
            }
          }
        }
      }
    },
    "/dealandcharges/fetch":{
      "post":{
        "summary":"Get Deal and charges for a Fund Tranfer",
        "description":"Operation fetches Deal and charges for a Fund Transfer",
        "operationId":"getDealAndCharges",
        "produces":[
          "application/json"
        ],
        "consumes":[
          "application/json"
        ],
        "parameters":[
          {
            "name":"getDealAndCharges",
            "in":"body",
            "description":"Service request",
            "required":true,
            "schema":{
              "$ref":"#/definitions/getDealAndChargesWrapperRequest"
            }
          }
        ],
        "tags":[
          "Rates-and-Deals"
        ],
        "responses":{
          "200":{
            "description":"Success Response",
            "schema":{
              "$ref":"#/definitions/getDealAndChargesWrapperResponse"
            }
          },
          "default":{
            "description":"Unexpected error",
            "schema":{
              "$ref":"#/definitions/Error_AppArea"
            }
          }
        }
      }
    },
    "/estatement/download":{
      "post":{
        "summary":"E-Statements for credit cards, accounts and investments from logical access",
        "description":"Facilitates download of E-Statements for investments, credit cards, and accounts  from logical access",
        "operationId":"statementDownloadService",
        "produces":[
          "application/json"
        ],
        "consumes":[
          "application/json"
        ],
        "parameters":[
          {
            "name":"statementDownloadService",
            "in":"body",
            "description":"Service request",
            "required":true,
            "schema":{
              "$ref":"#/definitions/statementDownloadServiceRequest"
            }
          }
        ],
        "tags":[
          "Statements"
        ],
        "responses":{
          "200":{
            "description":"Success Response",
            "schema":{
              "$ref":"#/definitions/statementDownloadServiceResponse"
            }
          },
          "default":{
            "description":"Unexpected error",
            "schema":{
              "$ref":"#/definitions/Error_AppArea"
            }
          }
        }
      }
    },
    "/delink/mobile":{
      "post":{
        "summary":"This service will delink mobile and send a push notification to the mobile",
        "description":"This service will delink mobile and send a push notification to the mobile",
        "operationId":"delinkMobile",
        "produces":[
          "application/json"
        ],
        "consumes":[
          "application/json"
        ],
        "parameters":[
          {
            "name":"delinkMobile",
            "in":"body",
            "description":"Service request",
            "required":true,
            "schema":{
              "$ref":"#/definitions/delinkMobileRequest"
            }
          }
        ],
        "tags":[
          "delinkMobile"
        ],
        "responses":{
          "200":{
            "description":"Success Response",
            "schema":{
              "$ref":"#/definitions/delinkMobileResponse"
            }
          },
          "default":{
            "description":"Unexpected error",
            "schema":{
              "$ref":"#/definitions/Error_AppArea"
            }
          }
        }
      }
    },
    "/get-transfer-info":{
      "post":{
        "summary":"Gets Pre Transfer attributes for Fund Transfer",
        "description":"Obtains certain attributes from Core Banking System for FX Rate calculation and execution of Fund Transfers. Attributes include Credit Value date, Customer segment, Special rate application flag from T24",
        "operationId":"getPreTransferInfo",
        "produces":[
          "application/json"
        ],
        "consumes":[
          "application/json"
        ],
        "parameters":[
          {
            "name":"getPreTransferInfo",
            "in":"body",
            "description":"Service request",
            "required":true,
            "schema":{
              "$ref":"#/definitions/getPreTransferInfoRequest"
            }
          }
        ],
        "tags":[
          "Pre-Transfer-Information"
        ],
        "responses":{
          "200":{
            "description":"Success Response",
            "schema":{
              "$ref":"#/definitions/getPreTransferInfoResponse"
            }
          },
          "default":{
            "description":"Unexpected error",
            "schema":{
              "$ref":"#/definitions/Error_AppArea"
            }
          }
        }
      }
    }
  },
  "definitions":{
    "getPreTransferInfoRequest":{
      "type":"object",
      "properties":{
        "applicationArea":{
          "$ref":"#/definitions/applicationArea"
        },
        "dataArea":{
          "$ref":"#/definitions/getPreTransferInfoRequest_RDO"
        }
      }
    },
    "getPreTransferInfoResponse":{
      "type":"object",
      "properties":{
        "applicationArea":{
          "$ref":"#/definitions/applicationArea"
        },
        "responseStatus":{
          "$ref":"#/definitions/respStatus_RDO"
        },
        "dataArea":{
          "$ref":"#/definitions/getPreTransferInfoResponse_RDO"
        }
      }
    },
    "getPreTransferInfoRequest_RDO":{
      "type":"object",
      "properties":{
        "customerIdentifier":{
          "type":"string",
          "description":"Unique identifier for the Customer"
        },
        "creditCurrencyCode":{
          "type":"string",
          "description":"Currency in which Funds are Transferred"
        },
        "accountingUnitIdentifier":{
          "type":"string",
          "description":"Company code of the customer (Islamic/Coventional)"
        },
        "postCutOffMark":{
          "type":"string",
          "description":"Indicator to specify that the transaction will be performed outside the Cut off Time "
        },
        "debitValueDate":{
          "type":"string",
          "description":"Value date for the transaction to be performed and the account to be debited for the Transfer Amount"
        }
      }
    },
    "getPreTransferInfoResponse_RDO":{
      "type":"object",
      "properties":{
        "creditValueDate":{
          "type":"string",
          "description":"Date on which the Transfer Amount will be credited to the Beneficiary account"
        },
        "isSpecialRateApplicable":{
          "type":"string",
          "description":"Indicates whether the special rate is applicable for the customer or not"
        },
        "customerRateSegment":{
          "type":"string",
          "description":"Customer segment in Core Banking System against which the FX rates can be fetched from the Global Market "
        }
      }
    },
    "delinkMobileRequest":{
      "type":"object",
      "properties":{
        "applicationArea":{
          "$ref":"#/definitions/applicationArea"
        },
        "cif":{
          "type":"string"
        },
        "deviceIdentifier":{
          "type":"string"
        },
        "deviceType":{
          "type":"string",
          "example":"MOBILE/BROWSER"
        },
        "action":{
          "type":"string",
          "example":"DELINK/BLOCK"
        }
      }
    },
    "delinkMobileResponse":{
      "type":"object",
      "properties":{
        "applicationArea":{
          "$ref":"#/definitions/applicationArea"
        },
        "responseStatus":{
          "$ref":"#/definitions/respStatus_RDO"
        }
      }
    },
    "statementDownloadServiceRequest":{
      "type":"object",
      "properties":{
        "applicationArea":{
          "$ref":"#/definitions/applicationArea"
        },
        "identifier":{
          "type":"string",
          "description":"Identifier of the Statement to download"
        },
        "postingDate":{
          "type":"string",
          "description":"Statement month to download"
        },
        "accountType":{
          "type":"string",
          "description":"Type of Account for which the statement is to be downloaded. 1-> Account, 2-> Credit card, 3-> Investment portfolio"
        }
      }
    },
    "statementDownloadServiceResponse":{
      "type":"object",
      "properties":{
        "applicationArea":{
          "$ref":"#/definitions/applicationArea"
        },
        "responseStatus":{
          "$ref":"#/definitions/respStatus_RDO"
        },
        "binaryStatement":{
          "type":"string",
          "description":"PDF Statement file in Base64 binary format"
        }
      }
    },
    "getDealAndChargesWrapperResponse":{
      "type":"object",
      "properties":{
        "applicationArea":{
          "$ref":"#/definitions/applicationArea"
        },
        "responseStatus":{
          "$ref":"#/definitions/respStatus_RDO"
        },
        "feeAnddealFetchObjectResponse":{
          "type":"array",
          "items":{
            "$ref":"#/definitions/feeAnddealFetchObjectResponseObject"
          }
        }
      }
    },
    "chargesResponseObject":{
      "type":"object",
      "properties":{
        "chargeType":{
          "type":"string",
          "description":"Bearer of the charge type"
        },
        "chargeCurrency":{
          "type":"string",
          "description":"Currency of the charge"
        },
        "chargeToCustomer":{
          "type":"string",
          "description":"Total Charge amount applicable to the customer"
        },
        "totalTaxAmount":{
          "type":"string",
          "description":"Total Tax amount applicable to the customer"
        },
        "chargeDetails":{
          "type":"array",
          "items":{
            "$ref":"#/definitions/chargeDetailsObject"
          }
        },
        "promotionInfo":{
          "type":"array",
          "items":{
            "$ref":"#/definitions/promotionInfoObject"
          }
        }
      }
    },
    "chargeDetailsObject":{
      "type":"object",
      "properties":{
        "chargeCode":{
          "type":"string",
          "example":"BANK/TELEX",
          "description":"Identifier indicating the type of charge"
        },
        "chargeAmount":{
          "type":"string",
          "example":"100.00",
          "description":"Indicates the charge amount for the charge type in the charge currency which is to be applied"
        },
        "chargeCurrency":{
          "type":"string",
          "example":"100.00",
          "description":"Currency of the charge"
        },
        "taxAmount":{
          "type":"string",
          "example":"100.00",
          "description":"Indicates the tax amount on the respective charge amount"
        },
        "isChargesEstimated":{
          "type":"string",
          "example":"100.00"
        },
        "isTaxesEstimated":{
          "type":"string",
          "example":"100.00"
        }
      }
    },
    "feeAnddealFetchObjectResponseObject":{
      "type":"object",
      "properties":{
        "commonData":{
          "$ref":"#/definitions/commonDataObject"
        },
        "dealResponse":{
          "$ref":"#/definitions/dealResponseObject"
        },
        "chargeResponse":{
          "type":"array",
          "items":{
            "$ref":"#/definitions/chargesResponseObject"
          }
        }
      }
    },
    "dealResponseObject":{
      "type":"object",
      "properties":{
        "buyCurrency":{
          "type":"string"
        },
        "sellCurrency":{
          "type":"string"
        },
        "rate":{
          "type":"string"
        },
        "gmRate":{
          "type":"string"
        },
        "gmMargin":{
          "type":"string"
        },
        "dealtCurrency":{
          "type":"string"
        },
        "dealtAmount":{
          "type":"string"
        },
        "valueDateTime":{
          "type":"string"
        },
        "customerId":{
          "type":"string"
        },
        "customerSegment":{
          "type":"string"
        },
        "entity":{
          "type":"string"
        },
        "daoCode":{
          "type":"string"
        },
        "gidId":{
          "type":"string"
        },
        "contraAmount":{
          "type":"string"
        },
        "timeToLive":{
          "type":"string"
        },
        "valueChanged":{
          "type":"string"
        },
        "status":{
          "type":"string"
        },
        "ccyPair":{
          "type":"string"
        }
      }
    },
    "getDealAndChargesWrapperRequest":{
      "type":"object",
      "properties":{
        "applicationArea":{
          "$ref":"#/definitions/applicationArea"
        },
        "feeAnddealFetchObjectRequest":{
          "$ref":"#/definitions/getDealAndChargesWrapperObject"
        }
      }
    },
    "getDealAndChargesWrapperObject":{
      "type":"object",
      "properties":{
        "commonData":{
          "$ref":"#/definitions/commonDataObject"
        },
        "rates":{
          "$ref":"#/definitions/ratesObject"
        },
        "transactionDetails":{
          "$ref":"#/definitions/transactionDetailsObject"
        },
        "promotionInfo":{
          "type":"array",
          "items":{
            "$ref":"#/definitions/promotionInfoObject"
          }
        }
      }
    },
    "promotionInfoObject":{
      "type":"object",
      "properties":{
        "promotionCode":{
          "type":"string"
        },
        "promotionDiscountId":{
          "type":"string"
        },
        "promotionCategoryId":{
          "type":"string"
        },
        "promotionDiscount":{
          "type":"string"
        },
        "promotionDiscountAmount":{
          "type":"string"
        },
        "promotionErrorCode":{
          "type":"string"
        },
        "promotionErrorMessage":{
          "type":"array",
          "items":{
            "$ref":"#/definitions/promotionErrorMessageObject"
          }
        }
      }
    },
    "promotionErrorMessageObject":{
      "type":"object",
      "properties":{
        "longLanguageCode":{
          "type":"string"
        },
        "textTranslation":{
          "type":"string"
        }
      }
    },
    "transactionDetailsObject":{
      "type":"object",
      "properties":{
        "fromAccount":{
          "type":"string"
        },
        "toAccount":{
          "type":"string"
        },
        "accountingUnitIdentifier":{
          "type":"string",
          "description":"Company code of the customer (Islamic/Coventional)"
        },
        "transactionSubType":{
          "type":"string"
        },
        "commissionPaymentType":{
          "type":"string"
        }
      }
    },
    "commonDataObject":{
      "type":"object",
      "properties":{
        "customerSegment":{
          "type":"string"
        },
        "valueDate":{
          "type":"string"
        },
        "dealtCurrency":{
          "type":"string"
        },
        "dealtAmount":{
          "type":"string"
        },
        "tenor":{
          "type":"string"
        },
        "rateSource":{
          "type":"string"
        },
        "rateType":{
          "type":"string"
        },
        "entity":{
          "type":"string"
        },
        "daoCode":{
          "type":"string"
        },
        "customerId":{
          "type":"string"
        },
        "transactionType":{
          "type":"string"
        },
        "transactionSourceDesc":{
          "type":"string"
        },
        "productType":{
          "type":"string"
        },
        "toProductType":{
          "type":"string"
        },
        "typeOfRate":{
          "type":"string"
        },
        "destinationCountry":{
          "type":"string"
        },
        "staffFlag":{
          "type":"string"
        },
        "chargeType":{
          "type":"string"
        },
        "rateMode":{
          "type":"string"
        },
        "dealReferenceNumber":{
          "type":"string"
        }
      }
    },
    "ratesObject":{
      "type":"object",
      "properties":{
        "buyCurrency":{
          "type":"string"
        },
        "sellCurrency":{
          "type":"string"
        }
      }
    },
    "dealFetchRequest":{
      "type":"object",
      "properties":{
        "rates":{
          "type":"array",
          "items":{
            "$ref":"#/definitions/rateObject"
          }
        },
        "common":{
          "$ref":"#/definitions/commonObject"
        }
      }
    },
    "commonObject":{
      "type":"object",
      "properties":{
        "dealtCurrency":{
          "type":"string"
        },
        "dealtAmount":{
          "type":"string"
        },
        "valueDate":{
          "type":"string"
        },
        "tenor":{
          "type":"string"
        },
        "customerSegment":{
          "type":"string"
        },
        "entity":{
          "type":"string"
        },
        "daoCode":{
          "type":"string"
        }
      }
    },
    "rateObject":{
      "type":"object",
      "properties":{
        "buyCurrency":{
          "type":"string"
        },
        "sellCurrency":{
          "type":"string"
        }
      }
    },
    "processSanctionDataRequest":{
      "type":"object",
      "properties":{
        "applicationArea":{
          "$ref":"#/definitions/applicationArea"
        },
        "dataAreaProcessSanctionDataReq":{
          "$ref":"#/definitions/dataAreaProcessSanctionDataRequest"
        }
      }
    },
    "dataAreaProcessSanctionDataRequest":{
      "type":"object",
      "properties":{
        "taskId":{
          "type":"string",
          "enum":[
            "1",
            "2"
          ],
          "description":"1: for new Payment screening, <p>2:  for getting the repaired message status, if the message is not a <b>CLEAN</b> one",
          "example":"1"
        },
        "senderSystem":{
          "type":"string",
          "description":"System or application name that is sending the request",
          "example":"FABPAITG"
        },
        "messageDirection":{
          "type":"string",
          "description":"I for Incoming, O for Outgoing from FAB.",
          "example":"I"
        },
        "referenceNumber":{
          "type":"string",
          "description":"Senders Reference. With respect to the MT message, this can be mapped to the <b><i>Tag20</i></b>",
          "example":"FT49493222344"
        },
        "valueDate":{
          "type":"string",
          "description":"Value date of the transaction in YYYY-MM-DD",
          "example":"YYYY-MM-DD"
        },
        "amountDetails":{
          "$ref":"#/definitions/amountObj"
        },
        "receiverAmountDetails":{
          "$ref":"#/definitions/receiverAmountObj"
        },
        "orderingCustomer":{
          "$ref":"#/definitions/orderingObj"
        },
        "orderingInstitution":{
          "$ref":"#/definitions/orderingObj"
        },
        "senderCorrespondentBankDetails":{
          "$ref":"#/definitions/orderingObj"
        },
        "receiverCorrespondentBankDetails":{
          "$ref":"#/definitions/orderingObj"
        },
        "intermediaryInstitution":{
          "$ref":"#/definitions/orderingObj"
        },
        "creditorBankDetails":{
          "$ref":"#/definitions/orderingObj"
        },
        "creditorDetails":{
          "$ref":"#/definitions/creditorDetailsObj"
        },
        "transferType":{
          "type":"string",
          "description":"What's the type of transfer used in this message context.",
          "example":"I"
        },
        "chargeBearer":{
          "type":"string",
          "description":"OUR or SHA",
          "example":"OUR"
        },
        "bankOperationalCode":{
          "type":"string",
          "description":"Can be default with these values CRED/SPAY/SSTD/SPRI for Bank operation code",
          "example":"CRED"
        },
        "charge":{
          "$ref":"#/definitions/chargeObj"
        },
        "senderToReceiverInformation":{
          "$ref":"#/definitions/senderToReceiverInformationObj"
        },
        "remittanceInformation":{
          "$ref":"#/definitions/remittanceInformationObj"
        },
        "thirdReimbursementInformation":{
          "$ref":"#/definitions/orderingObj"
        }
      }
    },
    "senderToReceiverInformationObj":{
      "type":"object",
      "properties":{
        "informationLine1":{
          "type":"string",
          "description":"This field specifies additional information for the Receiver or other party specified formatr",
          "example":"This payment is for Lunch"
        },
        "informationLine2":{
          "type":"string",
          "description":"This field specifies additional information for the Receiver or other party specified formatr",
          "example":"This payment is for Lunch"
        },
        "informationLine3":{
          "type":"string",
          "description":"This field specifies additional information for the Receiver or other party specified formatr",
          "example":"This payment is for Lunch"
        },
        "informationLine4":{
          "type":"string",
          "description":"This field specifies additional information for the Receiver or other party specified formatr",
          "example":"This payment is for Lunch"
        },
        "informationLine5":{
          "type":"string",
          "description":"This field specifies additional information for the Receiver or other party specified formatr",
          "example":"This payment is for Lunch"
        },
        "informationLine6":{
          "type":"string",
          "description":"This field specifies additional information for the Receiver or other party specified formatr",
          "example":"This payment is for Lunch"
        }
      }
    },
    "remittanceInformationObj":{
      "type":"object",
      "properties":{
        "informationLine1":{
          "type":"string",
          "description":"This field specifies either the details of the individual transaction or a reference to another message containing the details which are to be transmitted to the beneficiary customer.",
          "example":":/INV/abc/SDF-96//1234-234///ROC/98IU87"
        },
        "informationLine2":{
          "type":"string",
          "description":"This field specifies either the details of the individual transaction or a reference to another message containing the details which are to be transmitted to the beneficiary customer.",
          "example":"/RFB/BET072"
        },
        "informationLine3":{
          "type":"string",
          "description":"This field specifies either the details of the individual transaction or a reference to another message containing the details which are to be transmitted to the beneficiary customer.",
          "example":"/TSU/00000089963-0820-01/ABC-15/256214"
        },
        "informationLine4":{
          "type":"string",
          "description":"This field specifies either the details of the individual transaction or a reference to another message containing the details which are to be transmitted to the beneficiary customer.",
          "example":"/IPI/FTM100256214"
        }
      }
    },
    "chargeObj":{
      "type":"object",
      "properties":{
        "chargeCommonData":{
          "$ref":"#/definitions/chargeCommonDataObj"
        },
        "account":{
          "$ref":"#/definitions/accountObj"
        },
        "amountDetails":{
          "$ref":"#/definitions/amountDetailsObj"
        }
      }
    },
    "amountDetailsObj":{
      "type":"object",
      "properties":{
        "instructedAmount":{
          "$ref":"#/definitions/amountObj"
        },
        "equivalentAmount":{
          "$ref":"#/definitions/amountObj"
        },
        "currencyRate":{
          "$ref":"#/definitions/currencyRateObj"
        },
        "payinCurrencyRate":{
          "$ref":"#/definitions/currencyRateObj"
        },
        "payoutCurrencyRate":{
          "$ref":"#/definitions/currencyRateObj"
        }
      }
    },
    "currencyRateObj":{
      "type":"object",
      "properties":{
        "fromCurrencyRate":{
          "type":"string",
          "description":"The parameter used for the rate calculation. The expected value is ISO 3-char code. In the buy and sell or from and to currency, this parameter holds the BUY or FROM part ",
          "example":"AED"
        },
        "toCurrencyRate":{
          "type":"string",
          "description":"The parameter used for the rate calculation. The expected value is ISO 3-char code. In the buy and sell or from and to currency, this parameter holds the SELL or TO part",
          "example":"USD"
        },
        "sellRate":{
          "type":"string",
          "description":"In the currency conversion part, what is the currency sell rate received for applying in the currency conversion ",
          "example":"3.680"
        },
        "buyRate":{
          "type":"string",
          "description":"In the currency conversion part, what is the currency buy rate received for applying in the currency conversion",
          "example":"3.601"
        },
        "midRate":{
          "type":"string",
          "description":"In the currency conversion part, what is the currency mid rate received for applying in the currency conversion",
          "example":"3.678"
        },
        "buyMargin":{
          "type":"string",
          "description":"In the currency conversion part, what is the currency margin rate that can be included or agreed when selling/buying the currency from customer.",
          "example":"0.023"
        },
        "sellMargin":{
          "type":"string",
          "description":"In the currency conversion part, what is the currency margin rate that can be included or agreed when selling/buying the currency from customer.",
          "example":"0.010"
        },
        "midMargin":{
          "type":"string",
          "description":"In the currency conversion part, what is the currency margin rate that can be included or agreed when selling/buying the currency from customer.",
          "example":"0.019"
        }
      }
    },
    "accountObj":{
      "type":"object",
      "properties":{
        "number":{
          "type":"string",
          "description":"In the international payment routing, from the IFSC or from the BBAN number, what's the extracted account number or the internal bank account number.",
          "example":"89989988812"
        },
        "currency":{
          "type":"string",
          "description":"What is the currency used for sending the Payment",
          "example":"USD"
        },
        "branchCode":{
          "type":"string",
          "description":"The branch code in which the mentioned account number resides.",
          "example":"100101"
        },
        "routingNumber":{
          "type":"string",
          "description":"As part of the payment, what is the international routing code used for pushing this payment",
          "example":"623852453"
        }
      }
    },
    "chargeCommonDataObj":{
      "type":"object",
      "properties":{
        "feeRemarks":{
          "type":"string",
          "description":"With respect to the charge data, what's the fee remark field that need to be fill in.",
          "example":"Charge for statement request"
        },
        "feePercentage":{
          "type":"string",
          "description":"What is the percentage of fee that need to be calculated",
          "example":"0.02"
        },
        "feeRule":{
          "type":"string",
          "description":"Is there any specific fee rules needed to be included",
          "example":"amount > 50000"
        },
        "feeType":{
          "type":"string",
          "description":"What is the fee type need to be used",
          "example":""
        },
        "feeTypeDescription":{
          "type":"string",
          "description":"What is teh fee type description ",
          "example":""
        },
        "feeDetails":{
          "type":"string",
          "description":"Any detais, related to fees",
          "example":""
        },
        "promotionInfo":{
          "$ref":"#/definitions/promotionInfoObj"
        }
      }
    },
    "promotionInfoObj":{
      "type":"object",
      "properties":{
        "promotionCode":{
          "type":"string",
          "description":"Is there any promotion code used in the respective activity, if so provide the code",
          "example":"PROM60SEQ"
        },
        "promotionDiscountCode":{
          "type":"string",
          "description":"Is there any promotion discount code used in the respective activity, if so provide the code",
          "example":"DIS10AE"
        },
        "promotionCategoryCode":{
          "type":"string",
          "description":"What's the promotion discount category used",
          "example":"NCAT1"
        },
        "promotionDiscount":{
          "type":"string",
          "description":"What is the promotion discount details",
          "example":"Online discount"
        },
        "promotionDiscountAmount":{
          "type":"string",
          "description":"What is the promotion discount amount",
          "example":"60"
        },
        "promotionErrorCode":{
          "type":"string",
          "description":"Is there any error code generated relate to this exception. Passin the exception code",
          "example":"ERPR01"
        },
        "promotionErrorMessage":{
          "$ref":"#/definitions/promotionErrorMessageObj"
        }
      }
    },
    "promotionErrorMessageObj":{
      "type":"object",
      "properties":{
        "longLanguageCode":{
          "type":"string",
          "description":"What language is this promotion code related to.",
          "example":"AE"
        },
        "textTranslation":{
          "type":"string",
          "description":"Is there any text to transalation is needed",
          "example":"YES"
        }
      }
    },
    "amountObj":{
      "type":"object",
      "properties":{
        "currency":{
          "type":"string",
          "description":"Currency used in the current context. The amount code needs to be in ISO 3-character format",
          "example":"AED"
        },
        "amount":{
          "type":"string",
          "description":"Amount used in the current context based on the provided currency",
          "example":"10.00"
        }
      }
    },
    "receiverAmountObj":{
      "type":"object",
      "properties":{
        "currency":{
          "type":"string",
          "description":"Currency code in ISO 4217 format This field specifies the value date, the currency and the settlement amount. The settlement amount is the amount to be booked/reconciled at interbank level.",
          "example":"AED"
        },
        "amount":{
          "type":"string",
          "example":"28.22"
        }
      }
    },
    "orderingObj":{
      "type":"object",
      "properties":{
        "bic":{
          "type":"string",
          "description":"What is the ordering customer context BIC code entered. This can be 8/11 character",
          "example":"NBADAEAAONL"
        },
        "clearingCode":{
          "type":"string",
          "description":"Provide the ordering bank clearing code",
          "example":"MDNM055773"
        },
        "name":{
          "type":"string",
          "description":"Ordering Customer name",
          "example":"Alen Gill"
        },
        "firstName":{
          "type":"string",
          "description":"Provide the Ordering party first name",
          "example":"Alen"
        },
        "middleName":{
          "type":"string",
          "description":"Provide the Ordering party middle name",
          "example":"Middlename"
        },
        "lastName":{
          "type":"string",
          "description":"Provide the Ordering party Last name",
          "example":"Gill"
        },
        "addressLine1":{
          "type":"string",
          "description":"Provide the Ordering party Address 1",
          "example":"Address Line 1"
        },
        "addressLine2":{
          "type":"string",
          "description":"Provide the Ordering party Address 2",
          "example":"Address Line 2"
        },
        "addressLine3":{
          "type":"string",
          "description":"Provide the Ordering party Address 3",
          "example":"Address Line 3"
        },
        "city":{
          "type":"string",
          "description":"Provide the Ordering party Address City",
          "example":"Sample City"
        },
        "state":{
          "type":"string",
          "description":"Provide the Ordering party Address state. Not all country have state, else city is sufficent",
          "example":"Sample State"
        },
        "zipCode":{
          "type":"string",
          "description":"Provide the Ordering party Address ZIP Code",
          "example":"PO BOX XXXXX"
        },
        "country":{
          "description":"Provide the Ordering party Address country",
          "type":"string"
        },
        "accountNumber":{
          "type":"string",
          "description":"Provide the Ordering party Account Number",
          "example":"AEXXXXXXXXX0"
        }
      }
    },
    "creditorDetailsObj":{
      "type":"object",
      "properties":{
        "bic":{
          "type":"string",
          "description":"BIC CODE",
          "example":"NBADAEAEXXX"
        },
        "clearingCode":{
          "type":"string",
          "description":"Clearing code details",
          "example":"MDNM055773"
        },
        "name":{
          "type":"string",
          "description":"Name",
          "example":"Sample Name"
        },
        "addressLine1":{
          "type":"string",
          "description":"Address1",
          "example":"Address Line 1"
        },
        "addressLine2":{
          "type":"string",
          "description":"Address2",
          "example":"Address Line 2"
        },
        "addressLine3":{
          "type":"string",
          "description":"Address3",
          "example":"Address Line 3"
        },
        "contactDetails":{
          "$ref":"#/definitions/contactDetailsObj"
        },
        "accountNumber":{
          "type":"string",
          "description":"Account Number",
          "example":"SGXXXXXXX"
        }
      }
    },
    "contactDetailsObj":{
      "type":"object",
      "properties":{
        "type":{
          "type":"string",
          "description":"Customer contact details. What type of contact",
          "example":"Home Contact"
        },
        "firstName":{
          "type":"string",
          "description":"Customer contact details. First Name",
          "example":"FName"
        },
        "middleName":{
          "type":"string",
          "description":"Customer contact details. Middle Name",
          "example":"MName"
        },
        "lastName":{
          "type":"string",
          "description":"Customer contact details. Last Name",
          "example":"LName"
        },
        "address1":{
          "type":"string",
          "description":"Customer contact details.Address 1",
          "example":"Address 1"
        },
        "address2":{
          "type":"string",
          "description":"Customer contact details. Address 2",
          "example":"Address 2"
        },
        "address3":{
          "type":"string",
          "description":"Customer contact details. Address 3",
          "example":"Address 3"
        },
        "address4":{
          "type":"string",
          "description":"Customer contact details. Address 4",
          "example":"Address 4"
        },
        "address5":{
          "type":"string",
          "description":"Customer contact details. Address 5",
          "example":"Address 5"
        },
        "streetName":{
          "type":"string",
          "description":"Customer contact details. Street Name",
          "example":"St. 1"
        },
        "buildingName":{
          "type":"string",
          "description":"Customer contact details. Building Name",
          "example":"Garden Tower"
        },
        "zipCode":{
          "type":"string",
          "description":"Customer contact details. Zip Code",
          "example":"35ST9X"
        },
        "city":{
          "type":"string",
          "description":"Customer contact details. City",
          "example":"ABU DHABI"
        },
        "country":{
          "type":"string",
          "description":"Customer contact details. Country Name",
          "example":"United Arab Emirates"
        },
        "countryCode":{
          "type":"string",
          "description":"Customer contact details. Address Country Code",
          "example":"AE"
        },
        "state":{
          "type":"string",
          "description":"Customer contact details. Address State",
          "example":"AUH"
        },
        "email":{
          "type":"string",
          "description":"Customer contact details. Email address",
          "example":"xxxx@yyyy.com"
        },
        "consumerNumber":{
          "type":"string",
          "description":"Customer contact details. Consumer number",
          "example":"A1123R5"
        },
        "phone":{
          "$ref":"#/definitions/phoneObj"
        }
      }
    },
    "phoneObj":{
      "type":"object",
      "properties":{
        "office":{
          "type":"string",
          "description":"Office Phone Number",
          "example":"0211112223"
        },
        "residence":{
          "type":"string",
          "description":"Residence Phone Number",
          "example":"022312223"
        },
        "mobile":{
          "type":"string",
          "description":"Mobile Phone Number",
          "example":"0502312223"
        },
        "alternate":{
          "type":"string",
          "description":"Any alternative mobile phone number",
          "example":"0502312225"
        },
        "residenceAlternate":{
          "type":"string",
          "description":"Any alternative residence phone number",
          "example":"022312225"
        },
        "fax":{
          "type":"string",
          "description":"Fax Number",
          "example":"027889989"
        }
      }
    },
    "processSanctionDataResponse":{
      "type":"object",
      "properties":{
        "applicationArea":{
          "$ref":"#/definitions/applicationArea"
        },
        "responseStatus":{
          "$ref":"#/definitions/respStatus_RDO"
        },
        "description":{
          "type":"string"
        },
        "reasonCode":{
          "type":"string"
        },
        "reasonDescription":{
          "type":"string"
        }
      }
    },
    "getCreditValueDateRequest":{
      "type":"object",
      "properties":{
        "applicationArea":{
          "$ref":"#/definitions/applicationArea"
        },
        "creditCurrency":{
          "type":"string",
          "example":"AED"
        }
      }
    },
    "getCreditValueDateResponse":{
      "type":"object",
      "properties":{
        "applicationArea":{
          "$ref":"#/definitions/applicationArea"
        },
        "responseStatus":{
          "$ref":"#/definitions/respStatus_RDO"
        },
        "creditValueDate":{
          "type":"string",
          "example":"MM/DD/YYYY"
        }
      }
    },
    "pappEnquiryRequest":{
      "type":"object",
      "properties":{
        "applicationArea":{
          "$ref":"#/definitions/applicationArea"
        },
        "sourceId":{
          "type":"string",
          "example":"BNKIBS",
          "description":"Agreed code for each Banking channel that intiates the Pre-Approved Direct Debit Autority(PAPP) Reference generation. For eg. BNKIBS - Retail Internet Banking, BNKMBS - Mobile Banking"
        },
        "action":{
          "type":"string",
          "example":"RQST",
          "description":"Action to be taken for Pre-Approved Direct Debit Autority(PAPP)"
        },
        "pappRefNo":{
          "type":"string",
          "example":"/BNKIBS/YYYY-MM-DD/020/0000XXXXXXXXXXXX4851",
          "description":"Pre-Approved Direct Debit Autority(PAPP) Reference available against the account"
        },
        "iban":{
          "type":"string",
          "example":"AE33027XXXXXXXXXXXXXX26",
          "description":"IBAN of the Account against which the Pre-Approved Direct Debit Autority(PAPP) is set up"
        }
      }
    },
    "pappEnquiryResponseObject":{
      "type":"object",
      "properties":{
        "applicationArea":{
          "$ref":"#/definitions/applicationArea"
        },
        "responseStatus":{
          "$ref":"#/definitions/respStatus_RDO"
        },
        "pappEnquiryResponse":{
          "$ref":"#/definitions/pappEnquiryResponse"
        }
      }
    },
    "pappEnquiryResponse":{
      "type":"object",
      "properties":{
        "sourceId":{
          "type":"string",
          "example":"BNKIBS",
          "description":"Agreed code for each Banking channel that intiates the Pre-Approved Direct Debit Autority(PAPP) Reference generation. For eg. BNKIBS - Retail Internet Banking, BNKMBS - Mobile Banking"
        },
        "pappRefNo":{
          "type":"string",
          "example":"/BNKIBS/YYYY-MM-DD/020/0000XXXXXXXXXXXX4851",
          "description":"Unique Pre-Approved Direct Debit Autority(PAPP) Reference available against the account"
        },
        "currentStatus":{
          "type":"string",
          "example":"Accepted",
          "description":"Current status of the Pre-Approved Direct Debit Autority(PAPP) Request"
        },
        "ddaRefNo":{
          "type":"string",
          "example":"010000261920XXXXXXXXX14",
          "description":"Unique Reference for the re-Approved Direct Debit Autority(PAPP) Request"
        },
        "registeredDate":{
          "type":"string",
          "example":"DD/MM/YYYY",
          "description":"Date on which Pre-Approved Direct Debit Autority(PAPP) Request is set up"
        },
        "expiryDate":{
          "type":"string",
          "example":"DD/MM/YYYY",
          "description":"Expiry date of the Pre-Approved Direct Debit Autority(PAPP)"
        }
      }
    },
    "pappreferencenoRequest":{
      "type":"object",
      "properties":{
        "applicationArea":{
          "$ref":"#/definitions/applicationArea"
        },
        "sourceId":{
          "type":"string",
          "example":"BNKIBS",
          "description":"Agreed code for each Banking channel that intiates the Pre-Approved Direct Debit Autority(PAPP) Reference generation. For eg. BNKIBS - Retail Internet Banking, BNKMBS - Mobile Banking"
        },
        "name":{
          "type":"string",
          "example":"SAMPLE SCRAMBLE NAME-1",
          "description":"Name of the customer "
        },
        "iban":{
          "type":"string",
          "example":"AE33027XXXXXXXXXXXXXX26",
          "description":"Account Number against which the Pre-Approved Direct Debit Autority(PAPP) Reference is generated"
        },
        "mobileNo":{
          "type":"string",
          "example":"056XXXXXXX",
          "description":"Registered mobile number of the customer to which the SMS will be sent after the PAPP Reference number is sent to Central Bank"
        }
      }
    },
    "pappreferencenoResponseObject":{
      "type":"object",
      "properties":{
        "applicationArea":{
          "$ref":"#/definitions/applicationArea"
        },
        "responseStatus":{
          "$ref":"#/definitions/respStatus_RDO"
        },
        "pappReferenceNoResponse":{
          "$ref":"#/definitions/pappreferencenoResponse"
        }
      }
    },
    "pappreferencenoResponse":{
      "type":"object",
      "properties":{
        "name":{
          "type":"string",
          "example":"SAMPLE SCRAMBLE NAME-1",
          "description":"Name of the customer "
        },
        "iban":{
          "type":"string",
          "example":"AE33027XXXXXXXXXXXXXX26",
          "description":"Account Number against which the Pre-Approved Direct Debit Autority(PAPP) Reference is generated"
        },
        "pappRefNo":{
          "type":"string",
          "example":"/BNKIBS/YYYY-MM-DD/020/0000XXXXXXXXXXXX4851",
          "description":"Unique Pre-Approved Direct Debit Autority(PAPP) Reference generated"
        }
      }
    },
    "fetchGoldRatesRequest":{
      "type":"object",
      "properties":{
        "applicationArea":{
          "$ref":"#/definitions/applicationArea"
        },
        "customerIdentifier":{
          "type":"string",
          "example":"1XXXXX7",
          "description":"Unique Customer Identification number "
        },
        "currency":{
          "type":"string",
          "example":"AED/USD"
        },
        "tradeType":{
          "type":"string",
          "example":"BUY/SELL",
          "description":"Type of Trade"
        }
      }
    },
    "fetchGoldRatesResponse":{
      "type":"object",
      "properties":{
        "applicationArea":{
          "$ref":"#/definitions/applicationArea"
        },
        "responseStatus":{
          "$ref":"#/definitions/respStatus_RDO"
        },
        "goldTradeRate":{
          "type":"string",
          "example":"4524.51439",
          "description":"Rate for Trading"
        }
      }
    },
    "fetchChargesRequest":{
      "type":"object",
      "properties":{
        "applicationArea":{
          "$ref":"#/definitions/applicationArea"
        },
        "transactionType":{
          "type":"string",
          "example":"OWN_ACCT_FUNDS_TRANSFER/WITHIN_BANK_FUNDS_TRANSFER/WITHIN_UAE_FUNDS_TRANSFER/INTERNATIONAL_FUNDS_TRANSFER/CCREPLACEMENT/DCREPLACEMENT/CREDITSHIELD/LOANDEFERRAL/DOMESTICTRANSFER/REMMITANCE",
          "description":"Type of Transaction for which fee needs to be fetched"
        },
        "customerId":{
          "type":"string",
          "example":"1XXXXXX7",
          "description":"Unique Identification for the customer"
        },
        "debitAccountIdentifier":{
          "type":"string",
          "example":"12XXXXXXXXXXXX20",
          "description":"Customer Account Number that will be debited for the transaction"
        },
        "debitAccountCurrency":{
          "type":"string",
          "example":"AED",
          "description":"Currency of the transaction in ISO 4217 format"
        },
        "creditAccountIdentifier":{
          "type":"string",
          "example":"12XXXXXXXXXXXX20",
          "description":"Beneficiary Account number to which the fund will be credited for Fund Transfers"
        },
        "creditAccountCurrency":{
          "type":"string",
          "example":"INR",
          "description":"Beneficiary Account currency to which the fund will be credited for Fund Transfers"
        },
        "transactionSubType":{
          "type":"string",
          "example":"DCP/REM/EDU/FIS",
          "description":"Transaction Sub Type"
        },
        "chargeType":{
          "type":"string",
          "example":"ALL",
          "description":"Bearer of the charge type. Eg - OUR, BEN, SHA, ALL"
        },
        "customerType":{
          "type":"string",
          "example":"",
          "description":"Customer type"
        },
        "customerSubType":{
          "type":"string",
          "description":"Customer Sub type"
        },
        "staffFlag":{
          "type":"string",
          "example":"true/false",
          "description":"Staff flag"
        },
        "sourceProductType":{
          "type":"string",
          "example":"CASA",
          "description":"Source product type"
        },
        "sourceProductSubType":{
          "type":"string",
          "description":"Source product sub type"
        },
        "destinationProductType":{
          "type":"string",
          "example":"CASA",
          "description":"Destination product type"
        },
        "destinationProductSubType":{
          "type":"string",
          "description":"Destination product sub type"
        },
        "amount":{
          "type":"string",
          "example":"10000",
          "description":"Transaction Amount to apply charge"
        },
        "comodity":{
          "type":"string",
          "description":"Comodity"
        },
        "countryOfOrigin":{
          "type":"string",
          "description":"Country of origin of the transaction"
        },
        "currency":{
          "type":"string",
          "example":"AED",
          "description":"Transaction currency"
        },
        "feeType":{
          "type":"string",
          "description":"fee type"
        },
        "isLocalCurrencyTransaction":{
          "type":"string",
          "description":"Specifies if the transaction is in local currency"
        },
        "merchantCategory":{
          "type":"string",
          "description":"Category of the merchant where transaction is done"
        },
        "merchantName":{
          "type":"string",
          "description":"Name of the merchant where the transaction is done"
        },
        "quantity":{
          "type":"string",
          "description":"Quantity"
        },
        "transactionCountry":{
          "type":"string",
          "description":"Transaction country"
        },
        "unit":{
          "type":"string",
          "description":"Unit"
        },
        "customerTaxCategory":{
          "type":"string",
          "description":"Customer's tax category"
        }
      }
    },
    "fetchChargesResponseObject":{
      "type":"object",
      "properties":{
        "applicationArea":{
          "$ref":"#/definitions/applicationArea"
        },
        "responseStatus":{
          "$ref":"#/definitions/respStatus_RDO"
        },
        "fetchChargesResponse":{
          "type":"array",
          "items":{
            "$ref":"#/definitions/fetchChargesResponse"
          }
        }
      }
    },
    "fetchChargesResponse":{
      "type":"object",
      "properties":{
        "chargeType":{
          "type":"string",
          "example":"BEN/OUR/SHA",
          "description":"Charge Bearere indication type"
        },
        "chargeCurrency":{
          "type":"string",
          "example":"AED",
          "description":"Currency of the charges in ISO 4217 format"
        },
        "chargeToCustomer":{
          "type":"string",
          "example":"25.00",
          "description":"Total Charges which are applicable to the Customer"
        },
        "totalTaxAmount":{
          "type":"string",
          "example":"25.00",
          "description":"Total Tax amount "
        },
        "chargeDetails":{
          "type":"array",
          "items":{
            "$ref":"#/definitions/chargeDetailsObject"
          }
        }
      }
    },
    "getChequeBookChargesRequest":{
      "type":"object",
      "properties":{
        "accountingUnitIdentifier":{
          "type":"string",
          "example":"AEXX1XXX1",
          "description":"Company code of the customer (Islamic/Coventional)"
        },
        "accountIdentifier":{
          "type":"string",
          "example":"12XXXXXXXXXXXX20",
          "description":"Customer account number"
        },
        "numberOfChequeBooks":{
          "type":"number",
          "example":2
        },
        "chargeWaiverFlag":{
          "type":"string",
          "example":"YES/NO",
          "description":"charge waiver flag"
        },
        "branchIdentifier":{
          "type":"string",
          "example":2,
          "description":"Branch that "
        }
      }
    },
    "getChequeBookChargesResponse":{
      "type":"object",
      "properties":{
        "responseStatus":{
          "$ref":"#/definitions/respStatus_RDO"
        },
        "charge":{
          "type":"number",
          "example":50,
          "description":"Charges Amount for the cheque Book issuance"
        },
        "currency":{
          "type":"string",
          "description":"Currency of the Account against which the Cheque book is issued"
        },
        "transactionIdentifier":{
          "type":"string",
          "description":"Reference for the ChequeBook request"
        }
      }
    },
    "sendOTPRequest":{
      "type":"object",
      "properties":{
        "cif":{
          "type":"string",
          "example":"1XXXXX0",
          "description":"Unique Customer Identification number"
        },
        "cardNumber":{
          "type":"string",
          "example":"462273xxxxxx0733",
          "description":"Card Number of the customer"
        },
        "cardType":{
          "type":"string",
          "example":"CCS/DCS/PPC",
          "description":"Card Type "
        },
        "transactionType":{
          "type":"string",
          "example":"TXN_LOGIN_AUT",
          "description":"Type of transaction for which OTP is send"
        },
        "mobileNumber":{
          "type":"string",
          "example":"059XXXXXXX",
          "description":"Customer Mobile number to which OTP is send"
        }
      },
      "required":[
        "cardType",
        "transactionType"
      ]
    },
    "sendOTPResponseObject":{
      "type":"object",
      "properties":{
        "responseStatus":{
          "$ref":"#/definitions/respStatus_RDO"
        },
        "sendOTPResponse":{
          "type":"object",
          "properties":{
            "requestId":{
              "type":"string",
              "example":"cf3412f8-88c0-11e7-9a98-ac14dfbb0000",
              "description":"Request ID for the OTP transaction"
            },
            "otp":{
              "type":"string",
              "example":"Mzg5Ng==",
              "description":"One-Time Password"
            }
          }
        }
      },
      "required":[
        "responseStatus"
      ]
    },
    "requestChequebookRequest":{
      "type":"object",
      "properties":{
        "accountIdentifier":{
          "type":"string",
          "example":"10XXXXXXXXXXXX11",
          "description":"Customer account number"
        },
        "accountingUnitIdentifier":{
          "type":"string",
          "example":"AEXX1XXX1",
          "description":"Company code of the customer (Islamic/Coventional)"
        },
        "branchIdentifier":{
          "type":"string",
          "example":"101"
        },
        "numberOfCheckbooks":{
          "type":"string",
          "example":"2",
          "description":"Number of Cheque Books requested for issuance"
        },
        "chargeWaiverFlag":{
          "type":"boolean",
          "example":true,
          "description":"Indicator to waive the cheque issuance related charges"
        },
        "addionalInformation":{
          "type":"string",
          "example":"Description",
          "description":"Additional information captured against the request"
        }
      }
    },
    "requestChequebookResponse":{
      "type":"object",
      "properties":{
        "responseStatus":{
          "$ref":"#/definitions/respStatus_RDO"
        },
        "requestChequeBookResponse":{
          "$ref":"#/definitions/CheckBookResponse"
        }
      }
    },
    "CheckBookResponse":{
      "type":"object",
      "properties":{
        "accountIdentifier":{
          "type":"string",
          "example":"11XXXXXXXXXXXX09",
          "description":"Customer account number"
        },
        "chequeStatus":{
          "type":"string",
          "example":"88"
        },
        "currency":{
          "type":"string",
          "example":"AED",
          "description":"Account currency"
        },
        "additionalInformation":{
          "type":"string",
          "example":"FROM CHANNEL",
          "description":"Additional information for the Cheque book issuance request"
        },
        "waiveChargesFlag":{
          "type":"string",
          "example":"YES",
          "description":"Additional information for the Cheque book issuance request"
        },
        "name":{
          "type":"string",
          "example":"SAMPLE SCRAMBLE TITLE.1",
          "description":"Name of the Account"
        },
        "numberOfCheckbooksRequested":{
          "type":"string",
          "example":"2",
          "description":"Number of Cheque Books requested"
        },
        "chequebookType":{
          "type":"string",
          "example":"25",
          "description":"Specifies the Cheque Book type"
        },
        "printFlag":{
          "type":"string",
          "example":"Y",
          "description":"Specifies that Cheque Book is marked for printing"
        },
        "branchIdentifier":{
          "type":"string",
          "example":"130",
          "description":"Branch to which the Account belongs"
        },
        "eventTime":{
          "type":"string",
          "format":"date-time",
          "example":"Creation Date and time of the Cheque Book request"
        },
        "numberOfLeavesRequested":{
          "type":"string",
          "example":"50",
          "description":"Total number of cheque leaves requested"
        },
        "startNumberOfCheque":{
          "type":"string",
          "example":"11XXX4",
          "description":"Start number of the Cheque"
        },
        "orderDate":{
          "type":"string",
          "format":"date",
          "example":"DD/MM/YYYY",
          "description":"Date of intiation of the transaction"
        },
        "requestId":{
          "type":"string",
          "example":"CON_YYYYMMDD_AC_12XXXXXXXXXXXX20_0000004"
        },
        "modRecordCount":{
          "type":"string",
          "example":"2",
          "description":"Number of times the Cheque book request is modified"
        },
        "manufactureDate":{
          "type":"string",
          "format":"date",
          "example":"DD/MM/YYYY"
        },
        "issuedBy":{
          "type":"string",
          "example":"6XXX8_CIXXXXSER_OFS_GCS",
          "description":"ID of the Issuer"
        },
        "authoriser":{
          "type":"string",
          "example":"6XXX8_CIXXXXSER_OFS_GCS",
          "description":"ID of the Authorizer"
        },
        "accountingUnitIdentifier":{
          "type":"string",
          "example":"AEXX1XXX11",
          "description":"Company code of the customer (Islamic/Coventional)"
        },
        "departmentId":{
          "type":"string",
          "example":"100",
          "description":"Branch code of the requesting channel"
        },
        "overrideCode":{
          "type":"string",
          "example":"12XXXXXXXXXXXX20 ACCOUNT AND PRESENT BALANCE IS DEBIT",
          "description":"Specifies any overrides is applicable for the cheque book issuance"
        }
      }
    },
    "CourierTrackingRequest":{
      "type":"object",
      "properties":{
        "awbs":{
          "type":"array",
          "items":{
            "type":"string",
            "example":[
              "170500XXXXX86",
              "170400XXXXX36"
            ],
            "description":"Tracking number for the shipments"
          }
        },
        "detailed":{
          "type":"boolean",
          "default":false,
          "description":"List of Shipment Tracking numbers for the update details. Airway Bill numbers for Aramex Shipment and Tracking number for Empost"
        }
      },
      "required":[
        "awbs"
      ]
    },
    "CourierTrackingResponse":{
      "type":"object",
      "properties":{
        "responseStatus":{
          "$ref":"#/definitions/respStatus_RDO"
        },
        "courierStatusResponse":{
          "type":"array",
          "items":{
            "$ref":"#/definitions/awbDetail"
          }
        }
      }
    },
    "awbDetail":{
      "type":"object",
      "properties":{
        "awb":{
          "type":"string",
          "example":"170500XXXXX86",
          "description":"Reference for the shipment"
        },
        "status":{
          "type":"string",
          "example":"Delivered",
          "description":"Current status of the shipment tracking"
        },
        "dateTime":{
          "type":"string",
          "example":"06-Jul-2017 15:20",
          "description":"Date and time of the shipment's current tracking update"
        },
        "location":{
          "type":"string",
          "example":"Sample Street, Sample Country",
          "description":"Current location of the shipment"
        },
        "comments":{
          "type":"string",
          "example":"Delivered by (XXXX XXXXXXX)",
          "description":"Any comments or information on the shipment"
        }
      }
    },
    "applicationArea":{
      "type":"object",
      "required":[
        "correlationId",
        "countryOfOrigin",
        "transactionDateTime",
        "transactionId"
      ],
      "properties":{
        "correlationId":{
          "type":"string",
          "description":"Unique identifier used for identifing the transaction lifecycle"
        },
        "countryOfOrigin":{
          "type":"string",
          "description":"Country of origination of the request. The representation is in ISO 3166 country codes in two bytes format",
          "example":"AE",
          "minLength":2,
          "maxLength":2
        },
        "creationDateTime":{
          "type":"string",
          "format":"date-time",
          "description":"Creation date of the service in ISO 8601 YYYY-MM-DD HH:MM :SS format. This is an optional field"
        },
        "interfaceID":{
          "type":"string",
          "description":"Logical reference of the Interface that intiated the service. This is an optional field"
        },
        "requiredExecutionDate":{
          "type":"string",
          "format":"date-time",
          "description":"Date on which the transaction needs to be actually posted in ISO 8601 YYYY-MM-DD HH:MM:SS format. This is an optional field"
        },
        "senderUserId":{
          "type":"string",
          "description":"Sender's User ID. Information about a user who has initiated the transaction",
          "example":""
        },
        "senderBranchId":{
          "type":"string",
          "description":"Sender's Branch ID. Information about a user who has initiated the transaction",
          "example":""
        },
        "senderId":{
          "type":"string",
          "description":"Unique identification for the consumer. This will be agreed by Service owner at the time of setup. It will need to be passed in all requests",
          "example":"WLT"
        },
        "transactionDateTime":{
          "type":"string",
          "format":"date-time",
          "description":"The data and time the request is initiated in ISO 8601 format YYYY-MM-DD HH:MM :SS format",
          "example":"2019-02-14 03:30:02.103456"
        },
        "transactionId":{
          "type":"string",
          "description":"Unique transaction reference id assigned by the Sender to unambiguously identify the message",
          "example":"WS1904xxx04K8M586"
        },
        "transactionTimeZone":{
          "type":"string",
          "example":"",
          "description":"Timezone in which transaction is initiated"
        },
        "senderAuthorizationID":{
          "type":"string",
          "description":"Identification of the Authorizer who has authorized the transaction. This is an optional field",
          "example":""
        },
        "senderReferenceID":{
          "type":"string",
          "description":"Reference ID from Sender to identify the event that cause the service invocation. This is an optional field",
          "example":""
        },
        "senderAuthorizationComments":{
          "type":"string",
          "description":"Comments of the Authorizer on authorizing the transaction. This is an optional field",
          "example":""
        }
      }
    },
    "Error_AppArea":{
      "type":"object",
      "properties":{
        "applicationArea":{
          "$ref":"#/definitions/applicationArea"
        },
        "responseStatus":{
          "$ref":"#/definitions/respStatus_RDO"
        }
      }
    },
    "Error":{
      "type":"object",
      "properties":{
        "responseStatus":{
          "$ref":"#/definitions/respStatus_RDO"
        }
      }
    },
    "respStatus_RDO":{
      "type":"object",
      "properties":{
        "status":{
          "type":"string",
          "example":"SUCCESS",
          "description":"Response Status. Values - SUCCESS/ERROR/WARNING"
        },
        "statusMessage":{
          "type":"string",
          "example":"Status Message"
        },
        "errorDetails":{
          "type":"array",
          "items":{
            "$ref":"#/definitions/errorDetails_RDO"
          }
        },
        "metaData":{
          "type":"object",
          "properties":{
            "dateFormat":{
              "type":"string",
              "example":"dd/MM/yyyy"
            }
          }
        }
      }
    },
    "errorDetails_RDO":{
      "type":"object",
      "properties":{
        "errorCode":{
          "type":"string",
          "description":"Code that defines the reason for the error. It is alphanumeric",
          "example":"SYS001"
        },
        "errorDesc":{
          "type":"string",
          "description":"Details of the exception that has occurred"
        }
      }
    },
    "chequeBookRequestStatusRequest":{
      "type":"object",
      "properties":{
        "applicationArea":{
          "$ref":"#/definitions/applicationArea"
        },
        "dataArea":{
          "type":"object",
          "properties":{
            "accountIdentifier":{
              "type":"string",
              "description":"Customer account number"
            },
            "accountingUnitIdentifier":{
              "type":"string",
              "description":"Company code of the customer (Islamic/Coventional)"
            }
          },
          "required":[
            "accountIdentifier"
          ]
        }
      },
      "required":[
        "applicationArea",
        "dataArea"
      ]
    },
    "chequeBookRequestStatusResponse":{
      "type":"object",
      "properties":{
        "applicationArea":{
          "$ref":"#/definitions/applicationArea"
        },
        "responseStatus":{
          "$ref":"#/definitions/respStatus_RDO"
        },
        "dataArea":{
          "type":"object",
          "properties":{
            "chequeBookRequestStatus":{
              "type":"array",
              "items":{
                "$ref":"#/definitions/chequeBookRequestStatusResponseObject"
              }
            }
          }
        }
      }
    },
    "chequeBookRequestStatusResponseObject":{
      "type":"object",
      "properties":{
        "accountIdentifier":{
          "type":"string",
          "description":"Customer account number"
        },
        "chequeName":{
          "type":"string"
        },
        "chequeCurrency":{
          "type":"string"
        },
        "chequeBookType":{
          "type":"string"
        },
        "numberOfChequeBooks":{
          "type":"integer"
        },
        "branchIdentifier":{
          "type":"string"
        },
        "requestedDateTime":{
          "type":"string",
          "example":"yyyy-MM-ddTHH:mm:ss"
        },
        "chequeStatusDescription":{
          "type":"string"
        },
        "chequeStatus":{
          "type":"string"
        }
      }
    },
    "chequeBookEligibilityRequest":{
      "type":"object",
      "properties":{
        "applicationArea":{
          "$ref":"#/definitions/applicationArea"
        },
        "dataArea":{
          "type":"object",
          "properties":{
            "accountIdentifier":{
              "type":"string",
              "description":"Customer Account Number"
            },
            "accountingUnitIdentifier":{
              "type":"string",
              "description":"Company code of the customer (Islamic/Coventional)"
            }
          }
        }
      }
    },
    "processCustomerScreeningRequest":{
      "type":"object",
      "properties":{
        "applicationArea":{
          "$ref":"#/definitions/applicationArea"
        },
        "dataArea":{
          "$ref":"#/definitions/processCustomerScreeningRequest_dataArea"
        }
      }
    },
    "processCustomerScreeningRequest_dataArea":{
      "properties":{
        "enquiryRefNumber":{
          "type":"string"
        },
        "accountNumber":{
          "type":"string"
        },
        "customerType":{
          "type":"string"
        },
        "userData":{
          "type":"string"
        },
        "customerDetails":{
          "$ref":"#/definitions/customer_RDO"
        }
      }
    },
    "customer_RDO":{
      "type":"object",
      "properties":{
        "bic":{
          "type":"string"
        },
        "clearingCode":{
          "type":"string"
        },
        "name":{
          "type":"string"
        },
        "firstName":{
          "type":"string"
        },
        "middleName":{
          "type":"string"
        },
        "lastName":{
          "type":"string"
        },
        "contactDetails":{
          "$ref":"#/definitions/contactDetails_RDO"
        },
        "identification":{
          "type":"array",
          "items":{
            "$ref":"#/definitions/identification_RDO"
          }
        }
      }
    },
    "contactDetails_RDO":{
      "type":"object",
      "properties":{
        "type":{
          "type":"string"
        },
        "address1":{
          "type":"string"
        },
        "address2":{
          "type":"string"
        },
        "address3":{
          "type":"string"
        },
        "address4":{
          "type":"string"
        },
        "address5":{
          "type":"string"
        },
        "streetName":{
          "type":"string"
        },
        "buildingName":{
          "type":"string"
        },
        "zipCode":{
          "type":"string"
        },
        "city":{
          "type":"string"
        },
        "country":{
          "type":"string"
        },
        "countryCode":{
          "type":"string"
        },
        "state":{
          "type":"string"
        },
        "email":{
          "type":"string"
        },
        "birthPlace":{
          "type":"string"
        },
        "birthDate":{
          "type":"string"
        },
        "consumerNumber":{
          "type":"string"
        },
        "phone":{
          "$ref":"#/definitions/phone_RDO"
        }
      }
    },
    "phone_RDO":{
      "type":"object",
      "properties":{
        "office":{
          "type":"string"
        },
        "residence":{
          "type":"string"
        },
        "mobile":{
          "type":"string"
        },
        "alternate":{
          "type":"string"
        },
        "residenceAlternate":{
          "type":"string"
        },
        "fax":{
          "type":"string"
        }
      }
    },
    "identification_RDO":{
      "type":"object",
      "properties":{
        "type":{
          "type":"string"
        },
        "value":{
          "type":"string"
        }
      }
    },
    "processCustomerScreeningResponse":{
      "type":"object",
      "properties":{
        "applicationArea":{
          "$ref":"#/definitions/applicationArea"
        },
        "responseStatus":{
          "$ref":"#/definitions/respStatus_RDO"
        },
        "dataArea":{
          "$ref":"#/definitions/chequeBookEligibilityResponse_dataArea"
        }
      }
    },
    "chequeBookEligibilityResponse_dataArea":{
      "properties":{
        "accountIdentifier":{
          "type":"string",
          "description":"Customer Account Number"
        },
        "customerName":{
          "type":"string",
          "description":"Name of the Account"
        },
        "currency":{
          "type":"string",
          "description":"Currency of the Account in which the Cheque Book will be issued"
        },
        "isChequeRequestAllowed":{
          "type":"string",
          "example":"Y",
          "description":"Specifies if the Cheque Book request allowed for the Account Product"
        },
        "reason":{
          "type":"string",
          "description":"Specifies if the Cheque Book request allowed for the Account Product"
        }
      }
    },
    "chequeBookEligibilityResponse":{
      "type":"object",
      "properties":{
        "applicationArea":{
          "$ref":"#/definitions/applicationArea"
        },
        "responseStatus":{
          "$ref":"#/definitions/respStatus_RDO"
        },
        "dataArea":{
          "type":"object",
          "properties":{
            "accountIdentifier":{
              "type":"string",
              "description":"Customer Account Number"
            },
            "customerName":{
              "type":"string",
              "description":"Name of the Customer"
            },
            "currency":{
              "type":"string",
              "description":"Currency of the Cheque Book"
            },
            "isChequeRequestAllowed":{
              "type":"string",
              "example":"Y",
              "description":"Specifies if the Cheque Book Request Allowed "
            },
            "reason":{
              "type":"string"
            }
          }
        }
      }
    }
  }
}