{
  "swagger": "2.0",
  "info": {
    "description": "Rewards API provides functionalities to retrieve rewards balances, program subscription details, reward transaction history and reward redemption. These services also caters to the enrollment of customers and products to the loyalty program and notifications to customers",
    "version": "1.0.0",
    "title": "Loyalty Services"
  },
  "host": "api.bankfab.com",
  "basePath": "/rewards/v1",
  "schemes": [
    "http",
    "https"
  ],
  "paths": {
    "/accrual": {
      "post": {
        "tags": [
          "Rewards"
        ],
        "summary": "Points Accrual at Loyalty system",
        "description": "Service is used to accrue points at Loyalty system",
        "operationId": "executeRewardsAccrual",
        "consumes": [
          "application/json"
        ],
        "produces": [
          "application/json"
        ],
        "parameters": [
          {
            "in": "body",
            "name": "executeRewardsAccrual",
            "description": "Service used to accrue points at Loyalty system",
            "required": false,
            "schema": {
              "$ref": "#/definitions/executeRewardsAccrualRequest"
            }
          }
        ],
        "responses": {
          "200": {
            "description": "accrual Response",
            "schema": {
              "$ref": "#/definitions/executeRewardsAccrualResponse"
            }
          },
          "default": {
            "description": "default response for this task."
          }
        }
      }
    },
    "/balance": {
      "post": {
        "tags": [
          "Rewards"
        ],
        "summary": "Fetches Reward Balances",
        "description": "This service is used to provide rewards balances of all reward programs based on Customer Identification Number",
        "operationId": "getRewardsBalance",
        "consumes": [
          "application/json"
        ],
        "produces": [
          "application/json"
        ],
        "parameters": [
          {
            "in": "body",
            "name": "getRewardsBalanceRequest",
            "description": "Body parameters in the request for this task.",
            "required": false,
            "schema": {
              "$ref": "#/definitions/RewardsBalanceRequest"
            }
          }
        ],
        "responses": {
          "200": {
            "description": "Rewards Balance Response",
            "schema": {
              "$ref": "#/definitions/RewardsBalanceResponse"
            }
          },
          "default": {
            "description": "default response for this task."
          }
        }
      }
    },
    "/cancel": {
      "post": {
        "tags": [
          "Rewards"
        ],
        "summary": "Cancel Rewards Redemption",
        "description": "This service is getting called by consumer incase of technical error at redemption request or incase of business reversal",
        "operationId": "cancelRewardsRedemption",
        "consumes": [
          "application/json"
        ],
        "produces": [
          "application/json"
        ],
        "parameters": [
          {
            "in": "body",
            "name": "cancelRewardsRedemptionRequest",
            "description": "Cancel Reward Redemption",
            "required": false,
            "schema": {
              "$ref": "#/definitions/cancelRewardsRedemptionRequest"
            }
          }
        ],
        "responses": {
          "200": {
            "description": "Cancel Reward Redemption Response",
            "schema": {
              "$ref": "#/definitions/cancelRewardsRedemptionResponse"
            }
          },
          "default": {
            "description": "default response for this task."
          }
        }
      }
    },
    "/create": {
      "post": {
        "tags": [
          "Rewards"
        ],
        "summary": "Enrolls customer to loyalty programme",
        "description": "Service is used to enroll customer Identification Number for Loyalty programme",
        "operationId": "createRewardsEntity",
        "consumes": [
          "application/json"
        ],
        "produces": [
          "application/json"
        ],
        "parameters": [
          {
            "in": "body",
            "name": "createRewardsEntityRequest",
            "description": "loyalty Enrollment Request Parameters",
            "required": false,
            "schema": {
              "$ref": "#/definitions/createRewardsEntityRequest"
            }
          }
        ],
        "responses": {
          "200": {
            "description": "Enrollment Response",
            "schema": {
              "$ref": "#/definitions/createRewardsEntityResponse"
            }
          },
          "default": {
            "description": "default response for this task."
          }
        }
      }
    },
    "/map/subscriptiondetails/fetch": {
      "post": {
        "tags": [
          "Rewards"
        ],
        "summary": "Get Miles Subscription Details",
        "description": "Service used to Fetch Miles programme subscription details and miles voucher details",
        "operationId": "getProgrammeSubscriptionDetails",
        "consumes": [
          "application/json"
        ],
        "produces": [
          "application/json"
        ],
        "parameters": [
          {
            "in": "body",
            "name": "getProgrammeSubscriptionDetails",
            "description": "Service used to Fetch Miles programme subscription details and miles voucher details",
            "required": false,
            "schema": {
              "$ref": "#/definitions/milesProgrammeSubscriptionRequest"
            }
          }
        ],
        "responses": {
          "200": {
            "description": "UpdateRewardsEntity Response",
            "schema": {
              "$ref": "#/definitions/milesProgrammeSubscriptionResponse"
            }
          },
          "default": {
            "description": "default response for this task."
          }
        }
      }
    },
    "/notification": {
      "post": {
        "tags": [
          "Rewards"
        ],
        "summary": "Send Rewards Notifications",
        "description": "This service is called by Loyalty system to send notifications to customers",
        "operationId": "sendRewardsNotification",
        "consumes": [
          "application/json"
        ],
        "produces": [
          "application/json"
        ],
        "parameters": [
          {
            "in": "body",
            "name": "sendRewardsNotification",
            "description": "Body parameters in the request for this task.",
            "required": false,
            "schema": {
              "$ref": "#/definitions/sendRewardsNotification"
            }
          }
        ],
        "responses": {
          "default": {
            "description": "default response for this task."
          }
        }
      }
    },
    "/notify/transaction": {
      "post": {
        "tags": [
          "Rewards"
        ],
        "summary": "Push Reward transactions to Central Data respository",
        "description": "Service is used to synch reward transactions(i.e. accrual or redemption) details to Central Data respository",
        "operationId": "notifyRewardTransaction",
        "consumes": [
          "application/json"
        ],
        "produces": [
          "application/json"
        ],
        "parameters": [
          {
            "in": "body",
            "name": "notifyRewardTransaction",
            "description": "Body parameters in the request for this task.",
            "required": false,
            "schema": {
              "$ref": "#/definitions/notifyRewardsTransaction"
            }
          }
        ],
        "responses": {
          "default": {
            "description": "default response for this task."
          }
        }
      }
    },
    "/paychargeandfee": {
      "post": {
        "tags": [
          "Rewards"
        ],
        "summary": "Redeem Rewards",
        "description": "This service is used to Reverse Transaction, Annual Fee and Charges on credit and debit cards by redeeming Reward points at Loyalty System",
        "operationId": "payChargeAndFeeWithPoints",
        "consumes": [
          "application/json"
        ],
        "produces": [
          "application/json"
        ],
        "parameters": [
          {
            "in": "body",
            "name": "payChargeAndFeeWithPoints",
            "description": "Body parameters in the request for this task.",
            "required": false,
            "schema": {
              "$ref": "#/definitions/payChargeAndFeeWithPointsRequest"
            }
          }
        ],
        "responses": {
          "200": {
            "description": "payCharge  Response",
            "schema": {
              "$ref": "#/definitions/payChargeAndFeeWithPointsResponse"
            }
          },
          "default": {
            "description": "default response for this task."
          }
        }
      }
    },
    "/redemption": {
      "post": {
        "tags": [
          "Rewards"
        ],
        "summary": "Redeem Points",
        "description": "This service is called by consumer to perform payments with Reward points",
        "operationId": "executeRewardsRedemption",
        "consumes": [
          "application/json"
        ],
        "produces": [
          "application/json"
        ],
        "parameters": [
          {
            "in": "body",
            "name": "executeRewardsRedemptionRequest",
            "description": "Body parameters in the request for this task.",
            "required": false,
            "schema": {
              "$ref": "#/definitions/redeemRewardsRequest"
            }
          }
        ],
        "responses": {
          "200": {
            "description": "Redeem Rewards Response",
            "schema": {
              "$ref": "#/definitions/redeemRewardsResponse"
            }
          },
          "default": {
            "description": "default response for this task."
          }
        }
      }
    },
    "/transactionhistory": {
      "post": {
        "tags": [
          "Rewards"
        ],
        "summary": "Retrieve Reward Transaction History Details for customer",
        "description": "Retrieves Reward Transaction History Details for customer from Loyalty System",
        "operationId": "getRewardsTransactionHistory",
        "consumes": [
          "application/json"
        ],
        "produces": [
          "application/json"
        ],
        "parameters": [
          {
            "in": "body",
            "name": "getRewardsTransactionHistoryRequest",
            "description": "Body parameters in the request for this task.",
            "required": false,
            "schema": {
              "$ref": "#/definitions/RewardsTranscationHistory"
            }
          }
        ],
        "responses": {
          "200": {
            "description": "Rewards Transactions  Response",
            "schema": {
              "$ref": "#/definitions/RewardsTranscationHistoryResponse"
            }
          },
          "default": {
            "description": "default response for this task."
          }
        }
      }
    },
    "/update": {
      "post": {
        "tags": [
          "Rewards"
        ],
        "summary": "Enroll Loyalty Product and Update Loyalty Customer and Product attributes",
        "description": "Service is to used to add new loyalty Products(Cards/ Loans/ Accounts) and also to add or update existing Customer and Product attributes at Loyalty System",
        "operationId": "updateRewardsEntity",
        "consumes": [
          "application/json"
        ],
        "produces": [
          "application/json"
        ],
        "parameters": [
          {
            "in": "body",
            "name": "updateRewardsEntityRequest",
            "description": "Service is to used to add new loyalty Products(Cards/ Loans/ Accounts) and also used to add or update existing attributes at Loyalty System",
            "required": false,
            "schema": {
              "$ref": "#/definitions/updateRewardsEntityRequest"
            }
          }
        ],
        "responses": {
          "200": {
            "description": "UpdateRewardsEntity Response",
            "schema": {
              "$ref": "#/definitions/updateRewardsEntityResponse"
            }
          },
          "default": {
            "description": "default response for this task."
          }
        }
      }
    }
  },
  "definitions": {
    "payChargeAndFeeWithPointsResponse_RDO": {
      "type": "object",
      "properties": {
        "coreReferenceNumber": {
          "type": "string",
          "description": "Unique Reference number",
          "example": "78788"
        },
        "crossReferenceNumber": {
          "type": "string",
          "description": "Cross Reference number to the previous request",
          "example": "FT16***566"
        }
      }
    },
    "fundTransfer_RDO": {
      "type": "object",
      "required": [
        "chargeBearerIndicationType",
        "creditAccountNumber",
        "debitAccountNumber",
        "transactionAmount",
        "transactionCurrency"
      ],
      "properties": {
        "debitAccountNumber": {
          "type": "string",
          "description": "Debit Account Number",
          "example": "1*******23"
        },
        "debitAccountCurrency": {
          "type": "string",
          "description": "Currency of the Debit account ",
          "example": "AED "
        },
        "transactionCurrency": {
          "type": "string",
          "description": "Currency of Transaction ",
          "example": "AED "
        },
        "transactionAmount": {
          "type": "string",
          "description": "Amount of transaction ",
          "example": "450.50 "
        },
        "transactionDate": {
          "type": "string",
          "format": "date",
          "description": "Date on which transaction was done ",
          "example": "2019-01-21 "
        },
        "creditAccountNumber": {
          "type": "string",
          "description": "Credit account number ",
          "example": "1*********3"
        },
        "paymentDetails": {
          "type": "string",
          "description": "Details of the payment",
          "example": "Cc Payment"
        },
        "chargeBearerIndicationType": {
          "type": "string",
          "description": "Indicates the bearer of the charge for Fund Transfers ",
          "example": "SHA"
        },
        "chargeAccount": {
          "type": "string",
          "description": "From Which account charge to be collected",
          "example": "1********77"
        },
        "chargeToCustomer": {
          "type": "string",
          "description": "charge to customer yes/no",
          "example": true
        },
        "chargePaymentType": {
          "type": "string",
          "description": "payment type",
          "example": "our"
        },
        "charge": {
          "type": "array",
          "items": {
            "$ref": "#/definitions/charge"
          }
        },
        "transferType": {
          "type": "string",
          "description": "transfer type",
          "example": "own"
        },
        "accountingUnitIdentifier": {
          "type": "string",
          "description": "Core banking company Code",
          "example": "AE01001"
        },
        "transferMode": {
          "type": "string"
        },
        "taxAmount": {
          "type": "string"
        },
        "debitReference": {
          "type": "string",
          "description": "narration for statement",
          "example": "cashback"
        },
        "creditReference": {
          "type": "string",
          "description": "narration for statement",
          "example": "cashback"
        }
      }
    },
    "accountDetails_RDO": {
      "type": "object",
      "properties": {
        "title": {
          "type": "string"
        },
        "accountNumber": {
          "type": "number",
          "description": "Core banking Account number of customer",
          "example": "10*************6 "
        },
        "availableBalance": {
          "type": "string",
          "format": "double",
          "description": "Available balance of customer",
          "example": "50"
        },
        "currency": {
          "type": "string",
          "description": "Currency of transaction",
          "example": "AED"
        },
        "category": {
          "type": "string",
          "description": "category",
          "example": "cashback"
        },
        "status": {
          "type": "string"
        },
        "description": {
          "type": "string",
          "format": "double"
        },
        "openDate": {
          "type": "string",
          "description": "Open date",
          "example": 20012020,
          "format": "date"
        },
        "branchCode": {
          "type": "string",
          "description": "Branch Code",
          "example": "1221"
        },
        "postingRestrictionFlag": {
          "type": "string",
          "description": "This flag tell about posting restricton ",
          "example": "LIQ"
        },
        "statementDate": {
          "type": "string",
          "format": "date",
          "description": "Date of statement ",
          "example": "02-01-2020"
        },
        "alternateAccountNumber": {
          "type": "number"
        }
      }
    },
    "RewardsBalanceRequest_RDO": {
      "type": "object",
      "properties": {
        "customerIdentifier": {
          "type": "string",
          "description": "Core Banking customer Number"
        },
        "isRedemptionRatioRequired": {
          "type": "string",
          "description": "To retrieve rewards balance  including remdeption ratio set this flag to Y else set this falg to N ",
          "example": "Y/N "
        },
        "rewardProgram": {
          "type": "string",
          "description": "Pool type of loyalty program",
          "example": "FAB Reward/Etihad/Alfuttaim "
        },
        "productDetails": {
          "$ref": "#/definitions/productBasicInfo_RDO",
          "description": "Customer Identification  Number/card Number",
          "example": "54***********34"
        },
        "merchantDetails": {
          "$ref": "#/definitions/merchantDetails_RDO"
        }
      }
    },
    "Ratio_RDO": {
      "type": "object",
      "properties": {
        "quantity": {
          "type": "number"
        },
        "equivalentAmount": {
          "type": "string",
          "format": "double"
        }
      }
    },
    "redeemRewardsRequest_RDO": {
      "type": "object",
      "properties": {
        "customerIdentifier": {
          "type": "string",
          "description": "customer Number",
          "default": "10******27"
        },
        "redemptionType": {
          "type": "string",
          "description": " Type of redemeption",
          "example": "Cashback "
        },
        "productDetails": {
          "$ref": "#/definitions/productBasicInfo_RDO"
        },
        "merchantDetails": {
          "$ref": "#/definitions/merchantDetails_RDO"
        },
        "redemptionDetails": {
          "$ref": "#/definitions/redemptionDetails_RDO"
        },
        "transactionDetails": {
          "$ref": "#/definitions/transactionDetails_RDO"
        }
      }
    },
    "milesProgrammeSubscriptionRequest": {
      "type": "object",
      "properties": {
        "applicationArea": {
          "$ref": "#/definitions/ApplicationArea"
        },
        "dataArea": {
          "$ref": "#/definitions/customerIdentifier_RDO"
        }
      }
    },
    "milesProgram_RDO": {
      "type": "object",
      "properties": {
        "programIdentifier": {
          "type": "string"
        },
        "status": {
          "type": "string",
          "description": "Miles Program subscription status ",
          "example": " active/inactive"
        },
        "subscriptionFlag": {
          "type": "string",
          "description": "This field represents the  value for  Map Status",
          "example": "Verification success "
        },
        "subscriptionActivationDate": {
          "type": "string",
          "format": "date",
          "description": "This field represents the value for MapActivatedDate",
          "example": "20200121"
        },
        "subscriptionExpiryDate": {
          "type": "string",
          "description": "This field represents the value for Map Expiry",
          "example": "20200121"
        }
      }
    },
    "product_RDO": {
      "type": "object",
      "properties": {
        "cardDetails": {
          "$ref": "#/definitions/cardDetails_RDO"
        },
        "loanDetails": {
          "$ref": "#/definitions/loanDetails_RDO"
        },
        "accountDetails": {
          "$ref": "#/definitions/accountDetails_RDO"
        }
      }
    },
    "payChargeAndFeeWithPoints_RDO": {
      "type": "object",
      "properties": {
        "customerIdentifier": {
          "type": "string",
          "description": "Unique Customer Identification number",
          "example": "1*******7"
        },
        "transactionType": {
          "type": "string",
          "description": "Type of Transaction",
          "example": "Card"
        },
        "redemptionType": {
          "type": "string",
          "description": "Type of redemption",
          "example": "POS-Redemption"
        },
        "merchantDetails": {
          "$ref": "#/definitions/merchantDetails_RDO"
        },
        "loyaltyTransaction": {
          "$ref": "#/definitions/redemptionDetails_RDO"
        },
        "transactionDetails": {
          "$ref": "#/definitions/fundTransfer_RDO"
        },
        "cardTransaction": {
          "$ref": "#/definitions/cardTransaction_RDO"
        }
      }
    },
    "RespStatus_RDO": {
      "type": "object",
      "required": [
        "status"
      ],
      "properties": {
        "status": {
          "type": "string",
          "description": "Response Status. Values - SUCCESS/ERROR/WARNING",
          "example" : "SUCCESS"
        },
        "errorDetails": {
          "type": "array",
          "items": {
            "$ref": "#/definitions/ErrorDetails_RDO"
          }
        }
      }
    },
    "payChargeAndFeeWithPointsResponse": {
      "type": "object",
      "required": [
        "responseStatus"
      ],
      "properties": {
        "applicationArea": {
          "description": "header details echo backed in this block",
          "$ref": "#/definitions/ApplicationArea"
        },
        "dataArea": {
          "description": "This Block will be returned in case of success response from Loyalty System",
          "$ref": "#/definitions/payChargeAndFeeWithPointsResponse_RDO"
        },
        "responseStatus": {
          "description": "this block indicates success or failure of the transaction",
          "$ref": "#/definitions/RespStatus_RDO"
        }
      }
    },
    "executeRewardsAccrualResponse": {
      "type": "object",
      "required": [
        "responseStatus"
      ],
      "properties": {
        "applicationArea": {
          "description": "header details echo backed in this block",
          "$ref": "#/definitions/ApplicationArea"
        },
        "dataArea": {
          "description": "This Block will be returned in case of success response from Loyalty System",
          "$ref": "#/definitions/RewardsAccrualResponse_RDO"
        },
        "responseStatus": {
          "description": "this block indicates success or failure of the transaction",
          "$ref": "#/definitions/RespStatus_RDO"
        }
      }
    },
    "RewardsBalanceResponse_RDO": {
      "type": "object",
      "required": [
        "rewardProgramDetails"
      ],
      "properties": {
        "customerIdentifier": {
          "type": "string",
          "description": "Core Banking customer number",
          "example": "1*****5"
        },
        "redemptionEligibilityFlag ": {
          "type": "boolean",
          "description": "This field applicable only for POS terminals possible values are TRUE or FALSE. IF TRUE customer has minimum points to redeem if FALSE customer does not met thresold limit or customer pool balance is less than Ratio set at pool level."
        },
        "rewardProgramDetails": {
          "type": "array",
          "items": {
            "$ref": "#/definitions/RewardProgram_RDO"
          }
        },
        "productDetails": {
          "$ref": "#/definitions/productBasicInfo_RDO"
        }
      }
    },
    "map_RDO": {
      "type": "object",
      "properties": {
        "deactivationEffectiveDate": {
          "type": "string",
          "format": "date",
          "description": "MAP activation date",
          "example": 267280
        },
        "deactivatedDate": {
          "type": "string",
          "format": "date",
          "description": "MAP deactivation date",
          "example": 267281
        },
        "activationEndDate": {
          "type": "string",
          "format": "date",
          "description": "MAP activation date",
          "example": 2130960
        }
      }
    },
    "merchantDetails_RDO": {
      "type": "object",
      "properties": {
        "terminalIdentifier": {
          "type": "string",
          "description": "Terminal number",
          "example": 2130960
        },
        "merchantIdentifier": {
          "type": "string",
          "description": "Merchant number",
          "example": 2130960
        }
      }
    },
    "Address_RDO": {
      "type": "object",
      "properties": {
        "addressType": {
          "type": "string",
          "description": "Address type",
          "example": ""
        },
        "addressLine1": {
          "type": "string",
          "description": "Address line 1",
          "example": "address line 1"
        },
        "addressLine2": {
          "type": "string",
          "description": "Address line 2",
          "example": "address line 2"
        },
        "addressLine3": {
          "type": "string",
          "description": "Address line 3",
          "example": "address line 3"
        },
        "addressLine4": {
          "type": "string",
          "description": "Address line 4"
        },
        "city": {
          "type": "string",
          "description": "City",
          "example": "Sample city"
        },
        "state": {
          "type": "string",
          "description": "State",
          "example": "Emirate"
        },
        "country": {
          "type": "string",
          "description": "Country",
          "example": "Sample country"
        },
        "postalCode": {
          "type": "string",
          "description": "Postal Code",
          "example": "56**68"
        },
        "postOfficeBox": {
          "type": "string",
          "description": "PO box",
          "example": "21***3"
        }
      }
    },
    "ErrorDetails_RDO": {
      "type": "object",
      "properties": {
        "errorCode": {
          "type": "string",
          "description": "Code that defines the reason for the error. It is alphanumeric",
          "example": "SYS9999"
        },
        "errorDesc": {
          "type": "string",
          "description": "Details of the exception that has occurred",
          "example": "Technical Error in Interface"
        }
      }
    },
    "RewardsBalanceResponse": {
      "type": "object",
      "required": [
        "responseStatus"
      ],
      "properties": {
        "applicationArea": {
          "$ref": "#/definitions/ApplicationArea"
        },
        "dataArea": {
          "$ref": "#/definitions/RewardsBalanceResponse_RDO"
        },
        "responseStatus": {
          "$ref": "#/definitions/RespStatus_RDO"
        }
      }
    },
    "updateRewardsEntityRequest_RDO": {
      "type": "object",
      "properties": {
        "customerIdentifier": {
          "type": "string",
          "description": "Unique Customer Identification number ",
          "default": "10*******7"
        },
        "customerDetails": {
          "$ref": "#/definitions/InvolvedParty_RDO"
        },
        "productDetails": {
          "$ref": "#/definitions/product_RDO"
        },
        "milesProgramme": {
          "$ref": "#/definitions/milesProgram_RDO"
        }
      }
    },
    "cancelRewardsRedemptionRequest": {
      "type": "object",
      "properties": {
        "applicationArea": {
          "$ref": "#/definitions/ApplicationArea"
        },
        "dataArea": {
          "$ref": "#/definitions/cancelRewardsRedemptionRequest_RDO"
        }
      }
    },
    "loanDetails_RDO": {
      "type": "object",
      "properties": {
        "loanNumber": {
          "type": "string",
          "description": "Loan Identifier",
          "example": "LD********0"
        },
        "loanCategory": {
          "type": "string",
          "description": "loan category",
          "example": 1010
        },
        "status": {
          "type": "string",
          "description": "loan status",
          "example": "FWD"
        },
        "overDueStatus": {
          "type": "string",
          "description": "loan over due status",
          "example": "FWD"
        },
        "isInactive": {
          "type": "string",
          "description": "loan is active or not",
          "example": "active/inactive"
        },
        "customerName": {
          "type": "string",
          "description": "Name of the Customer",
          "example": "jack Jill"
        },
        "insurenceFee": {
          "type": "string",
          "format": "double",
          "description": "Insurance fee amount if any",
          "example": 200
        },
        "insurenceFlag": {
          "type": "string",
          "description": "Insurance flag",
          "example": null
        },
        "interestRate": {
          "type": "string",
          "format": "double",
          "description": "Interest rate for loan",
          "example": 8.1
        },
        "interestEffectiveDate": {
          "type": "string",
          "format": "date",
          "description": "Date from which interest is effective",
          "example": 267280
        },
        "description": {
          "type": "string",
          "description": "Loan description",
          "example": "Commercial Purchase-Buyout"
        },
        "subProduct": {
          "type": "string",
          "description": "Loan sub product",
          "example": "BOESCL0101"
        },
        "subProductDescription": {
          "type": "string",
          "description": "Sub product description",
          "example": "buyout laon"
        },
        "blockCode": {
          "type": "string",
          "description": "Loan block code",
          "example": "CUR"
        },
        "overDueBlockCode": {
          "type": "string",
          "description": "Loan overdue block code",
          "example": "CUR"
        },
        "disbursmentDate": {
          "type": "string",
          "format": "date",
          "description": "Loan disbursement date",
          "example": 267280
        },
        "valueDate": {
          "type": "string",
          "format": "date",
          "description": "Loan value",
          "example": 2000
        },
        "processingFee": {
          "type": "string",
          "description": "Loan processing fee",
          "example": 200
        },
        "processingFeeCode": {
          "type": "string",
          "description": "Loan processing code",
          "example": 10
        },
        "ddaFlag": {
          "type": "string",
          "description": "Direct debit flag",
          "example": "yes"
        },
        "disbursmentAmount": {
          "type": "string",
          "format": "double",
          "description": "Loan disbursement amount",
          "example": 2000
        },
        "loanCurrency": {
          "type": "string",
          "description": "Loan currency",
          "example": "AED"
        },
        "outstandingBalance": {
          "type": "string",
          "format": "double",
          "description": "Loan outstanding balance",
          "example": 2000
        },
        "remainingTenure": {
          "type": "string",
          "description": "Loan remaining tenure",
          "example": 1
        },
        "anniversaryDate": {
          "type": "string",
          "format": "date",
          "description": "Loan anniversary date",
          "example": 267281
        },
        "defermentId": {
          "type": "string",
          "description": "Loan deferment identifier",
          "example": "A0001"
        },
        "defermentFee": {
          "type": "string",
          "format": "double",
          "description": "Loan deferment fee",
          "example": 100
        },
        "loanTenure": {
          "type": "string",
          "description": "Total loan tenure",
          "example": 12
        },
        "originalLoanAmount": {
          "type": "string",
          "format": "double",
          "description": "Orignial laon amount",
          "example": 1000
        },
        "installmentAmount": {
          "type": "string",
          "format": "double",
          "description": "Loan installement amout",
          "example": 100
        },
        "effectiveInterest": {
          "type": "string",
          "format": "double",
          "description": "Loan effective interest rate",
          "example": 1.2
        },
        "interestSpread": {
          "type": "string",
          "format": "double",
          "description": "Loan interest spread",
          "example": 100
        },
        "bookingDate": {
          "type": "string",
          "format": "date",
          "description": "Loan booking date",
          "example": 267280
        },
        "maturityDate": {
          "type": "string",
          "format": "date",
          "description": "Loan maturity date",
          "example": 267280
        },
        "tenure": {
          "type": "string",
          "description": "Loan tenure",
          "example": 12
        },
        "installmentDate": {
          "type": "string",
          "format": "date",
          "description": "Loan installement date",
          "example": 267280
        },
        "fixedOrVariableFlag": {
          "type": "string",
          "description": "Fixed or variable",
          "example": "FIXED"
        },
        "closureDate": {
          "type": "string",
          "format": "date",
          "description": "Loan closure date",
          "example": 267280
        },
        "contractType": {
          "type": "string",
          "description": "Contract type",
          "example": "annuity"
        },
        "sector": {
          "type": "string",
          "description": "Loan sector",
          "example": 1001
        },
        "bankingType": {
          "type": "string",
          "description": "Banking type",
          "example": "HNI"
        },
        "lastPaymentDate": {
          "type": "string",
          "format": "date",
          "description": "Last payment date of loan",
          "example": 267280
        },
        "totalInstallment": {
          "type": "string",
          "description": "Total installement of loan",
          "example": 12
        },
        "remainingInstallment": {
          "type": "number",
          "description": "Loan remaining installement",
          "example": 1
        },
        "overDueAmount": {
          "type": "string",
          "format": "double",
          "description": "Loan overdue amount",
          "example": 200
        },
        "paymentsDelayCount": {
          "type": "string",
          "description": "Payment delayed for loan",
          "example": 1
        },
        "originalLoanTerm": {
          "type": "number",
          "description": "Original loan term",
          "example": null
        },
        "migratedFlag": {
          "type": "string",
          "description": "Loan migrated indicator",
          "example": "true or false"
        },
        "subSegment": {
          "type": "string",
          "description": "Subsegment",
          "example": 5001
        },
        "employerCategory": {
          "type": "string",
          "description": "Employer category"
        },
        "vehicleBrand": {
          "type": "string",
          "description": "Loan for vehical brand",
          "example": "BENZ"
        },
        "vehiclePrice": {
          "type": "string",
          "description": "Vehicle price",
          "example": 100000
        },
        "downPaymentAmount": {
          "type": "string",
          "format": "double",
          "description": "Down payment amount",
          "example": 25000
        },
        "postponementCount": {
          "type": "string",
          "description": "Loan postponement count",
          "example": 2
        }
      }
    },
    "RewardsTranscationHistory_RDO": {
      "type": "object",
      "properties": {
        "customerIdentifier": {
          "type": "string",
          "description": "Unique Customer Identification number ",
          "example": "1234567"
        },
        "rewardIdentifier": {
          "type": "string",
          "description": "Unique rewards identifier ",
          "example": "1******7"
        },
        "count": {
          "type": "string",
          "description": "Total number of results expected as part of a response ",
          "example": "5"
        },
        "startDate": {
          "type": "string",
          "description": "Start date to filter the transaction history based on dates",
          "example": "2020-01-21"
        },
        "endDate": {
          "type": "string",
          "description": "End date to filter the transaction history based on dates",
          "example": "2020-01-21"
        },
        "category": {
          "type": "string",
          "description": "Filter the transcation history based on transaction Category ",
          "example": "EARN"
        }
      }
    },
    "milesProgrammeSubscriptionResponse": {
      "type": "object",
      "required": [
        "responseStatus"
      ],
      "properties": {
        "applicationArea": {
          "$ref": "#/definitions/ApplicationArea"
        },
        "responseStatus": {
          "description": "this block indicates success or failure of the transaction",
          "$ref": "#/definitions/RespStatus_RDO"
        },
        "dataArea": {
          "$ref": "#/definitions/milesProgrammeSubscription_RDO"
        }
      }
    },
    "ContactPoint_RDO": {
      "type": "object",
      "properties": {
        "contactType": {
          "type": "string",
          "description": "Contact type"
        },
        "mobileNumber": {
          "type": "string",
          "description": "Mobile number"
        },
        "phoneNumber": {
          "type": "string",
          "description": "Phone number"
        },
        "email": {
          "type": "string",
          "description": "Email address"
        },
        "fax": {
          "type": "string",
          "description": "Fax"
        }
      }
    },
    "customerIdentifier_RDO": {
      "type": "object",
      "properties": {
        "customerIdentifier": {
          "type": "string"
        }
      }
    },
    "RewardProgram_RDO": {
      "type": "object",
      "properties": {
        "rewardIdentifier": {
          "type": "number",
          "description": "Pool id",
          "example": 1
        },
        "rewardName": {
          "type": "string",
          "description": "reward name",
          "example": "FAB reward"
        },
        "unitName": {
          "type": "string"
        },
        "rewardType": {
          "type": "string",
          "description": "reward type",
          "example": "FAB reward"
        },
        "redemptionType": {
          "type": "string",
          "description": "redemtpion type",
          "example": "POS redemption"
        },
        "balanceDetails": {
          "$ref": "#/definitions/RewardBalance_RDO"
        },
        "redemptionRatio": {
          "$ref": "#/definitions/Ratio_RDO"
        }
      }
    },
    "createRewardsEntityRequest_RDO": {
      "type": "object",
      "properties": {
        "customerIdentifier": {
          "type": "string",
          "description": "Core Banking customer Number",
          "default": "10******27"
        },
        "customerDetails": {
          "$ref": "#/definitions/InvolvedParty_RDO"
        },
        "milesProgramme": {
          "$ref": "#/definitions/milesProgram_RDO"
        }
      }
    },
    "RewardsAccrualResponse_RDO": {
      "type": "object",
      "required": [
        "accruedPoints",
        "referenceIdentifier"
      ],
      "properties": {
        "referenceIdentifier": {
          "type": "string",
          "description": "transaction ID generated by the Loyalty system this needs to be passed in case of Void payWithPoints(i.e. reversals)"
        },
        "accruedPoints": {
          "type": "string",
          "format": "double",
          "description": "Redeemed Amount"
        }
      }
    },
    "redemptionDetails_RDO": {
      "type": "object",
      "properties": {
        "rewardName": {
          "type": "string",
          "description": "pool name",
          "example": "FAB reward"
        },
        "redeemAmount": {
          "type": "string",
          "format": "double",
          "description": "redemption amount",
          "example": 200
        },
        "rewardIdentifier": {
          "type": "string",
          "description": "Pool id",
          "example": 1
        },
        "currency": {
          "type": "string"
        },
        "redeemPoints": {
          "description": "remdeption points",
          "example": 2000,
          "type": "string"
        },
        "conversionRatio": {
          "$ref": "#/definitions/Ratio_RDO"
        },
        "remarks": {
          "type": "string"
        }
      }
    },
    "sendRewardsNotification_RDO": {
      "type": "object",
      "properties": {
        "customerIdentifier": {
          "type": "string",
          "description": "customer Number",
          "default": "104***727"
        },
        "transactionType": {
          "type": "string",
          "description": "Type of transaction ",
          "example": "Earn/Redemption "
        },
        "emailFlag": {
          "type": "boolean",
          "description": " email notification indicator",
          "example": "True/False "
        },
        "smsFlag": {
          "type": "boolean",
          "description": " SMS notification indicator",
          "example": "True/False "
        },
        "pushNotificationFlag": {
          "type": "boolean",
          "description": " PUSH notification indicator",
          "example": "True/False "
        },
        "balanceSynchFlag": {
          "type": "boolean",
          "description": " Balance Synch indicator",
          "example": "True/False "
        },
        "rewardTransactionDate": {
          "type": "string",
          "description": "Reward transactionDate",
          "example": "21/01/2020 05:10 "
        },
        "redemptionCategories": {
          "type": "string",
          "description": "redemption categories",
          "example": "POS Redemption"
        },
        "accrualCategories": {
          "type": "string",
          "description": "accrual categories",
          "example": null
        },
        "smsText": {
          "type": "string",
          "description": "SMS Text for RFM campaigns",
          "example": "SMS Text for RFM campaigns"
        },
        "accrualType": {
          "type": "string",
          "description": "Type of accrual",
          "example": "First Login"
        },
        "redemptionType": {
          "type": "string",
          "description": "Type of redemption",
          "example": "POS"
        },
        "alertCode": {
          "type": "string",
          "description": "Alert code",
          "example": 1
        },
        "channel": {
          "type": "string",
          "description": "Source of channel e.g. internet banking/mobile banking",
          "example": "MBL"
        },
        "partnerName": {
          "type": "string"
        },
        "voucherName": {
          "type": "string"
        },
        "voucherValue": {
          "type": "string"
        },
        "ethiadGuestNumber": {
          "type": "string",
          "description": "Etihad Guest number of customer",
          "example": "2565554"
        },
        "referenceIdentifier": {
          "type": "string",
          "description": "XLS Transaction ID",
          "example": "545*******4"
        },
        "txnRemarks": {
          "type": "string",
          "description": "Free text Field",
          "example": "This is free text field"
        },
        "remarks": {
          "type": "string",
          "description": "Free text Field",
          "example": "This is free text field"
        },
        "programmeIdentifier": {
          "type": "string",
          "description": "Loyalty Pool Id",
          "example": "1"
        },
        "purcahseAmt": {
          "type": "string",
          "description": "Purchase Amount",
          "example": "1545.25"
        },
        "equivalentAmount": {
          "type": "string",
          "description": "redeem Point equivalent amount",
          "example": "200"
        },
        "preBalance": {
          "type": "string",
          "description": "Point Balance",
          "example": "200"
        },
        "pointsRedeemed": {
          "type": "string",
          "description": "Number of Points Redeemed",
          "example": "200"
        },
        "postBalance": {
          "type": "string",
          "description": "Number of Points post Redeemption",
          "example": "200"
        },
        "pointsAccrued": {
          "type": "string",
          "description": "Number of Points accrued",
          "example": "200"
        },
        "pointsReversed": {
          "type": "string",
          "description": "Number of Points reversed",
          "example": "200"
        },
        "pointsTransferred": {
          "type": "string",
          "description": "Number of Points transferred",
          "example": "200"
        },
        "pdfAttachment": {
          "type": "string",
          "format": "binary",
          "description": "Pdf attchement",
          "example": ""
        },
        "statement": {
          "$ref": "#/definitions/rewardsStatement_RDO",
          "description": "Reward Statement",
          "example": ""
        },
        "map": {
          "$ref": "#/definitions/map_RDO"
        }
      }
    },
    "RewardsTranscationHistory": {
      "type": "object",
      "properties": {
        "applicationArea": {
          "$ref": "#/definitions/ApplicationArea"
        },
        "dataArea": {
          "$ref": "#/definitions/RewardsTranscationHistory_RDO"
        }
      }
    },
    "payChargeAndFeeWithPointsRequest": {
      "type": "object",
      "properties": {
        "applicationArea": {
          "$ref": "#/definitions/ApplicationArea"
        },
        "dataArea": {
          "$ref": "#/definitions/payChargeAndFeeWithPoints_RDO"
        }
      }
    },
    "RewardsTranscationHistoryResponse": {
      "type": "object",
      "required": [
        "responseStatus"
      ],
      "properties": {
        "applicationArea": {
          "$ref": "#/definitions/ApplicationArea"
        },
        "dataArea": {
          "$ref": "#/definitions/RewardsTranscationHistoryResponse_RDO"
        },
        "responseStatus": {
          "$ref": "#/definitions/RespStatus_RDO"
        }
      }
    },
    "redeemRewardsResponse": {
      "type": "object",
      "required": [
        "responseStatus"
      ],
      "properties": {
        "applicationArea": {
          "description": "header details echo backed in this block",
          "$ref": "#/definitions/ApplicationArea"
        },
        "dataArea": {
          "description": "This Block will be returned in case of success response from Loyalty System",
          "$ref": "#/definitions/redeemRewardsResponse_RDO"
        },
        "responseStatus": {
          "description": "this block indicates success or failure of the transaction",
          "$ref": "#/definitions/RespStatus_RDO"
        }
      }
    },
    "notifyRewardsTransaction": {
      "type": "object",
      "properties": {
        "applicationArea": {
          "$ref": "#/definitions/ApplicationArea"
        },
        "dataArea": {
          "$ref": "#/definitions/notifyRewardsTransactionRequest_RDO"
        }
      }
    },
    "createRewardsEntityRequest": {
      "type": "object",
      "properties": {
        "applicationArea": {
          "$ref": "#/definitions/ApplicationArea"
        },
        "dataArea": {
          "$ref": "#/definitions/createRewardsEntityRequest_RDO"
        }
      }
    },
    "redeemRewardsResponse_RDO": {
      "type": "object",
      "required": [
        "redeemedAmount",
        "redeemedPoints",
        "referenceIdentifier"
      ],
      "properties": {
        "referenceIdentifier": {
          "type": "string",
          "description": "Transaction ID generated by the Loyalty system this needs to be passed in case of Void payWithPoints(i.e. reversals)"
        },
        "redeemedAmount": {
          "type": "string",
          "format": "double",
          "description": "Redeemed Amount"
        },
        "redeemedPoints": {
          "type": "string",
          "format": "double",
          "description": "Redeemed Amount",
          "example": 2000
        }
      }
    },
    "voucherDetails_RDO": {
      "type": "object",
      "properties": {
        "expiryDate": {
          "type": "string",
          "format": "date",
          "description": "voucher expiry date",
          "example": 267280
        },
        "amountSpent": {
          "type": "string",
          "format": "double",
          "description": "amount spent",
          "example": 100
        },
        "totalTargetAmount": {
          "type": "string",
          "format": "double",
          "description": "target amount for voucher",
          "example": 50000
        }
      }
    },
    "notifyRewardsTransactionRequest_RDO": {
      "type": "object",
      "properties": {
        "customerIdentifier": {
          "type": "string",
          "description": "core banking customer Number",
          "default": "10******27"
        },
        "externalIdentifier": {
          "type": "string"
        },
        "transactionIdentifier": {
          "type": "string"
        },
        "productDetails": {
          "$ref": "#/definitions/productBasicInfo_RDO"
        },
        "merchantDetails": {
          "$ref": "#/definitions/merchantDetails_RDO"
        },
        "accrualDetails": {
          "$ref": "#/definitions/accrualDetails_RDO"
        },
        "redemptionDetails": {
          "$ref": "#/definitions/redemptionDetails_RDO"
        },
        "transactionDetails": {
          "$ref": "#/definitions/transactionDetails_RDO"
        }
      }
    },
    "executeRewardsAccrualRequest": {
      "type": "object",
      "properties": {
        "applicationArea": {
          "$ref": "#/definitions/ApplicationArea"
        },
        "dataArea": {
          "$ref": "#/definitions/RewardsAccrualRequest_RDO"
        }
      }
    },
    "milesProgrammeSubscription_RDO": {
      "type": "object",
      "properties": {
        "milesProgram": {
          "$ref": "#/definitions/milesProgram_RDO"
        },
        "voucherDetails": {
          "$ref": "#/definitions/voucherDetails_RDO"
        }
      }
    },
    "sendRewardsNotification": {
      "type": "object",
      "properties": {
        "applicationArea": {
          "$ref": "#/definitions/ApplicationArea"
        },
        "dataArea": {
          "$ref": "#/definitions/sendRewardsNotification_RDO"
        }
      }
    },
    "RewardsAccrualRequest_RDO": {
      "type": "object",
      "properties": {
        "customerIdentifier": {
          "type": "string",
          "description": "customer Number",
          "default": "10******27"
        },
        "accrualType": {
          "type": "string"
        },
        "productDetails": {
          "$ref": "#/definitions/productBasicInfo_RDO"
        },
        "merchantDetails": {
          "$ref": "#/definitions/merchantDetails_RDO"
        },
        "transactionDetails": {
          "$ref": "#/definitions/transactionDetails_RDO"
        }
      }
    },
    "RewardsTranscationHistoryResponse_RDO": {
      "type": "object",
      "properties": {
        "customerIdentifier": {
          "type": "string"
        },
        "rewardTransactions": {
          "type": "array",
          "items": {
            "$ref": "#/definitions/rewardTransactions_RDO"
          }
        }
      }
    },
    "updateRewardsEntityResponse": {
      "type": "object",
      "required": [
        "responseStatus"
      ],
      "properties": {
        "applicationArea": {
          "$ref": "#/definitions/ApplicationArea"
        },
        "responseStatus": {
          "description": "this block indicates success or failure of the transaction",
          "$ref": "#/definitions/RespStatus_RDO"
        }
      }
    },
    "cardDetails_RDO": {
      "type": "object",
      "required": [
        "type"
      ],
      "properties": {
        "type": {
          "type": "string"
        },
        "cardNumber": {
          "type": "number",
          "description": "card number of customer ",
          "example": "52**********23 "
        },
        "cardActivationFlag": {
          "type": "string",
          "description": "activation flag for the card ",
          "example": "Y/N "
        },
        "membershipFeeWaiverFlag": {
          "type": "string",
          "description": "Flag to identify membership fee waiver ",
          "example": "1/0 "
        },
        "newAccountFlag": {
          "type": "string",
          "description": "Flag to identify the card action on card ",
          "example": "3"
        },
        "primaryCardFlag": {
          "type": "string",
          "description": "Flag to identify the card is primary or supplementary ",
          "example": "1/0"
        },
        "cardLogo": {
          "type": "string",
          "description": "identifies the product e.g Al futtaim platinum card",
          "example": "421 "
        },
        "cardBin": {
          "type": "number",
          "description": "1st 6 digit of card number",
          "example": "425664"
        },
        "creditLimit": {
          "type": "string",
          "format": "double",
          "description": "credit limit of card number",
          "example": "12500"
        },
        "accountOpenDate": {
          "type": "string",
          "format": "date",
          "description": "date on which account was opened ",
          "example": "25102018 "
        },
        "branchCode": {
          "type": "string",
          "description": "Branch Code ",
          "example": "123565 "
        },
        "deliveryStatus": {
          "type": "string"
        },
        "cardOpenDate": {
          "type": "string",
          "format": "date",
          "description": "date on which card was opened ",
          "example": "25102018 "
        },
        "accountBlockCode": {
          "type": "string",
          "description": "Block code of account1 in Fiserv",
          "example": "Z "
        },
        "cardBlockCode1": {
          "type": "string",
          "description": "Block code of account2 in Fiserv",
          "example": "H"
        },
        "posCode": {
          "type": "string",
          "description": "POS Code ",
          "example": "237"
        },
        "accountNumber": {
          "type": "string",
          "description": "Fiserv Account Number ",
          "example": "71***********5"
        },
        "cardBlockCode2": {
          "type": "string",
          "description": "Block code of card in Fiserv",
          "example": "L"
        },
        "billingCycle": {
          "type": "string",
          "description": "Billing cycle of account  in Fiserv",
          "example": "01"
        },
        "accountNumber1": {
          "type": "string"
        },
        "creditShieldStatus": {
          "type": "string",
          "description": "Flag to identify if insurance product is actv or not",
          "example": "Y/N"
        },
        "annualFeeFlag": {
          "type": "string",
          "description": "MEMBERSHIP WAIVER flag 1- Charge, 0- Do not charge",
          "example": "1"
        },
        "activationFlag": {
          "type": "string",
          "description": " card activation flag.",
          "example": "Y/N"
        },
        "oldCardNumber": {
          "type": "number",
          "description": " old card number after renwal/replacement/upgrade",
          "example": "45************45"
        },
        "accountBlockCode1": {
          "type": "string",
          "description": "account block code 1",
          "example": "G"
        },
        "accountBlockCode2": {
          "type": "string",
          "description": "account block code 2",
          "example": "F"
        }
      }
    },
    "productBasicInfo_RDO": {
      "type": "object",
      "properties": {
        "productIdentifier": {
          "type": "string"
        },
        "productType": {
          "type": "string"
        },
        "productExpiryDate": {
          "type": "string"
        }
      }
    },
    "InvolvedParty_RDO": {
      "type": "object",
      "properties": {
        "loyaltyFlag": {
          "type": "string",
          "description": "Flag to determine loyalty is active or not ",
          "example": " 0/1"
        },
        "daoCode": {
          "type": "string",
          "description": "Designated account officer code ",
          "example": "123"
        },
        "firstName": {
          "type": "string",
          "description": "customer first name ",
          "example": "First "
        },
        "lastName": {
          "type": "string",
          "description": "customer last name ",
          "example": "Last "
        },
        "middleName": {
          "type": "string",
          "description": "customer middle name ",
          "example": " "
        },
        "fullName": {
          "type": "string",
          "description": "customer full name  ",
          "example": "Full Name "
        },
        "prefix": {
          "type": "string",
          "description": "Customer Title ",
          "example": "MR"
        },
        "birthDate": {
          "type": "string",
          "format": "date",
          "description": "Birth Date ",
          "example": "20100101 "
        },
        "gender": {
          "type": "string",
          "description": "gender 0 - MALE 1 - FEMALE 2 - UNKNOWN",
          "example": " "
        },
        "nationality": {
          "type": "string",
          "description": "nationality",
          "example": "LA"
        },
        "emirate": {
          "type": "string",
          "description": "Emirate of customer ",
          "example": "Emirate "
        },
        "country": {
          "type": "string",
          "description": "county of customer ",
          "example": "UAE"
        },
        "martialStatus": {
          "type": "string",
          "description": "marital status of customer 2 - DIVORCED 1 - MARRIED 0 - SINGLE 3 - WIDOWED 4 - OTHER 5 - PARTNER ",
          "example": "5 "
        },
        "segment": {
          "type": "string",
          "description": "segment of customer",
          "example": "10"
        },
        "placeOfBirth": {
          "type": "string",
          "description": "place of birth city",
          "example": " "
        },
        "placeOfBirthCountry": {
          "type": "string",
          "description": "place of birth country",
          "example": "UAE"
        },
        "mnemonic": {
          "type": "string",
          "description": "mnemonic",
          "example": " "
        },
        "isResident": {
          "type": "string",
          "description": "is Resident",
          "example": " "
        },
        "shortName": {
          "type": "string",
          "description": "short name",
          "example": "SHORT"
        },
        "initiationType": {
          "type": "string",
          "description": "customer onboarding initiation type",
          "example": " "
        },
        "grossIncome": {
          "type": "string",
          "description": "gross income",
          "example": 55550
        },
        "employerName": {
          "type": "string",
          "description": "Employer Name",
          "example": "FAB"
        },
        "employmentStatus": {
          "type": "string",
          "description": "status of employment 0 - EMPLOYED 1 - OTHER2 - RETIRED3 SELF-EMPLOYED4 - STUDENT5 - UNEMPLOYED",
          "example": 5
        },
        "isPrimary": {
          "type": "boolean",
          "description": "is primary or not",
          "example": 1
        },
        "sector": {
          "type": "string",
          "description": "sector",
          "example": 5000
        },
        "target": {
          "type": "string",
          "description": "target",
          "example": 86
        },
        "identity": {
          "type": "array",
          "items": {
            "$ref": "#/definitions/Identity_RDO"
          }
        },
        "contacts": {
          "type": "array",
          "items": {
            "$ref": "#/definitions/ContactPoint_RDO"
          }
        },
        "address": {
          "type": "array",
          "items": {
            "$ref": "#/definitions/Address_RDO"
          }
        }
      }
    },
    "rewards_RDO": {
      "type": "object",
      "properties": {
        "rewardsIdentifier": {
          "type": "number",
          "description": "reward pool",
          "example": 1
        },
        "rewardsName": {
          "type": "number",
          "description": "pool name",
          "example": "fab reward"
        },
        "unitLabel": {
          "type": "string",
          "format": "double"
        },
        "pointsQuantity": {
          "type": "string",
          "description": "points quantitity",
          "example": 1000
        },
        "pointsExpiryDate": {
          "type": "string",
          "description": "point expiry date",
          "example": 267281
        },
        "redeemedAmount": {
          "type": "string",
          "format": "double",
          "description": "redeem amount",
          "example": 100
        },
        "redeemedAmountCurrency": {
          "type": "string",
          "format": "date",
          "description": "redeem currency",
          "example": 100
        },
        "creditDebitIndicator": {
          "type": "string",
          "description": "credit of debit indicator",
          "example": "CR"
        },
        "campaign": {
          "type": "array",
          "items": {
            "$ref": "#/definitions/campaign_RDO"
          }
        }
      }
    },
    "redeemRewardsRequest": {
      "type": "object",
      "properties": {
        "applicationArea": {
          "$ref": "#/definitions/ApplicationArea"
        },
        "dataArea": {
          "$ref": "#/definitions/redeemRewardsRequest_RDO"
        }
      }
    },
    "campaign_RDO": {
      "type": "object",
      "properties": {
        "name": {
          "type": "string"
        },
        "number": {
          "type": "string"
        },
        "type": {
          "type": "string"
        }
      }
    },
    "BalanceSummary_RDO": {
      "type": "object",
      "properties": {
        "points": {
          "type": "number",
          "description": "points",
          "example": 1000
        },
        "expiryDate": {
          "type": "string",
          "description": "expiry date of points",
          "example": 267280
        }
      }
    },
    "Identity_RDO": {
      "type": "object",
      "properties": {
        "identityType": {
          "type": "string",
          "description": "type of identity doc",
          "example": "EID"
        },
        "identityNumber": {
          "type": "string",
          "description": "Identity number",
          "example": "78*-****-****8"
        },
        "identityExpiryDate": {
          "type": "string",
          "format": "date",
          "description": "Identitiy expiry",
          "example": 267283
        },
        "identityIssueDate": {
          "type": "string",
          "format": "date",
          "description": "identity issue date",
          "example": "DDMMYYYY"
        },
        "identityIssuePlace": {
          "type": "string",
          "description": "identitiy issue place",
          "example": "Emirate"
        },
        "identityFileNumber": {
          "type": "string",
          "description": "identitiy file number",
          "example": "asda21112"
        }
      }
    },
    "updateRewardsEntityRequest": {
      "type": "object",
      "properties": {
        "applicationArea": {
          "$ref": "#/definitions/ApplicationArea"
        },
        "dataArea": {
          "$ref": "#/definitions/updateRewardsEntityRequest_RDO"
        }
      }
    },
    "accrualDetails_RDO": {
      "type": "object",
      "properties": {
        "rewardName": {
          "type": "string"
        },
        "accrualAmount": {
          "type": "string",
          "format": "double",
          "description": "accrual amount",
          "example": 1000
        },
        "rewardIdentifier": {
          "type": "string",
          "description": "pool Identifier",
          "example": 1
        },
        "currency": {
          "type": "string",
          "description": "transaction currency",
          "example": "AED"
        },
        "accrualPoints": {
          "type": "string",
          "description": "points accrued",
          "example": 200
        }
      }
    },
    "charge": {
      "type": "object",
      "properties": {
        "type": {
          "type": "string"
        },
        "amount": {
          "type": "string"
        }
      }
    },
    "RewardsBalanceRequest": {
      "type": "object",
      "properties": {
        "applicationArea": {
          "$ref": "#/definitions/ApplicationArea"
        },
        "dataArea": {
          "$ref": "#/definitions/RewardsBalanceRequest_RDO"
        }
      }
    },
    "RewardBalance_RDO": {
      "type": "object",
      "properties": {
        "rewardType": {
          "type": "string",
          "description": "Pool  Type in Loyaltysystem",
          "example": "Monetary/Non Monetary"
        },
        "totalPoints": {
          "type": "number",
          "description": "Total Rewards balance of the corresponding Pool",
          "example": 2000
        },
        "totalAmount": {
          "type": "string",
          "description": "Total  points equivalent amount",
          "example": 36
        },
        "currency": {
          "type": "string"
        },
        "balanceSummary": {
          "type": "array",
          "items": {
            "$ref": "#/definitions/BalanceSummary_RDO"
          }
        }
      }
    },
    "cardTransaction_RDO": {
      "type": "object",
      "properties": {
        "cardNumber": {
          "type": "number",
          "description": "card number for posting",
          "example": "32***********23"
        },
        "authorizationCode": {
          "type": "string",
          "description": "unique generated auth code",
          "example": 343242
        },
        "actionCode": {
          "type": "string",
          "description": "ASM action for posting",
          "example": "CHBK"
        },
        "narration": {
          "type": "string",
          "description": "naration of posting",
          "example": "cashback"
        },
        "amount": {
          "type": "string",
          "description": "amount of posting",
          "example": 220
        },
        "currency": {
          "type": "string",
          "description": "amount of posting",
          "example": 200
        },
        "planNumber": {
          "type": "string",
          "description": "plan number to which posting to be done",
          "example": 10001
        },
        "planSeqNumber": {
          "type": "string",
          "format": "double",
          "description": "plan seq number",
          "example": 1
        },
        "effectiveDate": {
          "type": "string",
          "description": "effective date of posting",
          "example": 267280
        },
        "cardSeqNumber": {
          "type": "string",
          "format": "date",
          "description": "seq number of card",
          "example": "92******9"
        }
      }
    },
    "cancelRewardsRedemptionResponse": {
      "type": "object",
      "required": [
        "responseStatus"
      ],
      "properties": {
        "applicationArea": {
          "$ref": "#/definitions/ApplicationArea"
        },
        "responseStatus": {
          "description": "this block indicates success or failure of the transaction",
          "$ref": "#/definitions/RespStatus_RDO"
        }
      }
    },
    "rewardsStatement_RDO": {
      "type": "object",
      "properties": {
        "openingBalance": {
          "type": "string",
          "format": "date",
          "description": "opening balance point",
          "example": 5000
        },
        "pointsRedeemed": {
          "type": "string",
          "format": "double",
          "description": "points redeemed",
          "example": 4000
        },
        "closingBalance": {
          "type": "string",
          "format": "double",
          "description": "closing balance of point",
          "example": 223232
        },
        "pointsExpiry": {
          "type": "string",
          "description": "points expriring",
          "example": 13123123
        },
        "pointsEarned": {
          "type": "string",
          "description": "points earned",
          "example": 13212
        },
        "date": {
          "type": "string",
          "description": "statement date",
          "example": 200120
        },
        "bonusPointsEarned": {
          "type": "string",
          "description": "bonus points earned",
          "example": 234234
        }
      }
    },
    "rewardTransactions_RDO": {
      "type": "object",
      "properties": {
        "transactionIdentifier": {
          "type": "string",
          "description": "transaction identfier"
        },
        "transactionReference": {
          "type": "string"
        },
        "transactionRemarks": {
          "type": "string"
        },
        "transactionDate": {
          "type": "string"
        },
        "transactionType": {
          "type": "string"
        },
        "transactionCategory": {
          "type": "string"
        },
        "merchantIdentifier": {
          "type": "string"
        },
        "merchantName": {
          "type": "string"
        },
        "purchaseAmount": {
          "type": "string"
        },
        "purchaseCurrency": {
          "type": "string"
        },
        "rewards": {
          "type": "array",
          "items": {
            "$ref": "#/definitions/rewards_RDO"
          }
        }
      }
    },
    "ApplicationArea": {
      "type": "object",
      "required": [
        "countryOfOrigin",
        "senderId",
        "transactionDateTime",
        "transactionId"
      ],
      "properties": {
        "properties": null,
        "correlationId": {
          "type": "string",
          "example": "1234DEFG89",
          "description": "Unique identifier used for identifying the transaction lifecycle"
        },
        "countryOfOrigin": {
          "maxLength": 2,
          "minLength": 2,
          "type": "string",
          "example": "AE",
          "description": "Country of origination of the request. ISO 3166 country codes in two bytes format"
        },
        "creationDateTime": {
          "type": "string",
          "format": "date-time",
          "description": "Creation date of the service in ISO 8601 YYYY-MM-DDTHH:MM:SS:sssZ format. This is an optional field"
        },
        "interfaceID": {
          "type": "string",
          "description": "Logical reference of the Interface that intiated the service. This is an optional field",
          "example": ""
        },
        "requiredExecutionDate": {
          "type": "string",
          "format": "date-time",
          "description": "Date on which the transaction needs to be actually posted in ISO 8601 YYYY-MM-DDTHH:MM:SS:sssZ format. This is an optional field"
        },
        "senderUserId": {
          "type": "string",
          "example": "",
          "description": "Sender's User ID. Information about a user who has initiated the transaction"
        },
        "senderBranchId": {
          "type": "string",
          "example": "",
          "description": "Sender's Branch ID. Information about a user who has initiated the transaction"
        },
        "senderId": {
          "type": "string",
          "example": "MOB",
          "description": "Unique identification for the consumer. This will be agreed by Service owner at the time of setup. It will need to be passed in all requests"
        },
        "transactionDateTime": {
          "type": "string",
          "format": "date-time",
          "description": "The data and time the request is initiated in ISO 8601 format: YYYY-MM-DDTHH:MM:SS:sssZ"
        },
        "transactionId": {
          "type": "string",
          "example": "WLT1254378DEFG",
          "description": "Unique transaction reference id assigned by the Sender to identify the message"
        },
        "transactionTimeZone": {
          "type": "string",
          "example": "",
          "description": "Timezone in which transaction is initiated"
        },
        "senderAuthorizationID": {
          "type": "string",
          "example": "",
          "description": "Identification of the Authorizer who has authorized the transaction. This is an optional field"
        },
        "senderReferenceID": {
          "type": "string",
          "example": "",
          "description": "Reference ID from Sender to identify the event that cause the service invocation. This is an optional field"
        },
        "senderAuthorizationComments": {
          "type": "string",
          "example": "",
          "description": "Comments of the Authorizer on authorizing the transaction. This is an optional field"
        },
        "senderCompanyCode": {
          "type": "string",
          "example": "",
          "description": "Sender's Company Code. This is an optional field"
        }
      }
    },
    "cancelRewardsRedemptionRequest_RDO": {
      "type": "object",
      "required": [
        "merchantDetails",
        "originalReferenceIdentifier",
        "originalTransactionTime",
        "productDetails",
        "reasonCode",
        "referenceIdentifier",
        "type"
      ],
      "properties": {
        "type": {
          "type": "string",
          "description": "Channel should pass value as ' CANCEL' for Technical Reversal and  value as 'REVERSAL' for Business Reversal"
        },
        "customerIdentifier": {
          "type": "string",
          "description": " Core banking customer Number",
          "default": "1042562727"
        },
        "reasonCode": {
          "type": "string"
        },
        "productDetails": {
          "$ref": "#/definitions/productBasicInfo_RDO"
        },
        "merchantDetails": {
          "$ref": "#/definitions/merchantDetails_RDO"
        },
        "referenceIdentifier": {
          "type": "string",
          "description": "transaction ID generated by the Loyalty system this needs to be passed in case of Void payWithPoints(i.e. in case of business  reversals)"
        },
        "originalReferenceIdentifier": {
          "type": "string",
          "description": "transaction ID sent in Redemption Request this will be sent incase of Technical errors along with originaltransactionTime and type as 'CANCEL'."
        },
        "originalTransactionTime": {
          "type": "string",
          "description": "transaction Time sent in Redemption Request. original transaction time  sent in Redemption Request this will be sent in case of Technical errors along with originaltransactionIdentifier and type as 'CANCEL'."
        }
      }
    },
    "createRewardsEntityResponse": {
      "type": "object",
      "required": [
        "responseStatus"
      ],
      "properties": {
        "applicationArea": {
          "$ref": "#/definitions/ApplicationArea"
        },
        "responseStatus": {
          "description": "this block indicates success or failure of the transaction",
          "$ref": "#/definitions/RespStatus_RDO"
        }
      }
    },
    "transactionDetails_RDO": {
      "type": "object",
      "properties": {
        "transactionCode": {
          "type": "string",
          "description": "transaction Code",
          "example": 4223
        },
        "benCountry": {
          "type": "string",
          "description": "country",
          "example": "AED"
        },
        "remarks": {
          "type": "string",
          "description": "remarks",
          "example": "Remarkds"
        },
        "transactionType": {
          "type": "string",
          "description": "transaction type",
          "example": 1
        },
        "processingCode": {
          "type": "string"
        },
        "transactionAmount": {
          "type": "string",
          "format": "double",
          "description": "transaction amount",
          "example": 12121
        },
        "transactionCurrency": {
          "type": "string",
          "description": "transaction currency",
          "example": "AED"
        },
        "billingAmount": {
          "type": "string",
          "format": "double",
          "description": "billing amount",
          "example": 200.1
        },
        "billingCurrency": {
          "type": "string",
          "description": "currency on which billing will be done",
          "example": "AED"
        },
        "authorisationCode": {
          "type": "string",
          "description": "unique auth code",
          "example": 12122020
        },
        "processingSystem": {
          "type": "string",
          "description": "processing system",
          "example": "FD"
        },
        "voucherNumber": {
          "type": "string",
          "description": "voucher number",
          "example": 12122020
        },
        "referenceNumber": {
          "type": "string",
          "description": "refernce number",
          "example": 12122020
        },
        "messageType": {
          "type": "string",
          "description": "message type",
          "example": 200
        },
        "presentationDate": {
          "type": "string",
          "description": "date",
          "example": 12122020
        },
        "transactionDate": {
          "type": "string",
          "description": "date",
          "example": 12122020
        },
        "transactionTime": {
          "type": "string",
          "description": "Time",
          "example": 1212
        },
        "acquirerIdentifier": {
          "type": "string",
          "description": "acqurier id",
          "example": 78788
        },
        "merchantCategoryCode": {
          "type": "string",
          "description": "Merchant category code",
          "example": 5341
        },
        "merchantName": {
          "type": "string",
          "description": "name of merchant on which transaction was done",
          "example": "Sale Merchant"
        },
        "posEntryMode": {
          "type": "string",
          "description": "entry mode of transaction",
          "example": 5
        },
        "transactionDescription": {
          "type": "string",
          "description": "Description of transaction",
          "example": "sale transaction"
        },
        "stan": {
          "type": "string",
          "description": "Unique number",
          "example": 78788
        }
      }
    }
  }
}