{
  "swagger":"2.0",
  "info": {
    "title": "Lead Management",
    "description": "Captures and tracks sales lead and oppertunities for cross-selling of products and services. Lead represents an individual or an organization who expresses an interest to be a customer",
    "version": "1.0.0"
  },
  "host":"api.bankfab.com",
  "schemes":[
    "https"
  ],
  "basePath":"/involvedparty/v2",
  "produces":[
    "application/json"
  ],
  "paths":{
    "/lead/create":{
      "post": {
        "summary": "Create Lead in CRM",
        "description": "Creates lead in the CRM system and lead reference identifier will be sent to the calling channel",
        "operationId": "createLead",
        "produces": [
          "application/json"
        ],
        "consumes": [
          "application/json"
        ],
        "parameters": [
          {
            "name": "createLeadRequest",
            "in": "body",
            "description": "Request Payload",
            "required": true,
            "schema": {
              "$ref": "#/definitions/CreateLeadRequest"
            }
          }
        ],
        "tags": [
          "Lead-Management"
        ],
        "responses": {
          "200": {
            "description": "Lead Creation Successful",
            "schema": {
              "$ref": "#/definitions/CreateLeadResponse"
            }
          },
          "default": {
            "description": "Unexpected error",
            "schema": {
              "$ref": "#/definitions/Error"
            }
          }
        }
      }
    },
    "/lead/update":{
      "post": {
        "summary": "Update Lead in CRM",
        "description": "Updates lead in CRM system and lead reference identifier with success flag is sent to the calling channel in the response",
        "operationId": "updateLead",
        "produces": [
          "application/json"
        ],
        "consumes": [
          "application/json"
        ],
        "parameters": [
          {
            "name": "updateLeadRequest",
            "in": "body",
            "description": "Request Payload",
            "required": true,
            "schema": {
              "$ref": "#/definitions/UpdateLeadRequest"
            }
          }
        ],
        "tags": [
          "Lead-Management"
        ],
        "responses": {
          "200": {
            "description": "Lead Updation Successful",
            "schema": {
              "$ref": "#/definitions/UpdateLeadResponse"
            }
          },
          "default": {
            "description": "Unexpected error",
            "schema": {
              "$ref": "#/definitions/Error"
            }
          }
        }
      }
    },
    "/lead/get":{
      "post": {
        "summary": "Retrieve Lead",
        "description": "Returns all the leads within the specified duration which are tagged to the user and channel",
        "operationId": "getLead",
        "produces": [
          "application/json"
        ],
        "consumes": [
          "application/json"
        ],
        "parameters": [
          {
            "name": "getLeadRequest",
            "in": "body",
            "description": "Request Payload",
            "required": true,
            "schema": {
              "$ref": "#/definitions/GetLeadRequest"
            }
          }
        ],
        "tags": [
          "Lead-Management"
        ],
        "responses": {
          "200": {
            "description": "Lead Retrieval Successful",
            "schema": {
              "$ref": "#/definitions/GetLeadResponse"
            }
          },
          "default": {
            "description": "Unexpected error",
            "schema": {
              "$ref": "#/definitions/Error"
            }
          }
        }
      }
    }
  },
  "definitions":{
    "CreateLeadRequest":{
      "type":"object",
      "properties":{
        "createLeadRequest":{
          "$ref":"#/definitions/InvolvedParty"
        }
      }
    },
    "UpdateLeadRequest":{
      "type":"object",
      "properties":{
        "updateLeadRequest":{
          "$ref":"#/definitions/InvolvedParty"
        }
      }
    },
    "GetLeadRequest":{
      "type":"object",
      "properties":{
        "lead":{
          "$ref":"#/definitions/GetLead"
        }
      }
    },
    "GetLead":{
      "type":"object",
      "properties":{
        "channel":{
          "$ref":"#/definitions/Channel"
        },
        "leadIdentifier":{
          "type":"string"
        },
        "isInterestedIn":{
          "type":"object",
          "$ref":"#/definitions/IsInterestedIn"
        },
        "fromDate":{
          "type":"string",
          "description":"Starting date range from when the lead information has to be retrieved. date range(From date and To date) should be less than 7 days",
          "example":"2019-11-18"
        },
        "toDate":{
          "type":"string",
          "description":"End date range, Date range (From date and To Date) should be less than or equal to 7 days and Date should be less than or equal to today() date",
          "example":"2019-11-25"
        }
      }
    },
    "CreateLeadResponse":{
      "type":"object",
      "properties":{
        "leadIdentifier":{
          "type":"string",
          "description":"Reference created for the lead opportunity"
        },
        "responseStatus":{
          "type":"string",
          "description" : "Response status. Values - SUCCESS/ERROR/WARNING",
          "example" : "SUCCESS"
        },
        "errorCode":{
          "type":"string",
          "description": "Code that defines the reason for the error. It is alphanumeric",
          "example": "SYS9999"
        },
        "errorMessage":{
          "type":"string",
          "description": "Details of the exception that has occurred",
          "example": "Technical Error in Interface"
        }
      }
    },
    "UpdateLeadResponse":{
      "type":"object",
      "properties":{
        "leadIdentifier":{
          "type":"string",
          "description":"Reference created for the lead opportunity update"
        },
        "responseStatus":{
          "type":"string",
          "description" : "Response status. Values - SUCCESS/ERROR/WARNING",
          "example" : "SUCCESS"
        },
        "errorCode":{
          "type":"string",
          "description": "Code that defines the reason for the error. It is alphanumeric",
          "example": "SYS9999"
        },
        "errorMessage":{
          "type":"string",
          "description": "Details of the exception that has occurred",
          "example": "Technical Error in Interface"
        }
      }
    },
    "GetLeadResponse":{
      "type":"object",
      "properties":{
        "lead":{
          "type":"array",
          "items":{
            "$ref":"#/definitions/InvolvedParty"
          }
        },
        "responseStatus":{
          "type":"string",
          "description" : "Response status. Values - SUCCESS/ERROR/WARNING",
          "example" : "SUCCESS"
        },
        "errorCode":{
          "type":"string",
          "description": "Code that defines the reason for the error. It is alphanumeric",
          "example": "SYS9999"
        },
        "errorMessage":{
          "type":"string",
          "description": "Details of the exception that has occurred",
          "example": "Technical Error in Interface"
        }
      }
    },
    "InvolvedPartyname_RDO":{
      "type":"object",
      "properties":{
        "firstName":{
          "type":"string",
          "description":"First name of the lead",
          "example":"First"
        },
        "lastName":{
          "type":"string",
          "description":"Last name of the lead",
          "example":"Last"
        },
        "middleNames":{
          "type":"string",
          "description":"Middle name of the lead",
          "example":"Middle"
        },
        "fullName":{
          "type":"string",
          "description":"Account Name of the SME lead, should be populated only if the lead has come for SME product",
          "example":"Test Baqala"
        }
      }
    },
    "ContactPoint_RDO":{
      "type":"object",
      "properties":{
        "telephoneNumber":{
          "type":"string",
          "description":"Phone Number of the lead, there is no classification if this should be a work phone or home phone of the lead",
          "example":"02XXXXXXX"
        },
        "mobileNumber":{
          "type":"string",
          "description":"Mobile number of the lead",
          "example":"050XXXXXXX"
        },
        "emailAddress":{
          "type":"string",
          "description":"Email address where the lead can be contacted",
          "example":"abc.xyz@abc.com"
        },
        "emirate":{
          "type":"string",
          "description":"Emirate where the lead resides, refer to the pre-defined list for the list of emirates",
          "example":"Abu Dhabi"
        },
        "country":{
          "type":"string",
          "description":"2-digit ISO country code of the lead",
          "example":"AE"
        },
        "city":{
          "type":"string",
          "description":"City name",
          "example":"Abu Dhabi"
        },
        "postalCode":{
          "type":"string",
          "description":"Postal Code of the Lead",
          "example":"63XX"
        },
        "addressLine1":{
          "type":"string",
          "description":"Address line1 of the lead",
          "example":"Address Line 1"
        },
        "addressLine2":{
          "type":"string",
          "description":"Address line2 of the lead",
          "example":"Address Line 2"
        }
      }
    },
    "ContactPreference_RDO":{
      "type":"object",
      "properties":{
        "contactPoint":{
          "type":"array",
          "items":{
            "$ref":"#/definitions/ContactPoint_RDO"
          }
        }
      }
    },
    "Employment_RDO":{
      "type":"object",
      "properties":{
        "name":{
          "type":"string",
          "description":"Name of the employer",
          "example":"FGIT"
        },
        "longevity":{
          "type":"string",
          "description":"Length of the service in months, defines how long the customer has worked with an employer",
          "example":"24"
        },
        "isEmployed":{
          "type":"string",
          "description":"Is the lead currently employed by the employer",
          "example":"Y"
        },
        "isPensioner":{
          "type":"string",
          "description":"Is the lead eligible for pension after the service",
          "example":"N"
        },
        "employmentType":{
          "type":"string",
          "description":"Employment Type if the lead is Self Employed, Full Time, Part Time, Trainee etc",
          "example":"Full Time"
        }
      }
    },
    "Income_RDO":{
      "type":"object",
      "properties":{
        "theCurrencyAmount":{
          "type":"string",
          "description":"Monthly Income of the lead, if not known provide -9999 as default value",
          "example":"20000"
        },
        "theCurrencyCode":{
          "type":"string",
          "description":"Monthly salary country currency code",
          "example":"AED"
        }
      }
    },
    "IsReferrencedIn":{
      "type":"object",
      "properties":{
        "description":{
          "type":"string",
          "description":"Provide lead comments where additional informtion can be captured and can also be used to capture corresponding values of the name attribute (Campaign Name/Branch Identifier/Meeting Location/Source By)",
          "example":"Comments"
        },
        "name":{
          "type":"string",
          "description":"This is an array identifer which defines the medium through which the a lead has heard about the product like Facebook,Newspaper,Branch etc or this attribute can be used like who this lead has to be assigned to or what is the meeting location - this should be as per the predefined list",
          "example":"Campaign Name/Branch Identifier/Meeting Location/Source By"
        }
      }
    },
    "ProductComponent_RDO":{
      "type":"object",
      "properties":{
        "productIdentifier":{
          "type":"string",
          "description":"Product Type, if it is Credit Card, Account etc. this should be as per the predefined list",
          "example":"Credit Card"
        },
        "productDescription":{
          "type":"string",
          "description":"Product Interest respective to the product type. this should be as per the predefined list",
          "example":"Abu Dhabi Platinum Card"
        },
        "productGroupName":{
          "type":"string",
          "description":"Product Philosophy.Default Value if data not present should be 'Conventional'. this should be as per the predefined list",
          "example":"Conventional"
        },
        "term":{
          "type":"string",
          "description":"Tenure of the product (e.g. loan) offered to the customer",
          "example":"24"
        },
        "numberOfUnits":{
          "type":"string",
          "description":"No of Units of the product offered to the customer. This is applicable in case of certificates and mandatory if product type is Certificate",
          "example":"4"
        },
        "productTier":{
          "type":"string",
          "description":"Product Tier if the selected product type is Product Bundle and product interest is Accelerator",
          "example":"Booster"
        }
      }
    },
    "IsInterestedIn":{
      "type":"object",
      "properties":{
        "productGroupName":{
          "type":"string",
          "description":"Product Philosophy, mandatory for bundle products. For simple products, this block would be empty",
          "example":"Conventional"
        },
        "productDescription":{
          "type":"string",
          "description":"Product interest respective to the bundle product type, mandatory for bundle products. For simple products, this block would be empty",
          "example":"Accelerator"
        },
        "productIdentifier":{
          "type":"string",
          "description":"Bundled Product Type, mandatory for bundle products. For simple products, this block would be empty",
          "example":"Product Bundle"
        },
        "term":{
          "type":"string",
          "description":"Tenure of the product (e.g. loan) offered to the customer for the bundled product",
          "example":"24"
        },
        "numberOfUnits":{
          "type":"string",
          "description":"No of Units of the product offered to the customer, this is applicable in case if the bundled product type is Certificate",
          "example":"4"
        },
        "requestedAmount":{
          "type":"string",
          "description":"requested loan amount in case of loan product",
          "example":"45000"
        },
        "currentEMI":{
          "type":"string",
          "description":"Current EMI for Top-up / Buyout Loans, conditional mandatory for Personal Loans or Buy out or DF Buy Out. Value should be as per predefined list",
          "example":"1200"
        },
        "productTier":{
          "type":"string",
          "description":"Product Tier if the selected product type is Product Bundle and product interest is Accelerator",
          "example":"Booster"
        },
        "isReferencedIn":{
          "type":"array",
          "items":{
            "$ref":"#/definitions/IsReferrencedIn"
          }
        },
        "productComponents":{
          "type":"array",
          "items":{
            "$ref":"#/definitions/ProductComponent_RDO"
          }
        }
      }
    },
    "Channel":{
      "type":"object",
      "properties":{
        "identifier":{
          "type":"string",
          "description":"Channel where the lead is originated from - this should be as per the predefined list",
          "example":"SFA"
        }
      }
    },
    "HasType":{
      "type":"object",
      "properties":{
        "name":{
          "type":"string",
          "description":"Document Type",
          "example":"Customer Declaration Form"
        },
        "description":{
          "type":"string"
        }
      }
    },
    "DocumentId_RDO":{
      "type":"object",
      "properties":{
        "identifier":{
          "type":"string",
          "description":"Document Id reference",
          "example":"A12345"
        }
      }
    },
    "UploadedBy_RDO":{
      "type":"object",
      "properties":{
        "identifier":{
          "type":"string",
          "description":"Document uploaded by staff, if document Id is present this is mandatory",
          "example":"Test Name"
        }
      }
    },
    "HasDocumentation":{
      "type":"object",
      "properties":{
        "documentId":{
          "$ref":"#/definitions/DocumentId_RDO"
        },
        "hasType":{
          "$ref":"#/definitions/HasType"
        },
        "title":{
          "type":"string",
          "description":"Document name",
          "example":"My CDF Form"
        },
        "uploadedBy":{
          "$ref":"#/definitions/UploadedBy_RDO"
        },
        "additionalInformation":{
          "type":"string",
          "description":"Document Comments, if document id is present this is mandatory",
          "example":"Contains Document Profile"
        }
      }
    },
    "Audit":{
      "type":"object",
      "properties":{
        "commentorId":{
          "type":"string",
          "description":"User Id who approved or rejected the lead",
          "example":"FAB1XX45"
        },
        "comment":{
          "type":"string",
          "description":"Respective comments related to approval or rejection, when the lead is rejected, rejection comments are mandatory",
          "example":"Credit Approved"
        },
        "commentBy":{
          "type":"string",
          "description":"User who provided Credit Comments or Rejection Comments",
          "example":"Test Name 2"
        },
        "rejectReasonCode":{
          "type":"string",
          "description":"Reject Reason code as per the predefined list to be provided when the lead is rejected",
          "example":"Insufficient Funds"
        }
      }
    },
    "Vehicle_RDO":{
      "type":"object",
      "properties":{
        "dealerName":{
          "type":"string",
          "description":"Name of the dealer, this is mandatory when Auto Loan product type is selected, this should be as per the predefined list",
          "example":"Auto Dealer Name"
        },
        "yearOfManufacture":{
          "type":"string",
          "description":"Provide the year when the vehicle is manufactured when Auto Loan product type is requested, this should be as per the predefined list",
          "example":"2014"
        },
        "cost":{
          "type":"string",
          "description":"Asset value of the vehicle, this should be mandatory when the Auto Loan product type is selected",
          "example":"45000"
        }
      }
    },
    "InvolvedParty":{
      "type":"object",
      "properties":{
        "name":{
          "$ref":"#/definitions/InvolvedPartyname_RDO"
        },
        "contactPreferences":{
          "$ref":"#/definitions/ContactPreference_RDO"
        },
        "isEmployedBy":{
          "$ref":"#/definitions/Employment_RDO"
        },
        "grossIncome":{
          "$ref":"#/definitions/Income_RDO"
        },
        "isReferencedIn":{
          "$ref":"#/definitions/IsReferrencedIn"
        },
        "channel":{
          "$ref":"#/definitions/Channel"
        },
        "birthDate":{
          "type":"string",
          "description":"Date of Birth, if DOB is not captured it should be defaulted to 1990-01-01",
          "example":"2009-12-24"
        },
        "nationality":{
          "type":"string",
          "description":"Nationality of the customer, if nationality is not captured it should be defaulted to OTHERS. Refer to the Nationality ISO list",
          "example":"AE"
        },
        "emiratesIdentifier":{
          "type":"string",
          "description":"Emirates Id. Only fixed 15 digit numeric value",
          "example":"784XXXXXXXXXXX8"
        },
        "passportNumber":{
          "type":"string",
          "description":"Passport Number of the customer",
          "example":"KXXXXXXX"
        },
        "oldPassportNumber":{
          "type":"string",
          "description":"Expired Passport number in case if the current passport is renewed",
          "example":"H2XXXXXX"
        },
        "foundationDate":{
          "type":"string",
          "description":"Customer Incorporation Date for SME, mandatory if Account Name (fullName) is provided",
          "example":"YYYY-MM-DD"
        },
        "tradeLicenseNumber":{
          "type":"string",
          "description":"Trade License Number of the SME customer, mandatory if Account Name (fullName) is provided",
          "example":"T5XXXXX"
        },
        "tradeLicenseNumberExpiryDate":{
          "type":"string",
          "description":"Customer Trade License Number Expiry Date, mandatory if Account Name (fullName) is provided",
          "example":"YYYY-MM-DD"
        },
        "isInterestedIn":{
          "type":"array",
          "items":{
            "$ref":"#/definitions/IsInterestedIn"
          }
        },
        "channelPreference":{
          "type":"string",
          "description":"Customer Preferred Communication Channel, this is as per the predefined list",
          "example":"Home"
        },
        "hasDocumentationItem":{
          "type":"array",
          "items":{
            "$ref":"#/definitions/HasDocumentation"
          }
        },
        "isECBRequired":{
          "type":"string",
          "description":"Is ECB check required for the customer",
          "example":"Y"
        },
        "gender":{
          "type":"string",
          "description":"Customer Gender as per the predefined list",
          "example":"M"
        },
        "creationDate":{
          "type":"string",
          "description":"Date when the lead is created",
          "example":"2019-12-16"
        },
        "createdBy":{
          "type":"string",
          "description":"Lead Created by, it is DSA user id. this should be mandatory field is the channel is SFA",
          "example":"O12345"
        },
        "leadStatus":{
          "type":"string",
          "description":"Lead status. it is mandatory for channel = SFA. Consumer has to pass 'Credit Review' in this field. This should be as per predefined list",
          "example":"Credit Review"
        },
        "leadIdentifier":{
          "type":"string",
          "description":"Unique Lead Id created during the creation of lead",
          "example":"1-1267J"
        },
        "audit":{
          "type":"array",
          "items":{
            "$ref":"#/definitions/Audit"
          }
        },
        "vehicleDetails":{
          "$ref":"#/definitions/Vehicle_RDO"
        }
      }
    },
    "Error":{
      "type":"object",
      "properties":{
        "code":{
          "type":"integer",
          "format":"int32",
          "description": "Code that defines the reason for the error",
          "example": "9999"
        },
        "message":{
          "type":"string",
          "description": "Details of the exception that has occurred",
          "example": "Technical Error"
        },
        "fields":{
          "type":"string"
        }
      }
    }
  }
}