{
  "swagger" : "2.0",
  "info" : {
    "title" : "Salik Utility",
    "version" : "1.0.0",
    "description" : "Salik Utility Services facilitates bill payments to Salik utility service providers"
  },
  "host" : "api.bankfab.com",
  "schemes" : [ "https" ],
  "basePath" : "/utility/salik/v1",
  "paths" : {
    "/bills/balance" : {
      "post" :  {
        "tags": [
          "Utility-Services"
        ],
        "operationId" : "salikBalanceEnquiry",
        "responses" : {
          "200" : {
            "description" : "SALIK Balance Enquiry",
            "schema" : {
              "$ref" : "#/definitions/sewaDewaSalikBalanceEnquiryResponse"
            }
          }
        },
        "consumes" : [ "application/json" ],
        "produces" : [ "application/json" ],
        "summary" : "Retrieve Balance",
        "description" : "Intiate a Balance Enquiry with the Salik service provider",
        "parameters" : [ {
          "name" : "body",
          "in" : "body",
          "schema" : {
            "$ref" : "#/definitions/salikConsumerRequest"
          },
          "description" : "The request body for the operation",
          "required" : true
        } ]
      }
    },
    "/bills/payment/byaccount" : {
      "post" :  {
        "tags": [
          "Utility-Services"
        ],
        "operationId" : "salikAccountPayment",
        "responses" : {
          "200" : {
            "description" : "SALIK Account Payment",
            "schema" : {
              "$ref" : "#/definitions/commonPaymentResponse"
            }
          }
        },
        "consumes" : [ "application/json" ],
        "produces" : [ "application/json" ],
        "summary" : "Post Bill Payment by Account",
        "description" : "Executes a payment with the Salik service provider from a CASA account",
        "parameters" : [ {
          "name" : "body",
          "in" : "body",
          "schema" : {
            "$ref" : "#/definitions/salikAccountPaymentReq"
          },
          "description" : "The request body for the operation",
          "required" : true
        } ]
      }
    },
    "/bills/payment/bycreditcard" : {
      "post" : {
        "tags": [
          "Utility-Services"
        ],
        "operationId" : "salikCardPayment",
        "responses" : {
          "200" : {
            "description" : "SALIK Card Payment",
            "schema" : {
              "$ref" : "#/definitions/commonPaymentResponse"
            }
          }
        },
        "consumes" : [ "application/json" ],
        "produces" : [ "application/json" ],
        "summary" : "Post Bill Payment by Credit card",
        "description" : "Executes a payment with the Salik service provider by using credit card",
        "parameters" : [ {
          "name" : "body",
          "in" : "body",
          "schema" : {
            "$ref" : "#/definitions/salikCardPaymentReq"
          },
          "description" : "The request body for the operation",
          "required" : true
        } ]
      }
    },
    "/bills/payment/byprepaidcard" : {
      "post" :  {
        "tags": [
          "Utility-Services"
        ],
        "operationId" : "salikPrepaidCardPayment",
        "responses" : {
          "200" : {
            "description" : "SALIK Prepaid Card Payment",
            "schema" : {
              "$ref" : "#/definitions/commonPaymentResponse"
            }
          }
        },
        "consumes" : [ "application/json" ],
        "produces" : [ "application/json" ],
        "summary" : "Post Bill Payment by Prepaid card",
        "description" : "Executes a payment with the Salik service provider by using prepaid card",
        "parameters" : [ {
          "name" : "body",
          "in" : "body",
          "schema" : {
            "$ref" : "#/definitions/salikCardPaymentReq"
          },
          "description" : "The request body for the operation",
          "required" : true
        } ]
      }
    }
  },
  "definitions" : {
    "responseStatus" : {
      "type" : "object",
      "properties" : {
        "status" : {
          "type" : "string",
          "example" : "SUCCESS",
          "description": "Response Status. Values - SUCCESS/ERROR/WARNING"
        },
        "error" : {
          "type" : "object",
          "properties" : {
            "code" : {
              "type" : "string",
              "description": "Code that defines the reason for the error. It is alphanumeric",
              "example": "SYS9999"
            },
            "description" : {
              "type" : "string",
              "description": "Details of the exception that has occurred",
              "example": "Technical Error in Interface"
            }
          }
        }
      },
      "required" : [ "status" ]
    },
    "genericError" : {
      "type" : "object",
      "properties" : {
        "responseStatus" : {
          "$ref" : "#/definitions/diResponseStatus"
        }
      }
    },
    "diResponseStatus" : {
      "type" : "array",
      "items" : {
        "type" : "object",
        "properties" : {
          "status" : {
            "type" : "string",
            "example" : "SUCCESS/ERROR",
            "description": "response status"
          },
          "errorCode" : {
            "type" : "string",
            "example" : "sys001",
            "description": "Error code"
          },
          "errorDesc" : {
            "type" : "string",
            "example" : "system is down",
            "description": "error code description"
          }
        }
      }
    },
    "cardPaymentRequest" : {
      "type" : "object",
      "properties" : {
        "accountingUnitIdentifier" : {
          "type" : "string",
          "example" : "AEXX1XXX1",
          "description" : "This is the accounting unit. It specifies that for which instance of core application this customer identifier belong to"
        },
        "creditCardNo" : {
          "type" : "string",
          "example" : "410038XXXXXX7144",
          "description": "Credit card number"
        },
        "prepaidCardNo" : {
          "type" : "string",
          "example" : "410038XXXXXX7144",
          "description": "Prepaid card number"
        },
        "currencyCode" : {
          "type" : "string",
          "example" : "AED",
          "description": "The currency code of the transaction in ISO 4217 format"
        },
        "transactionAmount" : {
          "type" : "string",
          "example" : "3315.0",
          "description": "Transaction amount"
        },
        "transactionId" : {
          "type" : "string",
          "example" : "363782XXXXX172705",
          "description": "A unique transaction id"
        },
        "amountDue" : {
          "type" : "string",
          "example" : "3315.0",
          "description": "Amount due"
        },
        "availableBalance" : {
          "type" : "string",
          "example" : "3315.0",
          "description": "Available Balance"
        },
        "txnRefNo" : {
          "type" : "string",
          "example" : "ATM123658",
          "description": "Transaction Reference number"
        },
        "paymentDetails" : {
          "type" : "string",
          "example" : "UtilityService",
          "description": "Payment details"
        },
        "reqDetails" : {
          "type" : "string",
          "example" : "UtilityService",
          "description": "Request details"
        },
        "billerCode" : {
          "type" : "string",
          "example" : "UtilityService",
          "description": "Biller code like SALIK"
        },
        "senderLocation" : {
          "type" : "string",
          "example" : "UtilityService",
          "description": "sender location details like Abu Dhabi"
        },
        "interfaceId" : {
          "type" : "string",
          "example" : "UtilityService",
          "description": "Interface id details"
        }
      },
      "required" : [ "currencyCode", "transactionAmount", "transactionId" ]
    },
    "accountPaymentRequest" : {
      "type" : "object",
      "properties" : {
        "accountingUnitIdentifier" : {
          "type" : "string",
          "example" : "AE0010001",
          "description" : "This is the accounting unit. It specifies that for which instance of core application this customer identifier belong to"
        },
        "accountNo" : {
          "type" : "string",
          "example" : "12XXXXXXXXXXXX20",
          "description" :"Account number of the customer"
        },
        "accountType" : {
          "type" : "string",
          "example" : "CH",
          "description" :"Type of Account like saving account (SA), Current Account (CA)"
        },
        "currencyCode" : {
          "type" : "string",
          "example" : "AED",
          "description": "The currency code of the transaction in ISO 4217 format"
        },
        "transactionAmount" : {
          "type" : "string",
          "example" : "3315.0",
          "description": "Tranaction amount in source currency"
        },
        "transactionId" : {
          "type" : "string",
          "example" : "3637XXXX314172705",
          "description": "A unique Tranaction id consumer need to generate"
        },
        "txnRefNo" : {
          "type" : "string",
          "example" : "ATM123658",
          "description": "Transaction reference number"
        },
        "amountDue" : {
          "type" : "string",
          "example" : "3315.0",
          "description": "Total Amount due"
        },
        "availableBalance" : {
          "type" : "string",
          "example" : "3315.0",
          "description": "Available balance"
        },
        "paymentDetails" : {
          "type" : "string",
          "example" : "UtilityService",
          "description": "Payment description details"
        },
        "reqDetails" : {
          "type" : "string",
          "example" : "UtilityService",
          "description": "Request details, consumer can pass value as Utilityservice"
        },
        "billerCode" : {
          "type" : "string",
          "example" : "UtilityService",
          "description": "Utility biller code"
        },
        "senderLocation" : {
          "type" : "string",
          "example" : "UtilityService",
          "description": "sender location"
        },
        "interfaceId" : {
          "type" : "string",
          "example" : "UtilityService",
          "description": "Interface id"
        }
      },
      "required" : [ "accountNo", "currencyCode", "transactionAmount", "transactionId" ]
    },
    "commonPaymentResponse" : {
      "type" : "object",
      "properties" : {
        "fgbTransactionRefNo" : {
          "type" : "string",
          "example" : "FT162XXXX828",
          "description": "Transaction reference number"
        },
        "transactionDateTime" : {
          "type" : "string",
          "example" : "17/12/2016 00:22:16",
          "description": "Transaction date and time"
        },
        "availableBalance" : {
          "type" : "string",
          "example" : "102.0",
          "description": "Available balance"
        },
        "responseStatus" : {
          "$ref" : "#/definitions/diResponseStatus"
        }
      }
    },
    "salikConsumerRequest" : {
      "type" : "object",
      "properties" : {
        "accountNo" : {
          "type" : "string",
          "example" : "32XXX094",
          "description": "Salik Account/consumer number "
        },
        "salikPinNo" : {
          "type" : "string",
          "example" : "6XX9",
          "description": "Salik 4 digit PIN"
        },
        "agency" : {
          "type" : "string",
          "example" : "SALIK",
          "description": "Biller code like 'Salik'"
        },
        "customerIdentifier" : {
          "type" : "string",
          "example" : "1XXXXX7",
          "description": "Unique FAB Customer ID number used to identify the end customer and aggregate the end customer's different accounts, bringing those multiple accounts into one value. Note - The Customer ID is a randomly generated number and is created one time only"
        }
      },
      "required" : [ "accountNo", "salikPinNo" ]
    },
    "sewaDewaSalikBalanceEnquiryResponse" : {
      "type" : "object",
      "properties" : {
        "transactionID" : {
          "type" : "string",
          "example" : "32XXX094",
          "description": "Transaction id"
        },
        "amountDue" : {
          "type" : "string",
          "example" : "426.50",
          "description": "Total Amount due"
        },
        "minimumAmount" : {
          "type" : "string",
          "example" : "50",
          "description": "Minimum Amount allowed for payment"
        },
        "maximumAmount" : {
          "type" : "string",
          "example" : "2500",
          "description": "Maximum Amount allowed for payment"
        },
        "availableBalance" : {
          "type" : "string",
          "example" : "2.00",
          "description": "Available balance"
        },
        "inMultiplesOf" : {
          "type" : "string",
          "example" : "10",
          "description": "Payment allowed n  multiple of 10"
        },
        "responseStatus" : {
          "$ref" : "#/definitions/diResponseStatus"
        }
      }
    },
    "salikAccountPaymentReq" : {
      "type" : "object",
      "properties" : {
        "accountPayment" : {
          "$ref" : "#/definitions/accountPaymentRequest"
        },
        "salikConsumer" : {
          "$ref" : "#/definitions/salikConsumerRequest"
        },
        "customerIdentifier" : {
          "type" : "string",
          "example" : "1XXXXX7",
          "description": "Unique FAB Customer ID number used to identify the end customer and aggregate the end customer's different accounts, bringing those multiple accounts into one value. Note - The Customer ID is a randomly generated number and is created one time only"
        }
      }
    },
    "salikCardPaymentReq" : {
      "type" : "object",
      "properties" : {
        "cardPayment" : {
          "$ref" : "#/definitions/cardPaymentRequest"
        },
        "salikConsumer" : {
          "$ref" : "#/definitions/salikConsumerRequest"
        },
        "customerIdentifier" : {
          "type" : "string",
          "example" : "1XXXXX7",
          "description": "Unique FAB Customer ID number used to identify the end customer and aggregate the end customer's different accounts, bringing those multiple accounts into one value. Note - The Customer ID is a randomly generated number and is created one time only"
        }
      }
    }
  }
}