{
  "swagger": "2.0",
  "info": {
    "title": "Customer Screening",
    "description": "Use this service to screen the customers against the Sanctions and Black Lists as part of the Customer Onboarding and/or KYC process. Followings lists are currently configured for screening: 1. Sanctions List, 2. FAB's Internal Black List, 3. UAECB Black List",
    "version": "2.0.0"
  },
  "host": "api.bankfab.com",
  "basePath": "/sanctionscreening/v1",
  "schemes": [
    "https"
  ],
  "consumes": [
    "application/json"
  ],
  "produces": [
    "application/json"
  ],
  "paths": {
    "/customer": {
      "post": {
        "tags": [
          "sanctionScreeningCustomer"
        ],
        "summary": "Real time Customer Name Screening",
        "description": "This service takes customer attributes as input and returns one the 3 statuses (Clean, Suspect or Confirmed Block) by screening the attributes against the configured lists.",
        "operationId": "sanctionScreeningCustomer",
        "consumes": [
          "application/json"
        ],
        "produces": [
          "application/json"
        ],
        "parameters": [
          {
            "in": "body",
            "name": "sanctionScreeningCustomer",
            "description": "Service request",
            "required": true,
            "schema": {
              "$ref": "#/definitions/sanctionScreeningCustomerRequest"
            }
          }
        ],
        "responses": {
          "200": {
            "description": "Success Response",
            "schema": {
              "$ref": "#/definitions/sanctionScreeningCustomerResponse"
            }
          },
          "default": {
            "description": "Unexpected error",
            "schema": {
              "$ref": "#/definitions/Error_AppArea"
            }
          }
        }
      }
    }
  },
  "definitions": {
    "processSanctionDataRequest": {
      "type": "object",
      "properties": {
        "applicationArea": {
          "$ref": "#/definitions/applicationArea"
        },
        "dataAreaProcessSanctionDataReq": {
          "$ref": "#/definitions/dataAreaProcessSanctionDataRequest"
        }
      }
    },
    "dataAreaProcessSanctionDataRequest": {
      "type": "object",
      "properties": {
        "taskId": {
          "type": "string"
        },
        "senderSystem": {
          "type": "string"
        },
        "messageDirection": {
          "type": "string"
        },
        "referenceNumber": {
          "type": "string"
        },
        "valueDate": {
          "type": "string"
        },
        "amountDetails": {
          "$ref": "#/definitions/amountObj"
        },
        "receiverAmountDetails": {
          "$ref": "#/definitions/receiverAmountObj"
        },
        "orderingCustomer": {
          "$ref": "#/definitions/orderingObj"
        },
        "orderingInstitution": {
          "$ref": "#/definitions/orderingObj"
        },
        "senderCorrespondentBankDetails": {
          "$ref": "#/definitions/orderingObj"
        },
        "receiverCorrespondentBankDetails": {
          "$ref": "#/definitions/orderingObj"
        },
        "intermediaryInstitution": {
          "$ref": "#/definitions/orderingObj"
        },
        "creditorBankDetails": {
          "$ref": "#/definitions/orderingObj"
        },
        "creditorDetails": {
          "$ref": "#/definitions/creditorDetailsObj"
        },
        "transferType": {
          "type": "string"
        },
        "chargeBearer": {
          "type": "string"
        },
        "bankOperationalCode": {
          "type": "string"
        },
        "charge": {
          "$ref": "#/definitions/chargeObj"
        },
        "senderToReceiverInformation": {
          "$ref": "#/definitions/senderToReceiverInformationObj"
        },
        "remittanceInformation": {
          "$ref": "#/definitions/remittanceInformationObj"
        },
        "thirdReimbursementInformation": {
          "$ref": "#/definitions/orderingObj"
        }
      }
    },
    "senderToReceiverInformationObj": {
      "type": "object",
      "properties": {
        "informationLine1": {
          "type": "string"
        },
        "informationLine2": {
          "type": "string"
        },
        "informationLine3": {
          "type": "string"
        },
        "informationLine4": {
          "type": "string"
        },
        "informationLine5": {
          "type": "string"
        },
        "informationLine6": {
          "type": "string"
        }
      }
    },
    "remittanceInformationObj": {
      "type": "object",
      "properties": {
        "informationLine1": {
          "type": "string"
        },
        "informationLine2": {
          "type": "string"
        },
        "informationLine3": {
          "type": "string"
        },
        "informationLine4": {
          "type": "string"
        }
      }
    },
    "chargeObj": {
      "type": "object",
      "properties": {
        "chargeCommonData": {
          "$ref": "#/definitions/chargeCommonDataObj"
        },
        "account": {
          "$ref": "#/definitions/accountObj"
        },
        "amountDetails": {
          "$ref": "#/definitions/amountDetailsObj"
        }
      }
    },
    "amountDetailsObj": {
      "type": "object",
      "properties": {
        "instructedAmount": {
          "$ref": "#/definitions/amountObj"
        },
        "equivalentAmount": {
          "$ref": "#/definitions/amountObj"
        },
        "currencyRate": {
          "$ref": "#/definitions/currencyRateObj"
        },
        "payinCurrencyRate": {
          "$ref": "#/definitions/currencyRateObj"
        },
        "payoutCurrencyRate": {
          "$ref": "#/definitions/currencyRateObj"
        }
      }
    },
    "currencyRateObj": {
      "type": "object",
      "properties": {
        "fromCurrencyRate": {
          "type": "string"
        },
        "toCurrencyRate": {
          "type": "string"
        },
        "sellRate": {
          "type": "string"
        },
        "buyRate": {
          "type": "string"
        },
        "midRate": {
          "type": "string"
        },
        "buyMargin": {
          "type": "string"
        },
        "sellMargin": {
          "type": "string"
        },
        "midMargin": {
          "type": "string"
        }
      }
    },
    "accountObj": {
      "type": "object",
      "properties": {
        "number": {
          "type": "string"
        },
        "currency": {
          "type": "string"
        },
        "branchCode": {
          "type": "string"
        },
        "routingNumber": {
          "type": "string"
        }
      }
    },
    "chargeCommonDataObj": {
      "type": "object",
      "properties": {
        "feeRemarks": {
          "type": "string"
        },
        "feePercentage": {
          "type": "string"
        },
        "feeRule": {
          "type": "string"
        },
        "feeType": {
          "type": "string"
        },
        "feeTypeDescription": {
          "type": "string"
        },
        "feeDetails": {
          "type": "string"
        },
        "promotionInfo": {
          "$ref": "#/definitions/promotionInfoObj"
        }
      }
    },
    "promotionInfoObj": {
      "type": "object",
      "properties": {
        "promotionCode": {
          "type": "string"
        },
        "promotionDiscountCode": {
          "type": "string"
        },
        "promotionCategoryCode": {
          "type": "string"
        },
        "promotionDiscount": {
          "type": "string"
        },
        "promotionDiscountAmount": {
          "type": "string"
        },
        "promotionErrorCode": {
          "type": "string"
        },
        "promotionErrorMessage": {
          "$ref": "#/definitions/promotionErrorMessageObj"
        }
      }
    },
    "promotionErrorMessageObj": {
      "type": "object",
      "properties": {
        "longLanguageCode": {
          "type": "string"
        },
        "textTranslation": {
          "type": "string"
        }
      }
    },
    "amountObj": {
      "type": "object",
      "properties": {
        "currency": {
          "type": "string"
        },
        "amount": {
          "type": "string"
        }
      }
    },
    "receiverAmountObj": {
      "type": "object",
      "properties": {
        "currency": {
          "type": "string"
        },
        "amount": {
          "type": "string"
        }
      }
    },
    "orderingObj": {
      "type": "object",
      "properties": {
        "bic": {
          "type": "string"
        },
        "clearingCode": {
          "type": "string"
        },
        "name": {
          "type": "string"
        },
        "firstName": {
          "type": "string"
        },
        "middleName": {
          "type": "string"
        },
        "lastName": {
          "type": "string"
        },
        "addressLine1": {
          "type": "string"
        },
        "addressLine2": {
          "type": "string"
        },
        "addressLine3": {
          "type": "string"
        },
        "city": {
          "type": "string"
        },
        "state": {
          "type": "string"
        },
        "zipCode": {
          "type": "string"
        },
        "country": {
          "type": "string"
        },
        "accountNumber": {
          "type": "string"
        }
      }
    },
    "creditorDetailsObj": {
      "type": "object",
      "properties": {
        "bic": {
          "type": "string"
        },
        "clearingCode": {
          "type": "string"
        },
        "name": {
          "type": "string"
        },
        "addressLine1": {
          "type": "string"
        },
        "addressLine2": {
          "type": "string"
        },
        "addressLine3": {
          "type": "string"
        },
        "contactDetails": {
          "$ref": "#/definitions/contactDetailsObj"
        },
        "accountNumber": {
          "type": "string"
        }
      }
    },
    "contactDetailsObj": {
      "type": "object",
      "properties": {
        "type": {
          "type": "string"
        },
        "firstName": {
          "type": "string"
        },
        "middleName": {
          "type": "string"
        },
        "lastName": {
          "type": "string"
        },
        "address1": {
          "type": "string"
        },
        "address2": {
          "type": "string"
        },
        "address3": {
          "type": "string"
        },
        "address4": {
          "type": "string"
        },
        "address5": {
          "type": "string"
        },
        "streetName": {
          "type": "string"
        },
        "buildingName": {
          "type": "string"
        },
        "zipCode": {
          "type": "string"
        },
        "city": {
          "type": "string"
        },
        "country": {
          "type": "string"
        },
        "countryCode": {
          "type": "string"
        },
        "state": {
          "type": "string"
        },
        "email": {
          "type": "string"
        },
        "consumerNumber": {
          "type": "string"
        },
        "phone": {
          "$ref": "#/definitions/phoneObj"
        }
      }
    },
    "phoneObj": {
      "type": "object",
      "properties": {
        "office": {
          "type": "string"
        },
        "residence": {
          "type": "string"
        },
        "mobile": {
          "type": "string"
        },
        "alternate": {
          "type": "string"
        },
        "residenceAlternate": {
          "type": "string"
        },
        "fax": {
          "type": "string"
        }
      }
    },
    "processSanctionDataResponse": {
      "type": "object",
      "properties": {
        "applicationArea": {
          "$ref": "#/definitions/applicationArea"
        },
        "responseStatus": {
          "$ref": "#/definitions/respStatus_RDO"
        },
        "description": {
          "type": "string"
        },
        "reasonCode": {
          "type": "string"
        },
        "reasonDescription": {
          "type": "string"
        }
      }
    },
    "applicationArea": {
      "type": "object",
      "required": [
        "correlationId",
        "countryOfOrigin",
        "transactionDateTime",
        "transactionId"
      ],
      "properties": {
        "correlationId": {
          "type": "string"
        },
        "countryOfOrigin": {
          "type": "string",
          "minLength": 2,
          "maxLength": 2
        },
        "creationDateTime": {
          "type": "string",
          "format": "date-time"
        },
        "interfaceID": {
          "type": "string"
        },
        "requiredExecutionDate": {
          "type": "string",
          "format": "date-time"
        },
        "senderUserId": {
          "type": "string"
        },
        "senderBranchId": {
          "type": "string"
        },
        "senderId": {
          "type": "string"
        },
        "transactionDateTime": {
          "type": "string",
          "format": "date-time"
        },
        "transactionId": {
          "type": "string"
        },
        "transactionTimeZone": {
          "type": "string"
        },
        "senderAuthorizationID": {
          "type": "string"
        },
        "senderReferenceID": {
          "type": "string"
        },
        "senderAuthorizationComments": {
          "type": "string"
        }
      }
    },
    "Error_AppArea": {
      "type": "object",
      "properties": {
        "applicationArea": {
          "$ref": "#/definitions/applicationArea"
        },
        "responseStatus": {
          "$ref": "#/definitions/respStatus_RDO"
        }
      }
    },
    "Error": {
      "type": "object",
      "properties": {
        "responseStatus": {
          "$ref": "#/definitions/respStatus_RDO"
        }
      }
    },
    "respStatus_RDO": {
      "type": "object",
      "properties": {
        "status": {
          "type": "string",
          "example": "SUCCESS/ERROR/WARNING"
        },
        "statusMessage": {
          "type": "string",
          "example": "Status Message"
        },
        "errorDetails": {
          "type": "array",
          "items": {
            "$ref": "#/definitions/errorDetails_RDO"
          }
        },
        "metaData": {
          "type": "object",
          "properties": {
            "dateFormat": {
              "type": "string",
              "example": "dd/MM/yyyy"
            }
          }
        }
      }
    },
    "errorDetails_RDO": {
      "type": "object",
      "properties": {
        "errorCode": {
          "type": "string",
          "description": "Error Status Code",
          "example": "SYS001"
        },
        "errorDesc": {
          "type": "string",
          "example": "Error message"
        }
      }
    },
    "sanctionScreeningCustomerRequest": {
      "type": "object",
      "properties": {
        "applicationArea": {
          "$ref": "#/definitions/applicationArea"
        },
        "dataArea": {
          "$ref": "#/definitions/sanctionScreeningCustomerRequest_dataArea"
        }
      }
    },
    "sanctionScreeningCustomerRequest_dataArea": {
      "properties": {
        "enquiryRefNumber": {
          "type": "string",
          "description": "To be used only when inquiring for a status of previously submitted request with a PENDING status as a response. The value to be passed for retrieving the status is the value of the TransactionID field that was passed for the original screening request. This field is to be left blank when submitting a new request for screening.",
          "example": "Assuming the TransactionId of the original request was \"TXN1234567\" then the value of this field should be \"TXN1234567\" when inquring for the status of this request."
        },
        "accountNumber": {
          "type": "string",
          "description": "Unique Reference Number to be assigned by the source making the request for screening",
          "example": "24XXXXXXXXXXXX20"
        },
        "customerType": {
          "type": "string",
          "description": "This indicates the type for the customer record sent for screening. Valid values are  I - Individual C - Company O - Others V - Vessels The value of field impact the list that are used for screening  ",
          "example": "I"
        },
        "userData": {
          "type": "string",
          "description": "Free Format field to capture additional details during onboarding for information purpose",
          "example": "This person said he is the ambassador of Singapore "
        },
        "customerDetails": {
          "$ref": "#/definitions/customer_RDO"
        }
      }
    },
    "customer_RDO": {
      "type": "object",
      "properties": {
        "bic": {
          "type": "string",
          "description": "Pass this field only when the CustomerType field is C",
          "example": "NBADAEAE"
        },
        "clearingCode": {
          "type": "string",
          "description": "Pass this field only when the CustomerType field is C",
          "example": "NBADAEAE"
        },
        "name": {
          "type": "string",
          "description": "To be populated when the field CustomerType is C or when the CustomerType is I and the split of the name is not available. if the value for this field is provided the FirstName, MiddleName and LastName field values are ignored.",
          "example": "Sample Bank Ltd."
        },
        "firstName": {
          "type": "string",
          "description": "To be populated when the field customerType is I and the split of the name is available. It should be the First name as per National ID or Passport",
          "example": "First"
        },
        "middleName": {
          "type": "string",
          "description": "To be populated when the field customerType is I and the split of the name is available. It should be the middle name as per National ID or Passport",
          "example": "Middle"
        },
        "lastName": {
          "type": "string",
          "description": "To be populated when the field customerType is I and the split of the name is available. It should be Last name as per National ID or Passport",
          "example": "Last"
        },
        "contactDetails": {
          "$ref": "#/definitions/contactDetails_RDO"
        },
        "identification": {
          "type": "array",
          "items": {
            "$ref": "#/definitions/identification_RDO"
          }
        }
      }
    },
    "contactDetails_RDO": {
      "type": "object",
      "properties": {
        "type": {
          "type": "string",
          "description": "FREETEXT Office or Residence",
          "example": "Residence"
        },
        "address1": {
          "type": "string",
          "description": "Address Line 1",
          "example": "Address Line 1"
        },
        "address2": {
          "type": "string",
          "description": "Address 2",
          "example": "Address Line 2"
        },
        "address3": {
          "type": "string",
          "description": "Address Line 3",
          "example": "Address Line 3"
        },
        "address4": {
          "type": "string",
          "description": "Address Line 4",
          "example": "Address Line 4"
        },
        "address5": {
          "type": "string",
          "description": "Address Line 5",
          "example": "Emirate"
        },
        "streetName": {
          "type": "string",
          "description": "Street name if available",
          "example": "STREET NAME"
        },
        "buildingName": {
          "type": "string",
          "description": "Building name if available",
          "example": "BUILDING NAME"
        },
        "city": {
          "type": "string",
          "description": "City if available",
          "example": "Sample City"
        },
        "country": {
          "type": "string",
          "description": "Country - Name of Country",
          "example": "Sample Country"
        },
        "countryCode": {
          "type": "string",
          "description": "2 character Alpha ISO Code of the Country",
          "example": "AE"
        },
        "state": {
          "type": "string",
          "description": "State if available",
          "example": "Sample Emirate"
        },
        "email": {
          "type": "string",
          "description": "Email if available",
          "example": "Someone@somewhere.com"
        },
        "birthPlace": {
          "type": "string",
          "description": "Birth place if available",
          "example": "Sample Country"
        },
        "birthDate": {
          "type": "string",
          "description": "DOB if available in DD/MM/YYYY format",
          "example": "DD/MM/YYYY"
        },
        "consumerNumber": {
          "type": "string",
          "description": "consumer number if available",
          "example": "123XXXX7"
        },
        "phone": {
          "$ref": "#/definitions/phone_RDO"
        }
      }
    },
    "phone_RDO": {
      "type": "object",
      "properties": {
        "office": {
          "type": "string",
          "description": "Free format Office telephone if available",
          "example": "+971-2-XXX-XXXX"
        },
        "residence": {
          "type": "string",
          "description": "free format Home telephone if available",
          "example": "+971-2-XXX-XXXX"
        },
        "mobile": {
          "type": "string",
          "description": "free format Mobile telephone if available",
          "example": "+971-2-XXX-XXXX"
        },
        "alternate": {
          "type": "string",
          "description": "free format Alternate telephone if available",
          "example": "+971-2-XXX-XXXX"
        },
        "residenceAlternate": {
          "type": "string",
          "description": "free format Residence Alternate telephone if available",
          "example": "+971-2-XXX-XXXX"
        },
        "fax": {
          "type": "string",
          "description": "free format Fax number if available",
          "example": "+971-2-XXX-XXXX"
        }
      }
    },
    "identification_RDO": {
      "type": "object",
      "properties": {
        "name": {
          "type": "string",
          "description": "This indicates the type of the Identification. Valid values - NationalId, Passport, TradeLicenseNumber (only when CustomerType field is C)",
          "example": "NationalId"
        },
        "value": {
          "type": "string",
          "description": "actual value of the type of Identification",
          "example": "784-YYYY-XXXXXXX-0"
        }
      }
    },
    "sanctionScreeningCustomerResponse": {
      "type": "object",
      "properties": {
        "applicationArea": {
          "$ref": "#/definitions/applicationArea"
        },
        "responseStatus": {
          "$ref": "#/definitions/respStatus_RDO"
        },
        "description": {
          "type": "string"
        },
        "reasonCode": {
          "type": "string"
        },
        "reasonDescription": {
          "type": "string"
        }
      }
    }
  }
}