{
  "swagger" : "2.0",
  "info" : {
    "description" : "This domain facilitates the capture of service requests submitted by customers through Banking channels. Fulfillment of the customer's request is handled offline or via Straight Through Processing based on the type of request and SLA definition.",
    "version" : "1.0.0",
    "title" : "Service Request"
  },
  "host" : "api.bankfab.com",
  "basePath" : "/servicerequest/v1",
  "schemes" : [ "http", "https" ],
  "paths" : {
    "/card-reissue" : {
      "post" : {
        "tags" : [ "Service-Request" ],
        "summary" : "Create request for card reissue/replacement",
        "description" : "This service creates a request for credit or debit card reissuance or replacement",
        "operationId" : "processCardReissue",
        "consumes" : [ "application/json" ],
        "produces" : [ "application/json" ],
        "parameters" : [ {
          "in" : "body",
          "name" : "processCardReissueRequest",
          "description" : "Request Definition",
          "required" : false,
          "schema" : {
            "$ref" : "#/definitions/processCardReissueRequest"
          }
        } ],
        "responses" : {
          "200" : {
            "description" : "Response Definition",
            "schema" : {
              "$ref" : "#/definitions/CommonResponse"
            }
          },
          "default" : {
            "description" : "Unexpected error",
            "schema" : {
              "$ref" : "#/definitions/Error_AppArea"
            }
          }
        }
      }
    }
  },
  "definitions" : {
    "errorDetails_RDO" : {
      "type" : "object",
      "properties" : {
        "errorCode" : {
          "type" : "string",
          "description": "Code that defines the reason for the error. It is alphanumeric",
          "example": "SYS9999"
        },
        "errorDesc" : {
          "type" : "string",
          "description": "Details of the exception that has occurred",
          "example": "Technical Error in Interface"
        }
      }
    },
    "CardReissue_RDO" : {
      "type" : "object",
      "properties" : {
        "cardType" : {
          "type" : "string",
          "description" : "card type",
          "enum" : [ "DEBIT", "CREDIT" ],
          "example" : "CREDIT"
        },
        "cardIdentifier" : {
          "type" : "string",
          "description" : "16 digits card number",
          "example" : "410038XXXXXX7144"
        },
        "accountIdentifier" : {
          "type" : "string",
          "description" : "Account number of the customer"
        },
        "nameOnCard" : {
          "type" : "string",
          "description" : "Embossing name on the card"
        },
        "reasonForReissuance" : {
          "type" : "string",
          "description" : "Reason for reissuance",
          "example" : "LOST or STOLEN"
        },
        "category" : {
          "type" : "string",
          "description" : "Only applicable for credit card replacement request",
          "example" : "Replacement and Renewal Request"
        },
        "chargeAmount" : {
          "type" : "string",
          "format" : "double",
          "description" : "Charge amount for replacement. This is not applicable for debit card",
          "example" : "YES"
        },
        "branchName" : {
          "type" : "string",
          "description" : "Branch name. This is not applicable for credit card",
          "example" : "Courier-130"
        },
        "issuanceType" : {
          "type" : "string",
          "description" : "Type of issuance. Field is only applicable for debit card",
          "example" : "ReIssuance"
        },
        "reasonForReissuanceComments" : {
          "type" : "string",
          "description" : "Reason for reissuance, if others option selected before. The field is only applicable for debit card.",
          "example" : "Card Damage"
        },
        "customerInteractionTrail" : {
          "type" : "string",
          "description" : "Details of customer interaction for the request",
          "example" : "Card replacement submitted by BDU"
        }
      }
    },
    "Error_AppArea" : {
      "type" : "object",
      "properties" : {
        "applicationArea" : {
          "$ref" : "#/definitions/applicationArea"
        },
        "responseStatus" : {
          "$ref" : "#/definitions/responseStatus_RDO"
        }
      }
    },
    "processCardReissueRequest" : {
      "type" : "object",
      "properties" : {
        "applicationArea" : {
          "$ref" : "#/definitions/applicationArea"
        },
        "dataArea" : {
          "$ref" : "#/definitions/CardReissue_RDO"
        }
      }
    },
    "CommonResponse" : {
      "type" : "object",
      "properties" : {
        "applicationArea" : {
          "$ref" : "#/definitions/applicationArea"
        },
        "responseStatus" : {
          "$ref" : "#/definitions/responseStatus_RDO"
        }
      }
    },
    "applicationArea" : {
      "type" : "object",
      "required" : [ "countryOfOrigin", "senderId", "transactionDateTime", "transactionId" ],
      "properties" : {
        "correlationId" : {
        "type" : "string",
		"description": "Unique identifier used for identifying the transaction lifecycle",
        "example": "1234DEFG89"
        },
        "countryOfOrigin" : {
          "type" : "string",
          "minLength": 2,
          "maxLength": 2,
          "description": "Country of origination of the request. ISO 3166 country codes in two bytes format",
          "example": "AE"
        },
        "creationDateTime" : {
          "type" : "string",
          "format" : "date-time",
          "description" :"Creation date of the service in ISO 8601 YYYY-MM-DDTHH:MM:SS:sssZ format. This is an optional field"
        },
        "interfaceID" : {
          "type" : "string",
          "description" : "Logical reference of the Interface that intiated the service. This is an optional field",
          "example": ""
        },
        "requiredExecutionDate" : {
          "type" : "string",
          "format" : "date-time",
          "description" :"execution date in ISO 8601 YYYY-MM-DD HH : MM: SS format"
        },
        "senderUserId" : {
          "type" : "string",
          "format" : "date-time",
          "description" :"execution date in ISO 8601 YYYY-MM-DD HH : MM: SS format"
        },
        "senderBranchId" : {
          "type" : "string",
          "description": "Sender's Branch ID. Information about a user who has initiated the transaction",
          "example": ""
        },
        "senderId" : {
          "type" : "string",
          "description": "Unique identification for the consumer. This will be agreed by Service owner at the time of setup. It will need to be passed in all requests",
          "example": "MOB"
        },
        "senderLocation" : {
          "type" : "string",
          "description" : "Sender Location",
          "example": ""
        },
        "transactionDateTime" : {
          "type" : "string",
          "format" : "date-time",
          "description" : "The data and time the request is initiated in ISO 8601 format: YYYY-MM-DDTHH:MM:SS:sssZ"
        },
        "transactionId" : {
          "type" : "string",
          "example" : "WLT1254378DEFG",
          "description" : "Unique transaction reference id assigned by the Sender to identify the message"
        },
        "transactionTimeZone" : {
          "type" : "string",
          "description": "Timezone in which transaction is initiated",
          "example": ""
        },
        "senderAuthorizationID" : {
          "type" : "string",
          "description" : "Identification of the Authorizer who has authorized the transaction. This is an optional field",
          "example": ""
        },
        "senderReferenceID" : {
          "type" : "string",
          "description" : "Reference ID from Sender to identify the event that cause the service invocation. This is an optional field",
          "example": ""
        },
        "senderAuthorizationComments" : {
          "type" : "string",
          "description" : "Comments of the Authorizer on authorizing the transaction. This is an optional field",
          "example": ""
        },
        "language" : {
          "type" : "string",
          "description" : "Language details. Valid values are EN or AR",
          "example" : "EN"
        }
      }
    },
    "responseStatus_RDO" : {
      "type" : "object",
      "properties" : {
        "status" : {
          "type" : "string",
          "description" : "service status SUCCESS/ERROR/WARNING"
        },
        "errorDetails" : {
          "type" : "array",
          "items" : {
            "description" : "Error",
            "$ref" : "#/definitions/errorDetails_RDO"
          }
        }
      }
    }
  }
}