{
  "swagger":"2.0",
  "info":{
    "title":"Sewa Utility",
    "version":"1.0.0",
    "description":"Sewa Utility Services facilitates bill payments to Sewa utility service providers"
  },
  "host":"api.bankfab.com",
  "schemes":[
    "https"
  ],
  "basePath":"/utility/sewa/v1",
  "paths":{
    "/bills/balance":{
      "post":{
        "tags":[
          "Utility-Services"
        ],
        "operationId":"sewaBalanceEnquiry",
        "responses":{
          "200":{
            "description":"Sewa Balance Enquiry",
            "schema":{
              "$ref":"#/definitions/sewaDewaSalikBalanceEnquiryResponse"
            }
          }
        },
        "consumes":[
          "application/json"
        ],
        "produces":[
          "application/json"
        ],
        "summary":"Retrieve Balance",
        "description":"Intiates a Balance Enquiry with the SEWA service provider",
        "parameters":[
          {
            "name":"body",
            "in":"body",
            "schema":{
              "$ref":"#/definitions/sewaConsumerRequest"
            },
            "description":"The request body for the operation",
            "required":true
          }
        ]
      }
    },
    "/bills/payment/byaccount":{
      "post":{
        "tags":[
          "Utility-Services"
        ],
        "operationId":"sewaAccountPayment",
        "responses":{
          "200":{
            "description":"SEWA Payment from CASA Account",
            "schema":{
              "$ref":"#/definitions/commonPaymentResponse"
            }
          }
        },
        "consumes":[
          "application/json"
        ],
        "produces":[
          "application/json"
        ],
        "summary":"Post Bill Payment by Account",
        "description":"Executes a payment with the SEWA service provider from a CASA account",
        "parameters":[
          {
            "name":"body",
            "in":"body",
            "schema":{
              "$ref":"#/definitions/sewaAccountPaymentReq"
            },
            "description":"The request body for the operation",
            "required":true
          }
        ]
      }
    },
    "/bills/payment/bycreditcard":{
      "post":{
        "tags":[
          "Utility-Services"
        ],
        "operationId":"sewaCardPayment",
        "responses":{
          "200":{
            "description":"SEWA payment using Credit Card",
            "schema":{
              "$ref":"#/definitions/commonPaymentResponse"
            }
          }
        },
        "consumes":[
          "application/json"
        ],
        "produces":[
          "application/json"
        ],
        "summary":"Post Bill Payment by card",
        "description":"Executes a payment with the SEWA service provider by using credit card",
        "parameters":[
          {
            "name":"body",
            "in":"body",
            "schema":{
              "$ref":"#/definitions/sewaCardPaymentReq"
            },
            "description":"The request body for the operation",
            "required":true
          }
        ]
      }
    },
    "/bills/payment/byprepaidcard":{
      "post":{
        "tags":[
          "Utility-Services"
        ],
        "operationId":"sewaPrepaidCardPayment",
        "responses":{
          "200":{
            "description":"SEWA Payment using Prepaid Card",
            "schema":{
              "$ref":"#/definitions/commonPaymentResponse"
            }
          }
        },
        "consumes":[
          "application/json"
        ],
        "produces":[
          "application/json"
        ],
        "summary":"Post Bill Payment by Prepaid card",
        "description":"Executes a payment with the Sewa service provider by using prepaid card",
        "parameters":[
          {
            "name":"body",
            "in":"body",
            "schema":{
              "$ref":"#/definitions/sewaCardPaymentReq"
            },
            "description":"The request body for the operation",
            "required":true
          }
        ]
      }
    }
  },
  "definitions":{
    "responseStatus":{
      "type":"object",
      "properties":{
        "status":{
          "type":"string",
          "example":"SUCCESS",
          "description":"Response Status. Values - SUCCESS/ERROR/WARNING"
        },
        "error":{
          "type":"object",
          "properties":{
            "code":{
              "type":"string",
              "description":"Code that defines the reason for the error. It is alphanumeric",
              "example":"SYS9999"
            },
            "description":{
              "type":"string",
              "description":"Details of the exception that has occurred",
              "example":"Technical Error in Interface"
            }
          }
        }
      },
      "required":[
        "status"
      ]
    },
    "genericError":{
      "type":"object",
      "properties":{
        "responseStatus":{
          "$ref":"#/definitions/diResponseStatus"
        }
      }
    },
    "diResponseStatus":{
      "type":"array",
      "items":{
        "type":"object",
        "properties":{
          "status":{
            "type":"string",
            "example":"SUCCESS/ERROR",
            "description":"response description success or failure"
          },
          "errorCode":{
            "type":"string",
            "example":"SYS001",
            "description":"error code"
          },
          "errorDesc":{
            "type":"string",
            "example":"Host Unavailable.",
            "description":"error code description"
          }
        }
      }
    },
    "commonBalanceEnquiryRequest":{
      "type":"object",
      "properties":{
        "agency":{
          "type":"string",
          "example":"SEWA",
          "description":"agency code for utility"
        },
        "consumerNo":{
          "type":"string",
          "example":"999175XXX2",
          "description":"Consumer number of the customer for which bills needs to be paid"
        },
        "telephoneNo":{
          "type":"string",
          "example":"056XXXXXXX",
          "description":"Mobile/Telephone number of the customer for which bills needs to be paid"
        }
      }
    },
    "commonBalanceEnquiryResponse":{
      "type":"object",
      "properties":{
        "amountDue":{
          "type":"string",
          "example":"2000.00",
          "description":"Total Amount Due"
        },
        "responseStatus":{
          "$ref":"#/definitions/diResponseStatus"
        }
      }
    },
    "cardPaymentRequest":{
      "type":"object",
      "properties":{
        "accountingUnitIdentifier":{
          "type":"string",
          "example":"AE0010001",
          "description":"This is the accounting unit. It specifies that for which instance of core application this customer identifier belong to"
        },
        "creditCardNo":{
          "type":"string",
          "example":"4622XXXXXXXX8025",
          "description":"Credit card number from which payment needs to be done"
        },
        "prepaidCardNo":{
          "type":"string",
          "example":"4622XXXXXXXX8025",
          "description":"Prepaid card number from which payment needs to be done"
        },
        "currencyCode":{
          "type":"string",
          "example":"AED",
          "description":"ISO Currency ccode of source account/Card"
        },
        "transactionAmount":{
          "type":"string",
          "example":"3315.00",
          "description":"transaction amount"
        },
        "transactionId":{
          "type":"string",
          "example":"3637823XXX2705",
          "description":"unique number of transaction request id"
        },
        "amountDue":{
          "type":"string",
          "example":"3315.00",
          "description":"Amount due after payment"
        },
        "availableBalance":{
          "type":"string",
          "example":"3315.00"
        },
        "txnRefNo":{
          "type":"string",
          "example":"ATM123658"
        },
        "paymentDetails":{
          "type":"string",
          "example":"UtilityService"
        },
        "reqDetails":{
          "type":"string",
          "example":"UtilityService"
        },
        "billerCode":{
          "type":"string",
          "example":"UtilityService"
        },
        "senderLocation":{
          "type":"string",
          "example":"UtilityService"
        },
        "interfaceId":{
          "type":"string",
          "example":"UtilityService"
        }
      },
      "required":[
        "currencyCode",
        "transactionAmount",
        "transactionId"
      ]
    },
    "accountPaymentRequest":{
      "type":"object",
      "properties":{
        "accountingUnitIdentifier":{
          "type":"string",
          "example":"AEXX1XXX1",
          "description":"This is the accounting unit. It specifies that for which instance of core application this customer identifier belong to"
        },
        "accountNo":{
          "type":"string",
          "example":"12XXXXXXXXXXXX20"
        },
        "accountType":{
          "type":"string",
          "example":"CH"
        },
        "currencyCode":{
          "type":"string",
          "example":"AED"
        },
        "transactionAmount":{
          "type":"string",
          "example":"3315.0"
        },
        "transactionId":{
          "type":"string",
          "example":"363782XXXXXX72705"
        },
        "txnRefNo":{
          "type":"string",
          "example":"ATM123658"
        },
        "amountDue":{
          "type":"string",
          "example":"3315.0"
        },
        "availableBalance":{
          "type":"string",
          "example":"3315.0"
        },
        "paymentDetails":{
          "type":"string",
          "example":"UtilityService"
        },
        "reqDetails":{
          "type":"string",
          "example":"UtilityService"
        },
        "billerCode":{
          "type":"string",
          "example":"UtilityService"
        },
        "senderLocation":{
          "type":"string",
          "example":"UtilityService"
        },
        "interfaceId":{
          "type":"string",
          "example":"UtilityService"
        }
      },
      "required":[
        "accountNo",
        "currencyCode",
        "transactionAmount",
        "transactionId"
      ]
    },
    "commonPaymentResponse":{
      "type":"object",
      "properties":{
        "fgbTransactionRefNo":{
          "type":"string",
          "example":"FT1623XXXX28"
        },
        "transactionDateTime":{
          "type":"string",
          "example":"17/12/2016 00:22:16"
        },
        "availableBalance":{
          "type":"string",
          "example":"102.0"
        },
        "responseStatus":{
          "$ref":"#/definitions/diResponseStatus"
        }
      }
    },
    "sewaConsumerRequest":{
      "type":"object",
      "properties":{
        "sewaConsumer":{
          "$ref":"#/definitions/commonBalanceEnquiryRequest"
        },
        "customerIdentifier":{
          "type":"string",
          "example":"1XXXXX7",
          "description":"Unique FAB Customer ID number used to identify the end customer and aggregate the end customer's different accounts, bringing those multiple accounts into one value. Note - The Customer ID is a randomly generated number and is created one time only"
        }
      }
    },
    "sewaDewaSalikBalanceEnquiryResponse":{
      "type":"object",
      "properties":{
        "transactionID":{
          "type":"string",
          "example":"32XXX094"
        },
        "amountDue":{
          "type":"string",
          "example":"426.50"
        },
        "minimumAmount":{
          "type":"string",
          "example":"50"
        },
        "maximumAmount":{
          "type":"string",
          "example":"2500"
        },
        "availableBalance":{
          "type":"string",
          "example":"2.00"
        },
        "inMultiplesOf":{
          "type":"string",
          "example":"10"
        },
        "responseStatus":{
          "$ref":"#/definitions/diResponseStatus"
        }
      }
    },
    "sewaAccountPaymentReq":{
      "type":"object",
      "properties":{
        "accountPayment":{
          "$ref":"#/definitions/accountPaymentRequest"
        },
        "sewaConsumer":{
          "$ref":"#/definitions/commonBalanceEnquiryRequest"
        },
        "customerIdentifier":{
          "type":"string",
          "example":"1XXXXX7",
          "description":"Unique FAB Customer ID number used to identify the end customer and aggregate the end customer's different accounts, bringing those multiple accounts into one value. Note - The Customer ID is a randomly generated number and is created one time only"
        }
      }
    },
    "sewaCardPaymentReq":{
      "type":"object",
      "properties":{
        "cardPayment":{
          "$ref":"#/definitions/cardPaymentRequest"
        },
        "sewaConsumer":{
          "$ref":"#/definitions/commonBalanceEnquiryRequest"
        },
        "customerIdentifier":{
          "type":"string",
          "example":"1XXXXX7",
          "description":"Unique FAB Customer ID number used to identify the end customer and aggregate the end customer's different accounts, bringing those multiple accounts into one value. Note - The Customer ID is a randomly generated number and is created one time only"
        }
      }
    }
  }
}