{
  "swagger" : "2.0",
  "info" : {
    "title" : "SIM Swap",
    "version" : "1.0.0",
    "description" : "Mitigate the risk of SIM Swap frauds through real time check of the phone number status directly with the provider"
  },
  "host" : "api.bankfab.com",
  "schemes" : [ "https" ],
  "paths" : {
    "/etisalat/quarantine" : {
      "post" : {
        "tags" : [ "SIM-Services" ],
        "summary" : "Add number to Quarantine List",
        "description" : "Used to add the phone number into Etisalat telecom service providers quarantine list.",
        "operationId" : "applyQuarantine",
        "responses" : {
          "200" : {
            "description" : "The operation was successful.",
            "schema" : {
              "$ref" : "#/definitions/postQuarantineResponse"
            }
          }
        },
        "consumes" : [ "application/json" ],
        "produces" : [ "application/json" ],
        "parameters" : [ {
          "name" : "body",
          "in" : "body",
          "schema" : {
            "$ref" : "#/definitions/postQuarantineRequest"
          },
          "description" : "Apply quarantine API request body",
          "required" : true
        } ]
      },
      "patch" : {
        "tags" : [ "SIM-Services" ],
        "summary" : "Remove number from Quarantine list",
        "description" : "Used to remove the phone number from Etisalat telecom service providers quarantine list.",
        "operationId" : "revertQuarantine",
        "responses" : {
          "200" : {
            "description" : "The operation was successful.",
            "schema" : {
              "$ref" : "#/definitions/deleteQuarantineResponse"
            }
          }
        },
        "consumes" : [ "application/json" ],
        "produces" : [ "application/json" ],
        "parameters" : [ {
          "name" : "body",
          "in" : "body",
          "schema" : {
            "$ref" : "#/definitions/deleteQuarantineRequest"
          },
          "description" : "Revert quarantine API request body",
          "required" : true
        } ]
      }
    },
    "/etisalat/blacklist" : {
      "patch" : {
        "tags" : [ "SIM-Services" ],
        "summary" : "Delete Blacklist entry",
        "description" : "Used to remove the phone number from the blacklist.",
        "operationId" : "deleteBlacklist",
        "responses" : {
          "200" : {
            "description" : "The operation was successful.",
            "schema" : {
              "$ref" : "#/definitions/deleteBlackListResponse"
            }
          }
        },
        "consumes" : [ "application/json" ],
        "produces" : [ "application/json" ],
        "parameters" : [ {
          "name" : "body",
          "in" : "body",
          "schema" : {
            "$ref" : "#/definitions/deleteBlackListRequest"
          },
          "description" : "The request body for the operation",
          "required" : true
        } ]
      },
      "post" : {
        "tags" : [ "SIM-Services" ],
        "summary" : "Create Blacklist entry",
        "description" : "Used to add the phone number to the blacklist.",
        "operationId" : "createBlackList",
        "responses" : {
          "200" : {
            "description" : "The operation was successful.",
            "schema" : {
              "$ref" : "#/definitions/postBlackListResponse"
            }
          }
        },
        "consumes" : [ "application/json" ],
        "produces" : [ "application/json" ],
        "parameters" : [ {
          "name" : "body",
          "in" : "body",
          "schema" : {
            "$ref" : "#/definitions/postBlackListRequest"
          },
          "description" : "The request body for the operation",
          "required" : true
        } ]
      }
    },
    "/etisalat/api-token" : {
      "get" : {
        "tags" : [ "SIM-Services" ],
        "summary" : "Get API Token",
        "description" : "To Retrieve api-token from Etisalat telecom Service Proivder.",
        "operationId" : "getApiToken",
        "responses" : {
          "200" : {
            "description" : "The operation was successful.",
            "schema" : {
              "$ref" : "#/definitions/getAPITokenResponse"
            }
          }
        },
        "consumes" : [ "application/json" ],
        "produces" : [ "application/json" ],
        "parameters" : [ ]
      }
    },
    "/etisalat/sim-swap-status" : {
      "post" : {
        "tags" : [ "SIM-Services" ],
        "summary" : "Retrieve SIM swap or SIM change status",
        "description" : "To retrieve Etisalat mobile sim swap or sim change status from Etisalat telecom service provider.",
        "operationId" : "queryEtisalatSimSwapStatus",
        "responses" : {
          "200" : {
            "description" : "The operation was successful.",
            "schema" : {
              "$ref" : "#/definitions/postSimSwapStatusResponse"
            }
          }
        },
        "consumes" : [ "application/json" ],
        "produces" : [ "application/json" ],
        "parameters" : [ {
          "name" : "body",
          "in" : "body",
          "schema" : {
            "$ref" : "#/definitions/postSimSwapStatusRequest"
          },
          "description" : "The request body for the operation",
          "required" : true
        } ]
      }
    },
    "/etisalat/blacklist-status" : {
      "post" : {
        "tags" : [ "SIM-Services" ],
        "summary" : "Retrieve detail about blacklist",
        "description" : "To Retrieve phone number detailed information about blacklist from Etisalat Telecom service provider.",
        "operationId" : "getBlackListDetailsByID",
        "responses" : {
          "200" : {
            "description" : "The operation was successful.",
            "schema" : {
              "$ref" : "#/definitions/postBlackListDetailsByIDResponse"
            }
          }
        },
        "consumes" : [ "application/json" ],
        "produces" : [ "application/json" ],
        "parameters" : [ {
          "name" : "body",
          "in" : "body",
          "schema" : {
            "$ref" : "#/definitions/postBlackListDetailsByIDRequest"
          },
          "description" : "The request body for the operation",
          "required" : true
        } ]
      }
    }
  },
  "basePath" : "/sim-swap/v1",
  "definitions" : {
    "getAPITokenResponse" : {
      "type" : "object",
      "properties" : {
        "dataArea" : {
          "$ref" : "#/definitions/retrieveAPIToken_RDO"
        },
        "responseStatus" : {
          "$ref" : "#/definitions/respStatus_RDO"
        }
      }
    },
    "retrieveAPIToken_RDO" : {
      "type" : "object",
      "properties" : {
        "token" : {
          "type" : "string",
          "description" : "Token generatred by Etisalat. Will be used for further API calls to Etisalat for SIM Swap feature.",
          "example" : "211a7e18-3430-4772-91d0-e4f8df86ca7e"
        },
        "result" : {
          "$ref" : "#/definitions/resultStatus_RDO"
        }
      }
    },
    "simSwapStatusRequest_RDO" : {
      "type" : "object",
      "properties" : {
        "phoneNumber" : {
          "type" : "string",
          "description" : "Customer phone number for which SIM swap status is requested for.",
          "example" : "97151XXXXXXX"
        },
        "referenceDate" : {
          "type" : "string",
          "description" : "Current system date. The date which phone number is verified for SIM Swap status.",
          "example" : "2019-03-02T11:07:46.4829201+03:00",
          "format" : "YYYY-MM-DDTHH:MM:SS"
        },
        "customerIdentifier" : {
          "type" : "string",
          "description" : "",
          "example" : "10"
        },
        "sourceApp" : {
          "type" : "string",
          "description" : "Identifier of the system request is initiated from. \"Default\" can be passed to Etisalat as default value.",
          "example" : "MobileBanking",
          "enum" : ["InternetBanking", "MobileBanking"]
        },
        "transactionCode" : {
          "type" : "string",
          "description" : "If the phone number is blacklisted during OTP message sending, transaction code field will be full.",
          "example" : "DepositMoney"
        },
        "costCenter" : {
          "type" : "string",
          "description" : "Cost center/department bearing the expense for using Etisalat.",
          "example" : "CreditCard"
        }
      }
    },
    "postSimSwapStatusRequest" : {
      "type" : "object",
      "properties" : {
        "applicationArea" : {
          "$ref" : "#/definitions/applicationArea"
        },
        "dataArea" : {
          "$ref" : "#/definitions/simSwapStatusRequest_RDO"
        }
      }
    },
    "applicationArea" : {
      "type" : "object",
      "properties" : {
        "correlationId" : {
          "type" : "string",
          "description" : "Correlation ID to uniquely identify the transaction in Core Banking System.",
          "example" : "1XXXXXXXX0"
        },
        "countryOfOrigin" : {
          "type" : "string",
          "description": "Country of origination of the request. ISO 3166 country codes in two bytes format",
          "example" : "AE",
          "minLength" : 2,
          "maxLength" : 2
        },
        "creationDateTime" : {
          "type" : "string",
          "format" : "date-time",
          "description": "Creation date of the service in ISO 8601 YYYY-MM-DDTHH:MM:SS:sssZ format. This is an optional field",
          "example" : ""
        },
        "interfaceID" : {
          "type" : "string",
          "description": "Logical reference of the Interface that intiated the service. This is an optional field",
          "example" : "uUZWB6WDNxqd"
        },
        "requiredExecutionDate" : {
          "type" : "string",
          "format" : "date-time",
          "description": "Date on which the transaction needs to be actually posted in ISO 8601 YYYY-MM-DDTHH:MM:SS:sssZ format. This is an optional field"
        },
        "senderUserId" : {
          "type" : "string",
          "description": "Sender's User ID. Information about a user who has initiated the transaction",
          "example" : "12XXXX7"
        },
        "senderBranchId" : {
          "type" : "string",
          "description": "Sender's Branch ID. Information about a user who has initiated the transaction",
          "example" : ""
        },
        "senderId" : {
          "type" : "string",
          "description": "Unique identification for the consumer. This will be agreed by Service owner at the time of setup. It will need to be passed in all requests",
          "example": "MOB"
        },
        "transactionDateTime" : {
          "type" : "string",
          "format": "date-time",
          "description" : "The data and time the request is initiated in ISO 8601 format: YYYY-MM-DDTHH:MM:SS:sssZ"          
        },
        "transactionId" : {
          "type" : "string",
          "example" : "WLT1254378DEFG",
          "description" : "Unique transaction reference id assigned by the Sender to identify the message"
        },
        "transactionTimeZone" : {
          "type" : "string",
          "description" : "Timezone in which transaction is initiated",
          "example" : ""
        },
        "senderAuthorizationID" : {
          "type" : "string",
          "description" : "Identification of the Authorizer who has authorized the transaction. This is an optional field",
          "example" : ""
        },
        "senderReferenceID" : {
          "type" : "string",
          "description" : "Reference ID from Sender to identify the event that cause the service invocation. This is an optional field",
          "example" : ""
        },
        "senderAuthorizationComments" : {
          "type" : "string",
          "description" : "Sender authorization comments",
          "example" : ""
        }
      }
    },
    "simSwapStatusResponse_RDO" : {
      "type" : "object",
      "properties" : {
        "simChangeFlag" : {
          "type" : "string",
          "description" : "This attribute will be \"true\" if customer has changed the SIM card for any reason.",
          "example" : "false",
          "enum" : [ "true", "false" ]
        },
        "simChangeDate" : {
          "type" : "string",
          "description" : "The date SIM card was changed.",
          "example" : ""
        },
        "moblineNumberPortabilityFlag" : {
          "type" : "string",
          "description" : "This attribute will be \"true\" if customer has availed Mobile Number Portability (MNP) facility. MNP enables mobile telephone users to retain their mobile telephone numbers when changing from one mobile network carrier to another.",
          "example" : "false",
          "enum" : [ "true", "false" ]
        },
        "moblineNumberPortabilityDate" : {
          "type" : "string",
          "description" : "The date MNP was done.",
          "example" : ""
        },
        "result" : {
          "$ref" : "#/definitions/resultStatus_RDO"
        }
      }
    },
    "resultStatus_RDO" : {
      "type" : "object",
      "properties" : {
        "code" : {
          "type" : "string"
        },
        "explanation" : {
          "type" : "string"
        }
      }
    },
    "respStatus_RDO" : {
      "type" : "object",
      "properties" : {
        "status" : {
          "type" : "string",
          "example" : "SUCCESS",
          "description": "Response Status. Values - SUCCESS/ERROR/WARNING"
        },
        "statusMessage" : {
          "type" : "string",
          "description" : "Status Description",
          "example" : "Successful"
        },
        "errorDetails" : {
          "type" : "array",
          "items" : {
            "$ref" : "#/definitions/errorDetails_RDO"
          }
        },
        "metaData" : {
          "type" : "object",
          "properties" : {
            "dateFormat" : {
              "type" : "string",
			  "description" : "",
              "example" : "dd/MM/yyyy"
            }
          }
        }
      }
    },
    "errorDetails_RDO" : {
      "type" : "object",
      "properties" : {
        "errorCode" : {
          "type" : "string",
          "description": "Code that defines the reason for the error. It is alphanumeric",
          "example": "SYS9999"
        },
        "errorDesc" : {
          "type" : "string",
          "description":"Details of the exception that has occurred",
          "example":"Technical Error in Interface"
        }
      }
    },
    "postSimSwapStatusResponse" : {
      "type" : "object",
      "properties" : {
        "applicationArea" : {
          "$ref" : "#/definitions/applicationArea"
        },
        "dataArea" : {
          "$ref" : "#/definitions/simSwapStatusResponse_RDO"
        },
        "responseStatus" : {
          "$ref" : "#/definitions/respStatus_RDO"
        }
      }
    },
    "removeBlackListRequest_RDO" : {
      "type" : "object",
      "properties" : {
        "phoneNumber" : {
          "type" : "string",
          "description" : "Customer mobile number which needs to be removed from black list.",
          "example" : "97151XXXXXXX"
        },
        "customerIdentifier" : {
          "type" : "string",
          "description" : "Customer Identifier(currenly it is not used. This field is exposed for future purpose to avoid changes in service.)",
          "example" : ""
        },
        "narration" : {
          "type" : "string",
          "description" : "Details of removed from blacklist.",
          "example" : "removed beacause..."
        },
        "sourceApp" : {
          "type" : "string",
          "description" : "Source application name",
          "example" : "DEFAULT"
        }
      }
    },
    "deleteBlackListRequest" : {
      "type" : "object",
      "properties" : {
        "applicationArea" : {
          "$ref" : "#/definitions/applicationArea"
        },
        "dataArea" : {
          "$ref" : "#/definitions/removeBlackListRequest_RDO"
        }
      }
    },
    "removeBlackListResponse_RDO" : {
      "type" : "object",
      "properties" : {
        "response" : {
          "$ref" : "#/definitions/resultStatus_RDO"
        }
      }
    },
    "deleteBlackListResponse" : {
      "type" : "object",
      "properties" : {
        "applicationArea" : {
          "$ref" : "#/definitions/applicationArea"
        },
        "dataArea" : {
          "$ref" : "#/definitions/removeBlackListResponse_RDO"
        },
        "responseStatus" : {
          "$ref" : "#/definitions/respStatus_RDO"
        }
      }
    },
    "postBlackListRequest" : {
      "type" : "object",
      "properties" : {
        "applicationArea" : {
          "$ref" : "#/definitions/applicationArea"
        },
        "dataArea" : {
          "$ref" : "#/definitions/createBlackListRequest_RDO"
        }
      }
    },
    "createBlackListRequest_RDO" : {
      "type" : "object",
      "properties" : {
        "phoneNumber" : {
          "type" : "string",
		  "description" : "Customer mobile number which needs to be added in the blacklist.",
		  "example" : "97151XXXXXXX"
        },
        "customerIdentifier" : {
          "type" : "string",
          "description" : "Customer Identifier(currenly it is not used. This field is exposed for future purpose to avoid changes in service.)",
          "example" : ""
        },
        "narration" : {
          "type" : "string",
          "description" : "Details for adding to the blacklist.",
          "example" : "Added to blacklist beacause..."
        },
        "operatorBlacklistDate" : {
          "type" : "string",
          "description" : "Refers to the date the mobile number was added by the operator to the blacklist.",
          "example" : ""
        },
        "sourceApp" : {
          "type" : "string",
          "description" : "Source application name",
          "example" : "DEFAULT"
        }
      }
    },
    "postBlackListResponse" : {
      "type" : "object",
      "properties" : {
        "applicationArea" : {
          "$ref" : "#/definitions/applicationArea"
        },
        "dataArea" : {
          "$ref" : "#/definitions/createBlackListResponse_RDO"
        },
        "responseStatus" : {
          "$ref" : "#/definitions/respStatus_RDO"
        }
      }
    },
    "createBlackListResponse_RDO" : {
      "type" : "object",
      "properties" : {
        "result" : {
          "$ref" : "#/definitions/resultStatus_RDO"
        }
      }
    },
    "applyQuarantineRequest_RDO" : {
      "type" : "object",
      "properties" : {
        "phoneNumber" : {
          "type" : "string",
          "description" : "Customer mobile number which needs to be apply quarantine.",
          "example" : "97151XXXXXXX"
        },
        "customerIdentifier" : {
          "type" : "string",
          "description" : "Customer Identifier(currenly it is not used. This field is exposed for future purpose to avoid changes in service.)",
          "example" : ""
        },
        "narration" : {
          "type" : "string",
          "description" : "Details for adding to the blacklist.",
          "example" : "Quarantining beacause..."
        },
        "sourceApp" : {
          "type" : "string",
          "description" : "Source application name",
          "example" : "DEFAULT"
        }
      }
    },
    "postQuarantineRequest" : {
      "type" : "object",
      "properties" : {
        "applicationArea" : {
          "$ref" : "#/definitions/applicationArea"
        },
        "dataArea" : {
          "$ref" : "#/definitions/applyQuarantineRequest_RDO"
        }
      }
    },
    "applyQuarantineResponse_RDO" : {
      "type" : "object",
      "properties" : {
        "result" : {
          "$ref" : "#/definitions/resultStatus_RDO"
        }
      }
    },
    "postQuarantineResponse" : {
      "type" : "object",
      "properties" : {
        "applicationArea" : {
          "$ref" : "#/definitions/applicationArea"
        },
        "dataArea" : {
          "$ref" : "#/definitions/applyQuarantineResponse_RDO"
        },
        "responseStatus" : {
          "$ref" : "#/definitions/respStatus_RDO"
        }
      }
    },
    "revertQuarantineRequest_RDO" : {
      "type" : "object",
      "properties" : {
        "phoneNumber" : {
          "type" : "string",
          "description" : "Customer mobile number which needs to be revert quarantine.",
          "example" : "97151XXXXXXX"
        },
        "customerIdentifier" : {
          "type" : "string",
          "description" : "Customer Identifier(currenly it is not used. This field is exposed for future purpose to avoid changes in service.)",
          "example" : ""
        },
        "narration" : {
          "type" : "string",
          "description" : "Details for adding to the blacklist.",
          "example" : "Reverting quarantine beacause..."
        },
        "sourceApp" : {
          "type" : "string",
          "description" : "Source application name",
          "example" : "DEFAULT"
        }
      }
    },
    "revertQuarantineResponse_RDO" : {
      "type" : "object",
      "properties" : {
        "result" : {
          "$ref" : "#/definitions/resultStatus_RDO"
        }
      }
    },
    "deleteQuarantineRequest" : {
      "type" : "object",
      "properties" : {
        "applicationArea" : {
          "$ref" : "#/definitions/applicationArea"
        },
        "dataArea" : {
          "$ref" : "#/definitions/revertQuarantineRequest_RDO"
        }
      }
    },
    "deleteQuarantineResponse" : {
      "type" : "object",
      "properties" : {
        "applicationArea" : {
          "$ref" : "#/definitions/applicationArea"
        },
        "dataArea" : {
          "$ref" : "#/definitions/revertQuarantineResponse_RDO"
        },
        "responseStatus" : {
          "$ref" : "#/definitions/respStatus_RDO"
        }
      }
    },
    "getBlackListDetailsByIDRequest_RDO" : {
      "type" : "object",
      "properties" : {
        "phoneNumber" : {
          "type" : "string",
          "description" : "Customer mobile number for which blacklist details are requested.",
          "example" : "97151XXXXXXX"
        },
        "customerIdentifier" : {
          "type" : "string",
          "description" : "Customer Identifier(currenly it is not used. This field is exposed for future purpose to avoid changes in service.)",
          "example" : ""
        }
      }
    },
    "getBlackListDetailsByIDResponse_RDO" : {
      "type" : "object",
      "properties" : {
        "id" : {
          "type" : "string",
          "description" : "Customer phone number + customer no",
          "example" : ""
        },
        "customerIdentifier" : {
          "type" : "string",
          "description" : "Number of customer that is blacklisted",
          "example" : ""
        },
        "phoneNumber" : {
          "type" : "string",
          "description" : "Customer mobile number for which black details are expected.",
          "example" : "97151XXXXXXX"
        },
        "assumedOperator" : {
          "type" : "string",
          "description" : "The operator information that the number belongs.",
          "example" : "Unknown"
        },
        "blackListDate" : {
          "type" : "string",
          "description" : "The date that the phone number was added to the blacklist.",
          "example" : ""
        },
        "quarantinedDate" : {
          "type" : "string",
          "description" : "The date (in ISO 8601) that the phone number was added to the quarantine list",
          "example" : "2018-09-06T10:54:40.162Z",
          "format" : "YYYY-MM-DDTHH:MM:SS.SSSZ"
        },
        "isQuarantinedFlag" : {
          "type" : "string",
          "description" : "Contains information whether the number is in quarantine or not.",
          "example" : "true",
          "enum" : ["true", "false"]
        },
        "operatorBlacklistDate" : {
          "type" : "string",
          "description" : "The date (in ISO 8601) that the phone number was added to the blacklist by the operator.",
          "example" : "2018-09-06T10:54:40.162Z",
          "format" : "YYYY-MM-DDTHH:MM:SS.SSSZ"
        },
        "blacklistReason" : {
          "type" : "string",
          "description" : "Reason to add into blacklist. 1 = SIM Swap, 2 = Suspicion Rule, 3 = Manual Entry, 4 = MNP",
          "example" : "1",
          "enum" : ["1", "2", "3", "4"]
        },
        "isApproved" : {
          "type" : "string",
          "description" : "Contains information whether the number is approved or not.",
          "example" : "true",
          "enum" : ["true", "false"]
        },
        "narration" : {
          "type" : "string",
          "description" : "Details of blacklist reason.",
          "example" : "Blacklisted for MNP."
        },
        "messageID" : {
          "type" : "string",
          "description" : "If the phone number is blacklisted during OTOP message sending, message id feld will be full.",
          "example" : ""
        },
        "transactionCode" : {
          "type" : "string",
          "description" : "If the phone number is blacklisted during Otp message sending, transaction code feld will be full.",
          "example" : ""
        },
        "sourceApp" : {
          "type" : "string",
          "description" : "The information of the message source. \"Default\" is defined as default.",
          "example" : "DEFAULT"
        },
        "totalCount" : {
          "type" : "string",
          "description" : "",
          "example" : "1"
        },
        "blackListHistoryList" : {
          "type" : "array",
          "items" : {
            "type" : "object",
            "properties" : {
              "id" : {
                "type" : "string",
                "description" : "Blacklist history details",
                "example" : "25286c55-256d-49e6-9a0b-aa010121aaf9"
              },
              "operationType" : {
                "type" : "string",
                "description" : "Operation type",
                "example" : "0"
              },
              "narration" : {
                "type" : "string",
                "description" : "Comments or observation captured while taking the action.",
                "example" : "IN : Blaclisted for MNP"
              },
              "customerIdentifier" : {
                "type" : "string",
                "description" : "Customer Identifier from Etisalat.",
                "example" : "01"
              },
              "blackListDate" : {
                "type" : "string",
                "description" : "Date the action was taken.",
                "example" : "2019-02-27T17:34:38"
              },
              "blacklistReason" : {
                "type" : "string",
                "description" : "Reason to add into blacklist. 1 = SIM Swap, 2 = Suspicion Rule, 3 = Manual Entry, 4 = MNP",
                "example" : "3",
                "enum" : ["1", "2", "3", "4"]
              }
            }
          }
        },
        "result" : {
          "$ref" : "#/definitions/resultStatus_RDO"
        }
      }
    },
    "postBlackListDetailsByIDRequest" : {
      "type" : "object",
      "properties" : {
        "applicationArea" : {
          "$ref" : "#/definitions/applicationArea"
        },
        "dataArea" : {
          "$ref" : "#/definitions/getBlackListDetailsByIDRequest_RDO"
        }
      }
    },
    "postBlackListDetailsByIDResponse" : {
      "type" : "object",
      "properties" : {
        "applicationArea" : {
          "$ref" : "#/definitions/applicationArea"
        },
        "dataArea" : {
          "$ref" : "#/definitions/getBlackListDetailsByIDResponse_RDO"
        },
        "responseStatus" : {
          "$ref" : "#/definitions/respStatus_RDO"
        }
      }
    }
  }
}