{
  "swagger": "2.0",
  "info": {
    "description": "Bashr is an integrated eService, which enables investors to establish their businesses in the UAE within 15 minutes through a unified online platform. This platform is connected with Federal and Local government entities which provide commercial licence services. Bashr Platform is integerated with Bank to create an SME account for the SME Customer. These Services enables to receive the account creation application through the Goverment Service Bus which includes to receive SME Customer's meta data & required documents to open the SME Account. The SME Customers Meta data includes details like Personal Details, Company Details, Contact Details, Partner Details and FATCA details etc. The required documents are Company Owners & Partners indentification documents like Passport, Emirates ID, Visa & Company's Trade License Copy.",
    "version": "1.0.0",
    "title": "SME Customer Onboarding"
  },
  "host": "api.bankfab.com",
  "basePath": "/smeonboarding/v1",
  "schemes": [
    "https"
  ],
  "paths": {
    "/application": {
      "post": {
        "tags": [
          "Onboarding-Services"
        ],
        "summary": "Create SME Application",
        "description": "Create SME Application Services which receives the SME Customer's meta data to create the SME Account in the Core Banking System. This meta data is captured in CRM as a lead and creates the notification to SME Customer Onboarding Operation team.",
        "operationId": "createSMEApplication",
        "consumes": [
          "application/json"
        ],
        "produces": [
          "application/json"
        ],
        "parameters": [
          {
            "name": "Authorization",
            "in": "header",
            "required": false,
            "type": "string",
            "default": "Bearer {token}"
          },
          {
            "in": "body",
            "name": "createSMEApplication",
            "description": "Create SME Application Request Payload",
            "required": false,
            "schema": {
              "$ref": "#/definitions/SMEOnboardingRequest"
            }
          }
        ],
        "responses": {
          "200": {
            "description": "OK",
            "schema": {
              "$ref": "#/definitions/SMEOnboardingResponse"
            }
          },
          "400": {
            "description": "Bad Request",
            "schema": {
              "$ref": "#/definitions/Error_AppArea"
            }
          },
          "500": {
            "description": "InternalServerError",
            "schema": {
              "$ref": "#/definitions/Error_AppArea"
            }
          },
          "401": {
            "description": "Unauthorized",
            "schema": {
              "$ref": "#/definitions/Error_AppArea"
            }
          },
          "404": {
            "description": "Not Found",
            "schema": {
              "$ref": "#/definitions/Error_AppArea"
            }
          },
          "409": {
            "description": "Application already exists",
            "schema": {
              "$ref": "#/definitions/Error_AppArea"
            }
          }
        }
      }
    },
    "/attachments": {
      "post": {
        "tags": [
          "Onboarding-Services"
        ],
        "summary": "Upload SME Documents",
        "description": "Upload SME Documents Services receives SME Customer's documents like Company Owners & Partner's Passport, Emirates ID, Visa & Trade License Copy etc. This set of documents includes for all the Company Owners & Partners.",
        "operationId": "uploadSMEDocument",
        "consumes": [
          "application/json"
        ],
        "produces": [
          "application/json"
        ],
        "parameters": [
          {
            "name": "Authorization",
            "in": "header",
            "required": false,
            "type": "string",
            "default": "Bearer {token}"
          },
          {
            "in": "body",
            "name": "uploadSMEDocument",
            "description": "Upload SME Document Request Payload",
            "required": false,
            "schema": {
              "$ref": "#/definitions/UploadSMEDocumentRequest"
            }
          }
        ],
        "responses": {
          "200": {
            "description": "OK",
            "schema": {
              "$ref": "#/definitions/UploadSMEDocumentResponse"
            }
          },
          "400": {
            "description": "Bad request",
            "schema": {
              "$ref": "#/definitions/Error_AppArea"
            }
          },
          "500": {
            "description": "InternalServerError",
            "schema": {
              "$ref": "#/definitions/Error_AppArea"
            }
          },
          "401": {
            "description": "Unauthorized",
            "schema": {
              "$ref": "#/definitions/Error_AppArea"
            }
          },
          "404": {
            "description": "Not Found",
            "schema": {
              "$ref": "#/definitions/Error_AppArea"
            }
          },
          "409": {
            "description": "Application already exists",
            "schema": {
              "$ref": "#/definitions/Error_AppArea"
            }
          }
        }
      }
    }
  },
  "definitions": {
    "UploadSMEDocumentRequest": {
      "type": "object",
      "properties": {
        "applicationArea": {
          "$ref": "#/definitions/applicationArea"
        },
        "dataArea": {
          "$ref": "#/definitions/DocumentRequest_RDO"
        }
      }
    },
    "errorDetails_RDO": {
      "type": "object",
      "properties": {
        "errorCode": {
          "type": "string",
          "description": "Code that defines the reason for the error. It is alphanumeric",
          "example": "SYS9999"
        },
        "errorDesc": {
          "type": "string",
          "description": "Details of the exception that has occurred",
          "example": "Technical Error in Interface"
        },
        "errorSource": {
          "type": "string",
          "description": "Source of Error",
          "example": "GSB"
        }
      }
    },
    "Identity_RDO": {
      "type": "object",
      "properties": {
        "identityType": {
          "type": "string",
          "description": "Identity(Passport/Emirates Id/Visa/Trade License) Type",
          "enum": [
            "PAS",
            "EMI",
            "TLC",
            "VIS"
          ]
        },
        "identityNumber": {
          "type": "string",
          "description": "Identity(Passport/Emirates Id/Visa/Trade License) Number",
          "example": "AW7XXXXXX"
        },
        "identityExpiryDate": {
          "type": "string",
          "format": "date",
          "description": "Identity(Passport/Emirates Id/Visa/Trade License) Expiry Date",
          "example": "DDDD-YY-MM"
        },
        "identityIssueDate": {
          "type": "string",
          "format": "date",
          "description": "Identity(Passport/Emirates Id/Visa/Trade License) Issue Date",
          "example": "DDDD-YY-MM"
        },
        "identityIssuePlace": {
          "type": "string",
          "description": "Identity(Passport/Emirates Id/Visa/Trade License) Issue Place",
          "example": "Dubai"
        }
      }
    },
    "SMEOnboardingRequest": {
      "type": "object",
      "properties": {
        "applicationArea": {
          "$ref": "#/definitions/applicationArea"
        },
        "dataArea": {
          "$ref": "#/definitions/Company_RDO"
        }
      }
    },
    "DocumentRequest_RDO": {
      "type": "object",
      "properties": {
        "referenceNumber": {
          "type": "string",
          "description": "SME Customer Document Reference Number",
          "example": "6006600"
        },
        "attachments": {
          "type": "array",
          "items": {
            "$ref": "#/definitions/Document_RDO"
          }
        }
      }
    },
    "Address_RDO": {
      "type": "object",
      "properties": {
        "addressType": {
          "type": "string",
          "description": "SME Customer's Address Type",
          "enum": [
            "HOME",
            "COMPANY",
            "PERSONAL"
          ]
        },
        "addressLine1": {
          "type": "string",
          "description": "Address line1",
          "example": "Sample Address"
        },
        "addressLine2": {
          "type": "string",
          "description": "Address line2",
          "example": "Sample Street"
        },
        "addressLine3": {
          "type": "string",
          "description": "address line3",
          "example": "Sample Location"
        },
        "city": {
          "type": "string",
          "description": "City",
          "example": "Sample City"
        },
        "state": {
          "type": "string",
          "description": "State",
          "example": "Emirate"
        },
        "country": {
          "type": "string",
          "description": "Country",
          "example": "United Arab Emirates"
        },
        "postalCode": {
          "type": "string",
          "description": "Postal code",
          "example": "606701"
        },
        "postOfficeBox": {
          "type": "string",
          "description": "Post Office Box Number",
          "example": "1234"
        },
        "addressPreference": {
          "type": "string",
          "description": "Address Preference",
          "enum": [
            "P",
            "S"
          ]
        }
      }
    },
    "Party_RDO": {
      "type": "object",
      "properties": {
        "partyType": {
          "type": "string",
          "description": "Party Type",
          "enum": [
            "OWNER",
            "PARTNER",
            "SHAREHOLDER"
          ]
        },
        "name": {
          "type": "string",
          "description": "Name of the Party (Owner/Partner/Shareholder)",
          "example": "4"
        },
        "birthDate": {
          "type": "string",
          "format": "date",
          "description": "Party's (Owner/Partner/Shareholder) Birth Date",
          "example": "1980-06-16"
        },
        "nationality": {
          "type": "array",
          "items": {
            "type": "string",
            "description": "Party's (Owner/Partner/Shareholder) Nationality",
            "example": "Nationality"
          }
        },
        "placeOfBirth": {
          "type": "string",
          "description": "Party's (Owner/Partner/Shareholder) Place of Birth City",
          "example": "Sample Birth City"
        },
        "placeOfBirthCountry": {
          "type": "string",
          "description": "Party's (Owner/Partner/Shareholder) Place of Birth Country",
          "example": "Canada"
        },
        "identity": {
          "type": "array",
          "items": {
            "$ref": "#/definitions/Identity_RDO"
          }
        },
        "residentialStatus": {
          "type": "string",
          "description": "Party's (Owner/Partner/Shareholder) Residential Status",
          "example": "Resident"
        },
        "address": {
          "type": "array",
          "items": {
            "$ref": "#/definitions/Address_RDO"
          }
        },
        "tncAccepted1": {
          "type": "boolean",
          "description": "Party's (Owner/Partner/Shareholder) Terms and Condition 1",
          "example": "true"
        },
        "tncAccepted2": {
          "type": "boolean",
          "description": "Party's (Owner/Partner/Shareholder) Terms and Condition 2",
          "example": "true"
        },
        "shareHoldingPercentage": {
          "type": "number",
          "description": "Party's (Owner/Partner/Shareholder) % Share Holding",
          "example": "100%"
        },
        "holdAccountWithFAB": {
          "type": "boolean",
          "description": "Is Party's (Owner/Partner/Shareholder) Holds Banking Relationship with FAB?",
          "example": "true"
        },
        "accountIdentifier": {
          "type": "array",
          "items": {
            "type": "string",
            "description": "Party's (Owner/Partner/Shareholder) FAB Account Number (if any Relationship with FAB)",
            "example": "12XXXXXXXXXXXX20"
          }
        }
      }
    },
    "Meta_RDO": {
      "type": "object",
      "properties": {
        "documentsCount": {
          "type": "number",
          "description": "Total number of documents, applicable for requested SME application which will be sent to FAB in uploadDocument service.",
          "example": "4"
        }
      }
    },
    "Sanctions_RDO": {
      "type": "object",
      "properties": {
        "dealingInSanctionedCountries": {
          "type": "array",
          "items": {
            "type": "string",
            "description": "List of sanction countries if any of expected customers/suppliers have a presence or dealings/trading",
            "example": "EU"
          }
        },
        "associationWithPartyInSactionsList": {
          "type": "array",
          "items": {
            "type": "string",
            "description": "List of countries if any of the owners associated with any party currently present on any sanctions list ",
            "example": "UN"
          }
        }
      }
    },
    "TaxResidency_RDO": {
      "type": "object",
      "properties": {
        "countryJurisdictionOfTaxResident": {
          "type": "string",
          "description": "Country Jurisdiction of Tax Resident",
          "example": "Canada"
        },
        "taxIdentificationNumber": {
          "type": "string",
          "description": "TIN Number",
          "example": "VG00XXXXXX"
        },
        "reasonIfTINNotAvailable": {
          "type": "string",
          "description": "Reason If TIN is not provided",
          "example": "Not have the "
        },
        "comments": {
          "type": "string",
          "description": "Depending on reason, provide additional comments",
          "example": "Comments if any."
        }
      }
    },
    "SMEOnboardingResponse": {
      "type": "object",
      "required": [
        "responseStatus"
      ],
      "properties": {
        "applicationArea": {
          "$ref": "#/definitions/applicationArea"
        },
        "responseStatus": {
          "$ref": "#/definitions/respStatus_RDO"
        },
        "dataArea": {
          "$ref": "#/definitions/SMEApplicationResult_RDO"
        }
      }
    },
    "respStatus_RDO": {
      "type": "object",
      "properties": {
        "status": {
          "type": "string",
          "description" : "Response Status"
        },
        "errorDetails": {
          "type": "array",
          "items": {
            "$ref": "#/definitions/errorDetails_RDO"
          }
        }
      }
    },
    "SPOC_RDO": {
      "type": "object",
      "properties": {
        "name": {
          "type": "string",
          "description": "SPOC Name",
          "example": "Test Contact Name"
        },
        "designation": {
          "type": "string",
          "description": "SPOC Designation",
          "example": "Managing Director"
        },
        "motherName": {
          "type": "string",
          "description": "SPOC Mother's Name",
          "example": "Mother Name"
        },
        "contacts": {
          "type": "array",
          "items": {
            "$ref": "#/definitions/ContactPoint_RDO"
          }
        }
      }
    },
    "SMEApplicationResult_RDO": {
      "type": "object",
      "properties": {
        "referenceNumber": {
          "type": "string",
          "description": "SME reference number",
          "example": "10066X011"
        }
      }
    },
    "Error_AppArea": {
      "type": "object",
      "properties": {
        "applicationArea": {
          "$ref": "#/definitions/applicationArea"
        },
        "responseStatus": {
          "$ref": "#/definitions/respStatus_RDO"
        }
      }
    },
    "ContactPoint_RDO": {
      "type": "object",
      "properties": {
        "contactType": {
          "type": "string",
          "description": "Contact Type",
          "enum": [
            "P",
            "S",
            "O"
          ]
        },
        "mobileNumber": {
          "type": "string",
          "description": "Mobile Number",
          "example": "+97150XXXXXXX"
        },
        "phoneNumber": {
          "type": "string",
          "description": "Phone Number",
          "example": "+9712XXXXXXX"
        },
        "email": {
          "type": "string",
          "format": "email",
          "description": "Email Address",
          "example": "myemail@mydomain.com"
        },
        "fax": {
          "type": "string",
          "description": "Fax Number",
          "example": "+9712XXXXXXX"
        },
        "website": {
          "type": "string",
          "description": "Website",
          "example": "www.mydomain.com"
        },
        "preferredMedium": {
          "type": "string",
          "description": "Preferred Medium of contact",
          "example": "Email"
        }
      }
    },
    "FATCA_RDO": {
      "type": "object",
      "properties": {
        "isUSPersonForTaxPurpose": {
          "type": "boolean",
          "description": "Is U.S person for Tax purpose?",
          "example": "true"
        },
        "socialSecurityNumber": {
          "type": "string",
          "description": "Social Security Number",
          "example": "TX00123467"
        },
        "isTaxResidentOtherCountry": {
          "type": "boolean",
          "description": "Is Tax resident of a country, other than UAE or US?",
          "example": "false"
        },
        "taxResidencies": {
          "type": "array",
          "items": {
            "$ref": "#/definitions/TaxResidency_RDO"
          }
        },
        "declarationIndicator": {
          "type": "boolean",
          "description": "FATCA Declaration Indicator",
          "example": "true"
        },
        "reasonForDeclarationDisagree": {
          "type": "string",
          "description": "Provide the Reason For Declaration Disagree",
          "example": "I am not able to understand few points, I check with legal team and update"
        },
        "timeStamp": {
          "type": "string",
          "format": "date-time",
          "description": "FATCA Acceptance Timestamp",
          "example": "2017-07-21T17:32:28Z"
        }
      }
    },
    "Party-Director_RDO": {
      "type": "object",
      "properties": {
        "name": {
          "type": "string",
          "description": "Name of Party (Owner/Partner/Shareholder)",
          "example": "Test Party Name"
        },
        "nationality": {
          "type": "array",
          "items": {
            "type": "string",
            "description": "Nationality",
            "example": "CanXXXXXX"
          }
        },
        "residentialStatus": {
          "type": "string",
          "description": "Residential Status",
          "example": "Permanent"
        }
      }
    },
    "UploadSMEDocumentResponse": {
      "type": "object",
      "required": [
        "responseStatus"
      ],
      "properties": {
        "applicationArea": {
          "$ref": "#/definitions/applicationArea"
        },
        "responseStatus": {
          "$ref": "#/definitions/respStatus_RDO"
        }
      }
    },
    "Document_RDO": {
      "type": "object",
      "properties": {
        "identity": {
          "$ref": "#/definitions/Identity_RDO"
        },
        "documentType": {
          "type": "string",
          "description": "Document Type",
          "enum": [
            "TradeLicense",
            "MOA",
            "Signature",
            "FATCA_CRS",
            "Passport",
            "KYCForm"
          ]
        },
        "mimeType": {
          "type": "string",
          "description": "Document Mime Type",
          "example": "application/pdf"
        },
        "fileContent": {
          "type": "string",
          "description": "File Content (Base64 encoded)",
          "example": "DSCXFWRWTG$$TGEG#%XXXXXXXXX@$SDFST$TREGFEGSFGGSDG="
        },
        "fileName": {
          "type": "string",
          "description": "File Name",
          "example": "6006600_JonBonso_Passport_copy.pdf"
        }
      }
    },
    "Party-Signatory_RDO": {
      "type": "object",
      "properties": {
        "name": {
          "type": "string",
          "description": "Name of Signatory (Owner/Partner/Shareholder)",
          "example": "Sample Signatory Name"
        },
        "nationality": {
          "type": "array",
          "items": {
            "type": "string",
            "description": "Signatory Nationality",
            "example": "Canadian"
          }
        },
        "residentialStatus": {
          "type": "string",
          "description": "Signatory's Residential Status",
          "example": "Permanent"
        },
        "address": {
          "type": "array",
          "items": {
            "$ref": "#/definitions/Address_RDO"
          }
        }
      }
    },
    "Company_RDO": {
      "type": "object",
      "properties": {
        "applicationDateTime": {
          "type": "string",
          "format": "date-time",
          "description": "application date time",
          "example": "2017-07-21T17:32:28Z"
        },
        "companyName": {
          "type": "string",
          "description": "Company Name",
          "example": "Sample Company"
        },
        "companyShortName": {
          "type": "string",
          "description": "Company's Short Name",
          "example": "Sample Short name"
        },
        "companyNameArabic": {
          "type": "string",
          "description": "Company Name Arabic",
          "example": ""
        },
        "companyEstablishmentDate": {
          "type": "string",
          "format": "date",
          "description": "Company Establishment Date",
          "example": "DDDD-YY-MM"
        },
        "countryOfIncorporation": {
          "type": "string",
          "description": "Country Of Incorporation",
          "example": "United Arab Emirates"
        },
        "customerClassification": {
          "type": "string",
          "description": "Customer Classification",
          "example": "Expact"
        },
        "economicActivity": {
          "type": "string",
          "description": "Economic Activity of Business Customer",
          "example": "Retail Fashion"
        },
        "numberOfEmployees": {
          "type": "integer",
          "description": "Number of Employee",
          "example": "100"
        },
        "businessDurationInUAE": {
          "type": "string",
          "description": "How long has the company been doing business in the UAE?",
          "example": "10 Years"
        },
        "tncAccepted": {
          "type": "boolean",
          "description": "Terms and Condition",
          "example": "true"
        },
        "initialInvestment": {
          "type": "number",
          "format": "double",
          "description": "Present Capital or Initial Investment in the Business",
          "example": 500000.00
        },
        "identification": {
          "type": "array",
          "items": {
            "$ref": "#/definitions/Identity_RDO"
          }
        },
        "address": {
          "type": "array",
          "items": {
            "$ref": "#/definitions/Address_RDO"
          }
        },
        "spoc": {
          "type": "array",
          "items": {
            "$ref": "#/definitions/SPOC_RDO"
          }
        },
        "parties": {
          "type": "array",
          "items": {
            "$ref": "#/definitions/Party_RDO"
          }
        },
        "sanctions": {
          "$ref": "#/definitions/Sanctions_RDO"
        },
        "FATCA": {
          "$ref": "#/definitions/FATCA_RDO"
        },
        "boardOfDirectors": {
          "type": "array",
          "items": {
            "$ref": "#/definitions/Party-Director_RDO"
          }
        },
        "signatories": {
          "type": "array",
          "items": {
            "$ref": "#/definitions/Party-Signatory_RDO"
          }
        },
        "meta": {
          "$ref": "#/definitions/Meta_RDO"
        }
      }
    },
    "applicationArea": {
      "type": "object",
      "required": [
        "correlationId",
        "countryOfOrigin",
        "transactionDateTime",
        "transactionId"
      ],
      "properties": {
        "correlationId": {
          "type": "string",
          "description": "Unique identifier used for identifying the transaction lifecycle",
          "example": "100XXX066"
        },
        "countryOfOrigin": {
          "type": "string",
          "minLength": 2,
          "maxLength": 2,
          "description": "Country of origination of the request. ISO 3166 country codes in two bytes format",
          "example": "AE"
        },
        "creationDateTime": {
          "type": "string",
          "format": "date-time",
          "description": "Creation date of the service in ISO 8601 YYYY-MM-DDTHH:MM:SS:sssZ format. This is an optional field",
          "example": "2017-07-21T17:32:28Z"
        },
        "interfaceID": {
          "type": "string",
          "description": "Logical reference of the Interface that intiated the service. This is an optional field",
          "example": "GSB"
        },
        "requiredExecutionDate": {
          "type": "string",
          "format" : "date-time",
          "description": "Date on which the transaction needs to be actually posted in ISO 8601 YYYY-MM-DDTHH:MM:SS:sssZ format. This is an optional field"
        },
        "senderUserId": {
          "type": "string",
          "description": "Sender's User ID. Information about a user who has initiated the transaction",
          "example": "GSB_USER"
        },
        "senderBranchId": {
          "type": "string",
          "description": "Sender's Branch ID. Information about a user who has initiated the transaction",
          "example": ""
        },
        "senderId": {
          "type": "string",
          "description": "Unique identification for the consumer. This will be agreed by Service owner at the time of setup. It will need to be passed in all requests",
          "enum": [
            "MBL",
            "RIB",
            "BSR",
            "IVR"
          ],
          "example": "MBL"
        },
        "transactionDateTime": {
          "type": "string",
          "format": "date-time",
          "description": "Transaction Date Time",
          "example": "2017-07-21T17:32:28Z"
        },
        "transactionId": {
          "type": "string",
          "example" : "WLT1254378DEFG",
          "description" : "Unique transaction reference id assigned by the Sender to identify the message"
        },
        "transactionTimeZone": {
          "type": "string",
          "description": "Timezone in which transaction is initiated",
          "example": "GMT+4"
        },
        "senderAuthorizationID": {
          "type": "string",
          "description" : "Identification of the Authorizer who has authorized the transaction. This is an optional field",
          "example": "BSR"
        },
        "senderReferenceID": {
          "type": "string",
          "description" : "Reference ID from Sender to identify the event that cause the service invocation. This is an optional field",
          "example": "1006600"
        },
        "senderAuthorizationComments": {
          "type": "string",
          "description" : "Comments of the Authorizer on authorizing the transaction. This is an optional field",
          "example": "Approved"
        }
      }
    }
  }
}
