{
  "swagger":"2.0",
  "info":{
    "title":"Corporate Customer Details  ",
    "version":"1.0.0",
    "description":"Retrieves Corporate Customer Details information"
  },
  "host": "api.bankfab.com",
  "basePath":"/involvedparty/v1",
  "schemes":[
    "https"
  ],
  "paths":{
    "/corporatecustomer/details/glcms":{
      "post":{
        "tags":[
          "getCBGCustomersFromGLCMS"
        ],
        "summary": "Customer API facilitates fetching of demographic, geographic, regualtory, credit and risk details of a customer",
       "description":"The API fetches all the basic information about Corporate Banking Customer which the bank has dealings with.The fetch is based on the Counterparty name, UID or Core Banking Customer Id.",
        "operationId":"getCBGCustomersFromGLCMS",
        "responses":{
          "200":{
            "description":"The operation was successful."
          }
        },
        "consumes":[
          "application/json"
        ],
        "produces":[
          "application/json"
        ],
        "parameters":[
          {
            "name":"body",
            "in":"body",
            "schema":{
              "$ref":"#/definitions/getCBGCustomersFromGLCMSReq"
            },
            "description":"The request body for the operation",
            "required":true
          }
        ]
      }
    }
  },
  "definitions":{
    "getCBGCustomersFromGLCMSReq":{
      "type":"object",
      "properties":{
        "applicationArea":{
          "$ref":"#/definitions/applicationArea"
        },
        "securityArea":{
          "$ref":"#/definitions/securityArea"
        },
        "dataAreaInvolvedParty":{
          "$ref":"#/definitions/dataAreaInvolvedPartyReq"
        }
      }
    },
    "applicationArea":{
      "properties":{
        "correlationId":{
          "type":"string"
        },
        "countryOfOrigin":{
          "maxLength":2,
          "minLength":2,
          "type":"string"
        },
        "creationDateTime":{
          "type":"string",
          "format":"date-time"
        },
        "interfaceID":{
          "type":"string"
        },
        "requiredExecutionDate":{
          "type":"string",
          "format":"date-time"
        },
        "senderUserId":{
          "type":"string"
        },
        "senderBranchId":{
          "type":"string"
        },
        "senderId":{
          "type":"string"
        },
        "transactionDateTime":{
          "type":"string",
          "format":"date-time"
        },
        "transactionId":{
          "type":"string"
        },
        "transactionTimeZone":{
          "type":"string"
        },
        "senderAuthorizationID":{
          "type":"string"
        },
        "senderReferenceID":{
          "type":"string"
        },
        "senderAuthorizationComments":{
          "type":"string"
        }
      },
      "required":[
        "countryOfOrigin",
        "transactionId",
        "transactionDateTime",
        "correlationId"
      ],
      "type":"object"
    },
    "securityArea":{
      "properties":{
        "secToken":{
          "type":"string"
        },
        "userId":{
          "type":"string"
        },
        "passwd":{
          "type":"string"
        }
      }
    },
    "dataAreaInvolvedPartyReq":{
      "type":"object",
      "properties":{
        "Uid":{
          "type":"string",
          "description":"This is the GLCMS unique identifier (UID) assigned to the customer.",
          "example":"5XX11"
        },
        "CounterpartyName":{
          "type":"string",
          "description":"Name of the customer, this is taken from the legal identifier documents submitted as part of KYC.",
          "example":"AAA Corporation"
        },
        "CIFNumber":{
          "type":"string",
          "description":"This is the T24 unique identifier (CIF) assigned to the customer.",
          "example":"34XXX21"
        }
      }
    },
    "dataAreaInvolvedPartyRes":{
      "type":"object",
      "properties":{
        "telephoneNumber":{
          "type":"string",
          "description":"The telephone number of the corporate where a represetative can be contacted.",
          "example":"052XXXXXX7"
        },
        "counterpartyName":{
          "type":"string",
          "description":"Name of the Corporate cutomer, this is taken from the legal identifier documents submitted as part of KYC.This is restricted to 35 Digits.",
          "example":"AAA Corporation"
        },
        "CounterpartyType":{
          "type":"string",
          "description":"Indicates the type of the corporate customer.",
          "example":"MNC"
        },
        "counterpartyCategory":{
          "type":"string",
          "description":"Indicates the business line of the corporate customer.",
          "example":"WBG"
        },
        "dateofIncorporation":{
          "type":"string",
          "description":"Indicates the date on which the corporate was registered.",
          "example":"MM/DD/YYYY"
        },
        "fax":{
          "type":"string",
          "description":"Indicates the fax number of the corporate.",
          "example":"+9712XXXXXX2"
        },
        "salutation":{
          "type":"string",
          "description":"Salutation to be used while addressing the corporate. For retail customers this indicates the gender as well.",
          "example":"M/S"
        },
        "mailLocation":{
          "type":"string",
          "description":"Identifies the location of the customer if its Local or Overseas.",
          "example":"Local"
        },
        "shortName":{
          "type":"string",
          "description":"Name of the Corporate customer, this is taken from the legal identifier documents submitted as part of KYC.This attribute allows upto 255 Digits.",
          "example":"AA Aaaaaa AAA"
        },
        "UID":{
          "type":"string",
          "description":"This is the GLCMS unique identifier (UID) generated for the customer.",
          "example":"5XXXX1"
        },
        "status":{
          "type":"string",
          "description":"The current status of the customer record."
        },
        "dateofBirth":{
          "type":"string",
          "description":"Indicates the date of birth of the customer. This is applicable to individual customers.",
          "example":"MM/DD/YYYY"
        },
        "nationality":{
          "type":"string",
          "description":"Indicates the nationality of the customer. This is applicable to individual customers.",
          "example":"Iaaaaa"
        },
        "cifNumber":{
          "type":"string",
          "description":"This is the T24 unique identifier (CIF) assigned to the customer.",
          "example":"3XXXXX1"
        },
        "countryofDomicile":{
          "type":"string",
          "description":"Identifies the country of domicile of the customer. This is represented using the 2 digit ISO country Code.",
          "example":"AE"
        },
        "primaryIndustryofOperation":{
          "type":"string",
          "description":"Identifies the main industry in which the corporate is trading/ operating.",
          "example":"BNK-ACCOUNTING ,AUDITING TAX & LEGAL"
        },
        "address":{
          "type":"array",
          "description":"Identifies the address of the corporate.",
          "example":"Street, PO BOX XXXX",
          "items":{
            "$ref":"#/definitions/addressType"
          }
        },
        "documentIdentifier":{
          "type":"array",
          "description":"Indicates the document ID submitted as part of the KYC.",
          "example":"Z3XXXX95",
          "items":{
            "$ref":"#/definitions/documentIdentifierArray"
          }
        },
        "originatingBranch":{
          "type":"string",
          "description":"Identifies the branch where the customer record was opened.",
          "example":"Head Office_BNK-100"
        }
      },
      "required":[
        "cifNumber"
      ]
    },
    "documentIdentifierArray":{
      "type":"object",
      "properties":{
        "identifier":{
          "type":"string",
          "description":"Indicates the document ID submitted as part of the KYC.",
          "example":"Z3XXXX5"
        },
        "enterpriseIdType":{
          "type":"string",
          "description":"Indicates the document type submitted as part of the KYC.",
          "example":"Passport"
        },
        "expiryDate":{
          "type":"string",
          "description":"Indicates the expiry date of the document submitted as part of the KYC.",
          "example":"MM/DD/YYYY"
        }
      }
    },
    "getCBGCustomersFromGLCMSRes":{
      "type":"object",
      "properties":{
        "applicationArea":{
          "$ref":"#/definitions/applicationArea"
        },
        "securityArea":{
          "$ref":"#/definitions/securityArea"
        },
        "dataAreaInvolvedParty":{
          "$ref":"#/definitions/dataAreaInvolvedPartyRes"
        }
      }
    },
    "addressType":{
      "type":"object",
      "properties":{
        "addressLines":{
          "type":"string",
          "description":"Identifies the address of the corporate, typically the first few lines of the address.",
          "example":"Street,7th Xxxxx"
        },
        "city":{
          "type":"string",
          "description":"Identifies the city of the corporate, this is part of the address of the corporate.",
          "example":"Aaa Daaaaa"
        },
        "postalCode":{
          "type":"string",
          "description":"Identifies the post code of the corporate, this is part of the address of the corporate.this is relevant to those countries where Postal Code is used as part of their communication.",
          "example":"6XX6"
        },
        "poBox":{
          "type":"string",
          "description":"Identifies the PO BOX of the corporate, this is part of the address of the corporate. This is relevant to those countries where PO BOX is used as part of their communication.",
          "example":"6XX6"
        },
        "country":{
          "type":"string",
          "description":"Identifies the country of the corporate, this is part of the address of the corporate. 2 Digit ISO Code is used as a standard.",
          "example":"AE"
        }
      }
    }
  }

}