{
  "swagger" : "2.0",
  "info" : {
    "title" : "Risk Arrangments",
    "version" : "1.0.0",
    "description" : "Risk Arrangement API provides the details of corporate customers financials and spreading."
  },
  "paths" : {
    "/financial/retrive" : {
      "post" : {
        "tags": [
          "Customer-Financial-Data"
        ],
        "summary": "Provides Corporate Customer's financial information",
        "description":"Retrieves the financial details of the customer along with the spreading details that includes different ratios and financial indicators.",
        "operationId" : "Getfinancials_RiskArrangements",
        "responses" : {
          "200" : {
            "description" : "The operation was successful.",
            "schema" : {
              "$ref" : "#/definitions/GetFinancialsResponse"
            }
          },
          "default" : {
            "description" : "Unexpected error",
            "schema" : {
              "$ref" : "#/definitions/errorDetailsType"
            }
          }
        },
        "consumes" : [ "application/json" ],
        "produces" : [ "application/json" ],
          "parameters" : [ {
          "name" : "body",
          "in" : "body",
          "schema" : {
            "$ref" : "#/definitions/GetFinancialsRequest"
          },
          "description" : "The request body for the operation",
          "required" : true
        } ]
      }
    }
  },
  "basePath" : "/risk/customer/v1",
  "definitions" : {
    "GetFinancialsRequest" : {
      "type" : "object",
      "properties" : {
        "applicationArea" : {
          "$ref" : "#/definitions/applicationAreaType"
        },
        "securityArea" : {
          "$ref" : "#/definitions/securityAreaType"
        },
        "getFinancialRequest" : {
          "$ref" : "#/definitions/FinancialsFetchRequestType"
        }
      }
    },
    "GetFinancialsResponse" : {
      "type" : "object",
      "properties" : {
        "responseStatus" : {
          "type" : "object",
          "properties" : {
            "status" : {
              "type" : "string"
            },
            "errorDetails" : {
              "$ref" : "#/definitions/errorDetailsType"
            }
          }
        },
        "applicationArea" : {
          "$ref" : "#/definitions/applicationAreaType"
        },
        "securityArea" : {
          "$ref" : "#/definitions/securityAreaType"
        },
        "getFinancialsRes" : {
          "type" : "array",
          "items" : {
            "$ref" : "#/definitions/FinancialsFetchResponseType"
          }
        }
      }
    },
    "errorDetailsType" : {
      "type" : "object",
      "properties" : {
        "errorCode" : {
          "type" : "string",
          "description": "Code that defines the reason for the error. It is alphanumeric",
          "example": "SYS9999"
        },
        "errorDesc" : {
          "type" : "string",
          "description": "Details of the exception that has occurred",
          "example": "Technical Error in Interface"
        }
      }
    },
    "FinancialsFetchResponseType" : {
      "type" : "object",
      "properties" : {
        "customerID" : {
          "type" : "number",
          "description": "This is the unique identifier of the customer whose financials are being fetched.This can be GLCMS UID, T24 CIF or the ACP ID depending on the request sent."
        },
        "archiveID" : {
          "type" : "number",
          "description": "The archival Id of the statement."
        },
        "contextID" : {
          "type" : "number"
        },
        "statementID" : {
          "type" : "number",
          "description": "The statement Id of the statement."
        },
        "customerName" : {
          "type" : "string",
          "description": "This is the name of the customer whose financials are being fetched."
        },
        "statementDate" : {
          "type" : "string",
          "format" : "date",
          "description": "The customer financial statement date that has been used for fetching of the financials ."
        },
        "statementMonths" : {
          "type" : "number",
          "description": "The customer financial statement month that has been used for fetching of the financials ."
        },
        "auditMethod" : {
          "type" : "string",
          "description": "The audit method used for the auditing of the customer statements. The values are Audited or In-House ."
        },
        "accountant" : {
          "type" : "string",
          "description": "The name of the auditor/ firm associated with the audit."
        },
        "analyst" : {
          "type" : "string",
          "description": "The name of any analyst, if any associated with the audit."
        },
        "statementType" : {
          "type" : "string",
          "description": "The type of the statement if Qualified or Unqualified."
        },
        "cash" : {
          "type" : "number",
          "description": "The financial details of the customer from the customer financials & Spreading is populated."
        },
        "marketAbleSec" : {
          "type" : "number",
          "description": "The financial details of the customer from the customer financials & Spreading is populated."
        },
        "acctsRecTrade" : {
          "type" : "string",
          "description": "The financial details of the customer from the customer financials & Spreading is populated."
        },
        "badDebtReserve" : {
          "type" : "number",
          "description": "The financial details of the customer from the customer financials & Spreading is populated."
        },
        "netTradeAcctsRec" : {
          "type" : "number",
          "description": "The financial details of the customer from the customer financials & Spreading is populated."
        },
        "acctsRecOther" : {
          "type" : "number",
          "description": "The financial details of the customer from the customer financials & Spreading is populated."
        },
        "rawMaterialsInv" : {
          "type" : "number",
          "description": "The financial details of the customer from the customer financials & Spreading is populated."
        },
        "wipInv" : {
          "type" : "number",
          "description": "The financial details of the customer from the customer financials & Spreading is populated."
        },
        "finGoodsInv" : {
          "type" : "number",
          "description": "The financial details of the customer from the customer financials & Spreading is populated."
        },
        "otherInv" : {
          "type" : "number",
          "description": "The financial details of the customer from the customer financials & Spreading is populated."
        },
        "totalInventory" : {
          "type" : "number",
          "description": "The financial details of the customer from the customer financials & Spreading is populated."
        },
        "incTaxReceivable" : {
          "type" : "number",
          "description": "The financial details of the customer from the customer financials & Spreading is populated."
        },
        "costsInExcBill" : {
          "type" : "number",
          "description": "The financial details of the customer from the customer financials & Spreading is populated."
        },
        "otherOperAssets" : {
          "type" : "number",
          "description": "The financial details of the customer from the customer financials & Spreading is populated."
        },
        "nonOpCurAssets" : {
          "type" : "number",
          "description": "The financial details of the customer from the customer financials & Spreading is populated."
        },
        "lifoReserve" : {
          "type" : "number",
          "description": "The financial details of the customer from the customer financials & Spreading is populated."
        },
        "offBsCurAsts" : {
          "type" : "number",
          "description": "The financial details of the customer from the customer financials & Spreading is populated."
        },
        "totalCurAssets" : {
          "type" : "number",
          "description": "The financial details of the customer from the customer financials & Spreading is populated."
        },
        "defIncTaxRec" : {
          "type" : "number",
          "description": "The financial details of the customer from the customer financials & Spreading is populated."
        },
        "constInProgress" : {
          "type" : "number",
          "description": "The financial details of the customer from the customer financials & Spreading is populated."
        },
        "land" : {
          "type" : "number",
          "description": "The financial details of the customer from the customer financials & Spreading is populated."
        },
        "fixedAssets" : {
          "type" : "number",
          "description": "The financial details of the customer from the customer financials & Spreading is populated."
        },
        "grossFixedAssets" : {
          "type" : "number",
          "description": "The financial details of the customer from the customer financials & Spreading is populated."
        },
        "accumDeprec" : {
          "type" : "number",
          "description": "The financial details of the customer from the customer financials & Spreading is populated."
        },
        "netFixedAssets" : {
          "type" : "number",
          "description": "The financial details of the customer from the customer financials & Spreading is populated."
        },
        "longTermAcctsRec" : {
          "type" : "number",
          "description": "The financial details of the customer from the customer financials & Spreading is populated."
        },
        "longTermInvest" : {
          "type" : "number",
          "description": "The financial details of the customer from the customer financials & Spreading is populated."
        },
        "OpNonCurAsts" : {
          "type" : "number",
          "description": "The financial details of the customer from the customer financials & Spreading is populated."
        },
        "intangibles" : {
          "type" : "number",
          "description": "The financial details of the customer from the customer financials & Spreading is populated."
        },
        "accumaMort" : {
          "type" : "number",
          "description": "The financial details of the customer from the customer financials & Spreading is populated."
        },
        "netInTangibles" : {
          "type" : "number",
          "description": "The financial details of the customer from the customer financials & Spreading is populated."
        },
        "offBsNonCurAsts" : {
          "type" : "number",
          "description": "The financial details of the customer from the customer financials & Spreading is populated."
        },
        "totalNonCurAsts" : {
          "type" : "number",
          "description": "The financial details of the customer from the customer financials & Spreading is populated."
        },
        "totalAssets" : {
          "type" : "number",
          "description": "The financial details of the customer from the customer financials & Spreading is populated."
        },
        "overDrafts" : {
          "type" : "number",
          "description": "The financial details of the customer from the customer financials & Spreading is populated."
        },
        "stLoansPayable" : {
          "type" : "number",
          "description": "The financial details of the customer from the customer financials & Spreading is populated."
        },
        "cpLtd" : {
          "type" : "number",
          "description": "The financial details of the customer from the customer financials & Spreading is populated."
        },
        "cpsUbDebt" : {
          "type" : "number",
          "description": "The financial details of the customer from the customer financials & Spreading is populated."
        },
        "acctsPayTrade" : {
          "type" : "number",
          "description": "The financial details of the customer from the customer financials & Spreading is populated."
        },
        "acctsPayOther" : {
          "type" : "number",
          "description": "The financial details of the customer from the customer financials & Spreading is populated."
        },
        "accruedLiabs" : {
          "type" : "number",
          "description": "The financial details of the customer from the customer financials & Spreading is populated."
        },
        "interestPayable" : {
          "type" : "number",
          "description": "The financial details of the customer from the customer financials & Spreading is populated."
        },
        "dividendsPayable" : {
          "type" : "number",
          "description": "The financial details of the customer from the customer financials & Spreading is populated."
        },
        "totalAccrdLiabs" : {
          "type" : "number",
          "description": "The financial details of the customer from the customer financials & Spreading is populated."
        },
        "incTaxesPayable" : {
          "type" : "number",
          "description": "The financial details of the customer from the customer financials & Spreading is populated."
        },
        "otherOperLiabs" : {
          "type" : "number",
          "description": "The financial details of the customer from the customer financials & Spreading is populated."
        },
        "billInExcCosts" : {
          "type" : "number",
          "description": "The financial details of the customer from the customer financials & Spreading is populated."
        },
        "nonOpCurLiabs" : {
          "type" : "number",
          "description": "The financial details of the customer from the customer financials & Spreading is populated."
        },
        "offBsCurLiabs" : {
          "type" : "number",
          "description": "The financial details of the customer from the customer financials & Spreading is populated."
        },
        "totalCurLiabs" : {
          "type" : "number",
          "description": "The financial details of the customer from the customer financials & Spreading is populated."
        },
        "longTermDebt" : {
          "type" : "number",
          "description": "The financial details of the customer from the customer financials & Spreading is populated."
        },
        "capLeaseOblig" : {
          "type" : "number",
          "description": "The financial details of the customer from the customer financials & Spreading is populated."
        },
        "defIncTaxPayable" : {
          "type" : "number",
          "description": "The financial details of the customer from the customer financials & Spreading is populated."
        },
        "nonOpNonCurLiabs" : {
          "type" : "number",
          "description": "The financial details of the customer from the customer financials & Spreading is populated."
        },
        "OpNonCurLiabs" : {
          "type" : "number",
          "description": "The financial details of the customer from the customer financials & Spreading is populated."
        },
        "DueToRelParty" : {
          "type" : "number",
          "description": "The financial details of the customer from the customer financials & Spreading is populated."
        },
        "offBsNonCurLiabs" : {
          "type" : "number",
          "description": "The financial details of the customer from the customer financials & Spreading is populated."
        },
        "subDebtLiabs" : {
          "type" : "number",
          "description": "The financial details of the customer from the customer financials & Spreading is populated."
        },
        "minorityIntLiabs" : {
          "type" : "number",
          "description": "The financial details of the customer from the customer financials & Spreading is populated."
        },
        "totalNonCurLiabs" : {
          "type" : "number",
          "description": "The financial details of the customer from the customer financials & Spreading is populated."
        },
        "totalLiabs" : {
          "type" : "number",
          "description": "The financial details of the customer from the customer financials & Spreading is populated."
        },
        "subDebtEquity" : {
          "type" : "number",
          "description": "The financial details of the customer from the customer financials & Spreading is populated."
        },
        "minIntEquity" : {
          "type" : "number",
          "description": "The financial details of the customer from the customer financials & Spreading is populated."
        },
        "preferredStock" : {
          "type" : "number",
          "description": "The financial details of the customer from the customer financials & Spreading is populated."
        },
        "commonStock" : {
          "type" : "number",
          "description": "The financial details of the customer from the customer financials & Spreading is populated."
        },
        "otherEquity" : {
          "type" : "number",
          "description": "The financial details of the customer from the customer financials & Spreading is populated."
        },
        "treasuryStock" : {
          "type" : "number",
          "description": "The financial details of the customer from the customer financials & Spreading is populated."
        },
        "currencyTranslat" : {
          "type" : "number",
          "description": "The financial details of the customer from the customer financials & Spreading is populated."
        },
        "retainedEarnings" : {
          "type" : "number",
          "description": "The financial details of the customer from the customer financials & Spreading is populated."
        },
        "accumulatedOci" : {
          "type" : "number",
          "description": "The financial details of the customer from the customer financials & Spreading is populated."
        },
        "totalNetWorth" : {
          "type" : "number",
          "description": "The financial details of the customer from the customer financials & Spreading is populated."
        },
        "totLiabsNetWorth" : {
          "type" : "number",
          "description": "The financial details of the customer from the customer financials & Spreading is populated."
        },
        "grossSales" : {
          "type" : "number",
          "description": "The financial details of the customer from the customer financials & Spreading is populated."
        },
        "salesReturns" : {
          "type" : "number",
          "description": "The financial details of the customer from the customer financials & Spreading is populated."
        },
        "sales" : {
          "type" : "number",
          "description": "The financial details of the customer from the customer financials & Spreading is populated."
        },
        "costOfGoodsSold" : {
          "type" : "number",
          "description": "The financial details of the customer from the customer financials & Spreading is populated."
        },
        "cogsDepreciation" : {
          "type" : "number",
          "description": "The financial details of the customer from the customer financials & Spreading is populated."
        },
        "totalCogs" : {
          "type" : "number",
          "description": "The financial details of the customer from the customer financials & Spreading is populated."
        },
        "grossProfit" : {
          "type" : "number",
          "description": "The financial details of the customer from the customer financials & Spreading is populated."
        },
        "operExpenses" : {
          "type" : "number",
          "description": "The financial details of the customer from the customer financials & Spreading is populated."
        },
        "sellingAndGenExp" : {
          "type" : "number",
          "description": "The financial details of the customer from the customer financials & Spreading is populated."
        },
        "officersComp" : {
          "type" : "number",
          "description": "The financial details of the customer from the customer financials & Spreading is populated."
        },
        "leaserEntExp" : {
          "type" : "number",
          "description": "The financial details of the customer from the customer financials & Spreading is populated."
        },
        "deprecExpense" : {
          "type" : "number",
          "description": "The financial details of the customer from the customer financials & Spreading is populated."
        },
        "amortExpense" : {
          "type" : "number",
          "description": "The financial details of the customer from the customer financials & Spreading is populated."
        },
        "esopDividends" : {
          "type" : "number",
          "description": "The financial details of the customer from the customer financials & Spreading is populated."
        },
        "totalOpExpenses" : {
          "type" : "number",
          "description": "The financial details of the customer from the customer financials & Spreading is populated."
        },
        "otherOperIncome" : {
          "type" : "number",
          "description": "The financial details of the customer from the customer financials & Spreading is populated."
        },
        "operatingProfit" : {
          "type" : "number",
          "description": "The financial details of the customer from the customer financials & Spreading is populated."
        },
        "interestIncome" : {
          "type" : "number",
          "description": "The financial details of the customer from the customer financials & Spreading is populated."
        },
        "interestExpense" : {
          "type" : "number",
          "description": "The financial details of the customer from the customer financials & Spreading is populated."
        },
        "nonCashIncome" : {
          "type" : "number",
          "description": "The financial details of the customer from the customer financials & Spreading is populated."
        },
        "nonCashExpense" : {
          "type" : "number",
          "description": "The financial details of the customer from the customer financials & Spreading is populated."
        },
        "otherIncome" : {
          "type" : "number",
          "description": "The financial details of the customer from the customer financials & Spreading is populated."
        },
        "incomeFromSubs" : {
          "type" : "number",
          "description": "The financial details of the customer from the customer financials & Spreading is populated."
        },
        "gainLossAstSale" : {
          "type" : "number",
          "description": "The financial details of the customer from the customer financials & Spreading is populated."
        },
        "otherExpense" : {
          "type" : "number",
          "description": "The financial details of the customer from the customer financials & Spreading is populated."
        },
        "totalOtherIncExp" : {
          "type" : "number",
          "description": "The financial details of the customer from the customer financials & Spreading is populated."
        },
        "profitBeforeTax" : {
          "type" : "number",
          "description": "The financial details of the customer from the customer financials & Spreading is populated."
        },
        "incomeTaxExp" : {
          "type" : "number",
          "description": "The financial details of the customer from the customer financials & Spreading is populated."
        },
        "incomeTaxCredit" : {
          "type" : "number",
          "description": "The financial details of the customer from the customer financials & Spreading is populated."
        },
        "netIncomeTaxExp" : {
          "type" : "number",
          "description": "The financial details of the customer from the customer financials & Spreading is populated."
        },
        "minorityIntExp" : {
          "type" : "number",
          "description": "The financial details of the customer from the customer financials & Spreading is populated."
        },
        "profitlossbeforeEOI" : {
          "type" : "number",
          "description": "The financial details of the customer from the customer financials & Spreading is populated."
        },
        "afterTaxIncome" : {
          "type" : "number",
          "description": "The financial details of the customer from the customer financials & Spreading is populated."
        },
        "aftTaxNonCashExp" : {
          "type" : "number",
          "format" : "",
          "description": "The financial details of the customer from the customer financials & Spreading is populated."
        },
        "afterTaxExpense" : {
          "type" : "number",
          "description": "The financial details of the customer from the customer financials & Spreading is populated."
        },
        "netProfitLoss" : {
          "type" : "number",
          "description": "The financial details of the customer from the customer financials & Spreading is populated."
        },
        "otherCompIncome" : {
          "type" : "number",
          "description": "The financial details of the customer from the customer financials & Spreading is populated."
        },
        "compIncome" : {
          "type" : "number",
          "description": "The financial details of the customer from the customer financials & Spreading is populated."
        },
        "dividendsStock" : {
          "type" : "number",
          "description": "The financial details of the customer from the customer financials & Spreading is populated."
        },
        "dividendsCommon" : {
          "type" : "number",
          "description": "The financial details of the customer from the customer financials & Spreading is populated."
        },
        "dividendsPref" : {
          "type" : "number",
          "description": "The financial details of the customer from the customer financials & Spreading is populated."
        },
        "adjToRe" : {
          "type" : "number"
        },
        "conversionRate" : {
          "type" : "number",
          "description": "The financial details of the customer from the customer financials & Spreading is populated."
        },
        "covWorkingCapital" : {
          "type" : "number",
          "description": "The financial details of the customer from the customer financials & Spreading is populated."
        },
        "covCapitalExpend" : {
          "type" : "number",
          "description": "The financial details of the customer from the customer financials & Spreading is populated."
        },
        "covOwnerSalary" : {
          "type" : "number",
          "description": "The financial details of the customer from the customer financials & Spreading is populated."
        },
        "covLeaseExpend" : {
          "type" : "number",
          "description": "The financial details of the customer from the customer financials & Spreading is populated."
        },
        "covDividends" : {
          "type" : "number",
          "description": "The financial details of the customer from the customer financials & Spreading is populated."
        },
        "covSubDebtPaymts" : {
          "type" : "number",
          "description": "The financial details of the customer from the customer financials & Spreading is populated."
        },
        "covNewDebt" : {
          "type" : "number",
          "description": "The financial details of the customer from the customer financials & Spreading is populated."
        },
        "covMinimumTnw" : {
          "type" : "number",
          "description": "The financial details of the customer from the customer financials & Spreading is populated."
        },
        "covMinCashBal" : {
          "type" : "number",
          "description": "The financial details of the customer from the customer financials & Spreading is populated."
        },
        "currentRatio" : {
          "type" : "number",
          "description": "The financial details of the customer from the customer financials & Spreading is populated."
        },
        "covQuickRatio" : {
          "type" : "number",
          "description": "The financial details of the customer from the customer financials & Spreading is populated."
        },
        "covDebtToTnw" : {
          "type" : "number",
          "description": "The financial details of the customer from the customer financials & Spreading is populated."
        },
        "covInterestCover" : {
          "type" : "number",
          "description": "The financial details of the customer from the customer financials & Spreading is populated."
        },
        "covFundsFlwCover" : {
          "type" : "number",
          "description": "The financial details of the customer from the customer financials & Spreading is populated."
        },
        "covProfitMargin" : {
          "type" : "number",
          "description": "The financial details of the customer from the customer financials & Spreading is populated."
        },
        "covRetOnEquity" : {
          "type" : "number",
          "description": "The financial details of the customer from the customer financials & Spreading is populated."
        },
        "covRetOnAssets" : {
          "type" : "number",
          "description": "The financial details of the customer from the customer financials & Spreading is populated."
        },
        "covAcctsRecDays" : {
          "type" : "number",
          "description": "The financial details of the customer from the customer financials & Spreading is populated."
        },
        "covInventoryDays" : {
          "type" : "number",
          "description": "The financial details of the customer from the customer financials & Spreading is populated."
        },
        "covAcctsPayDays" : {
          "type" : "number",
          "description": "The financial details of the customer from the customer financials & Spreading is populated."
        },
        "covMaxSalesGrow" : {
          "type" : "number",
          "description": "The financial details of the customer from the customer financials & Spreading is populated."
        },
        "workingCapital" : {
          "type" : "number",
          "description": "The financial details of the customer from the customer financials & Spreading is populated."
        },
        "quickAssetRatio" : {
          "type" : "number",
          "description": "The financial details of the customer from the customer financials & Spreading is populated."
        },
        "tangibleNetWorth" : {
          "type" : "number",
          "description": "The financial details of the customer from the customer financials & Spreading is populated."
        },
        "totalBankBorrowings" : {
          "type" : "number",
          "description": "The financial details of the customer from the customer financials & Spreading is populated."
        },
        "DebtToWorth" : {
          "type" : "number",
          "description": "The financial details of the customer from the customer financials & Spreading is populated."
        },
        "leverage" : {
          "type" : "number",
          "description": "The financial details of the customer from the customer financials & Spreading is populated."
        },
        "dbtLessSubEfftNw" : {
          "type" : "number",
          "description": "The financial details of the customer from the customer financials & Spreading is populated."
        },
        "liabsToAssets" : {
          "type" : "number",
          "description": "The financial details of the customer from the customer financials & Spreading is populated."
        },
        "interestCoverageRatio" : {
          "type" : "number",
          "description": "The financial details of the customer from the customer financials & Spreading is populated."
        },
        "fndsFlwToPpcpLtd" : {
          "type" : "number",
          "description": "The financial details of the customer from the customer financials & Spreading is populated."
        },
        "ucaCashFlowCover" : {
          "type" : "number",
          "description": "The financial details of the customer from the customer financials & Spreading is populated."
        },
        "cashFLlwToPpcpLtd" : {
          "type" : "number",
          "description": "The financial details of the customer from the customer financials & Spreading is populated."
        },
        "ebitda" : {
          "type" : "number",
          "description": "The financial details of the customer from the customer financials & Spreading is populated."
        },
        "ebida" : {
          "type" : "number",
          "description": "The financial details of the customer from the customer financials & Spreading is populated."
        },
        "debtServiceCoverageRatio" : {
          "type" : "number",
          "description": "The financial details of the customer from the customer financials & Spreading is populated."
        },
        "returnOnAssets" : {
          "type" : "number",
          "description": "The financial details of the customer from the customer financials & Spreading is populated."
        },
        "returnOnEquity" : {
          "type" : "number",
          "description": "The financial details of the customer from the customer financials & Spreading is populated."
        },
        "grossProfitMargin" : {
          "type" : "number",
          "description": "The financial details of the customer from the customer financials & Spreading is populated."
        },
        "operatingProfitMargin" : {
          "type" : "number",
          "description": "The financial details of the customer from the customer financials & Spreading is populated."
        },
        "divPayoutRate" : {
          "type" : "number",
          "description": "The financial details of the customer from the customer financials & Spreading is populated."
        },
        "effectiveTaxRate" : {
          "type" : "number",
          "description": "The financial details of the customer from the customer financials & Spreading is populated."
        },
        "grsAcctsRecDays" : {
          "type" : "number",
          "description": "The financial details of the customer from the customer financials & Spreading is populated."
        },
        "tradeReceivables" : {
          "type" : "number",
          "description": "The financial details of the customer from the customer financials & Spreading is populated."
        },
        "netacctsrecdays" : {
          "type" : "number",
          "description": "The financial details of the customer from the customer financials & Spreading is populated."
        },
        "cashConversionCycleDays" : {
          "type" : "number",
          "description": "The financial details of the customer from the customer financials & Spreading is populated."
        },
        "rawMatInvDays" : {
          "type" : "number",
          "description": "The financial details of the customer from the customer financials & Spreading is populated."
        },
        "wipInvDays" : {
          "type" : "number",
          "description": "The financial details of the customer from the customer financials & Spreading is populated."
        },
        "finGoodsInvDays" : {
          "type" : "number",
          "description": "The financial details of the customer from the customer financials & Spreading is populated."
        },
        "inventoryDays" : {
          "type" : "number",
          "description": "The financial details of the customer from the customer financials & Spreading is populated."
        },
        "tradePayables" : {
          "type" : "number",
          "description": "The financial details of the customer from the customer financials & Spreading is populated."
        },
        "salesToTotalAsts" : {
          "type" : "number",
          "description": "The financial details of the customer from the customer financials & Spreading is populated."
        },
        "salesToWrkingCap" : {
          "type" : "number",
          "description": "The financial details of the customer from the customer financials & Spreading is populated."
        },
        "salesToNetWorth" : {
          "type" : "number",
          "description": "The financial details of the customer from the customer financials & Spreading is populated."
        },
        "salesToFixedAsts" : {
          "type" : "number",
          "description": "The financial details of the customer from the customer financials & Spreading is populated."
        },
        "pbtToTotalAssets" : {
          "type" : "number",
          "description": "The financial details of the customer from the customer financials & Spreading is populated."
        },
        "totalAssetsGrowth" : {
          "type" : "number",
          "description": "The financial details of the customer from the customer financials & Spreading is populated."
        },
        "totalLiabsGrowth" : {
          "type" : "number",
          "description": "The financial details of the customer from the customer financials & Spreading is populated."
        },
        "sustainableGrow" : {
          "type" : "number",
          "description": "The financial details of the customer from the customer financials & Spreading is populated."
        },
        "cashClctdFrSales" : {
          "type" : "number",
          "description": "The financial details of the customer from the customer financials & Spreading is populated."
        },
        "cashPdToSupplrs" : {
          "type" : "number",
          "description": "The financial details of the customer from the customer financials & Spreading is populated."
        },
        "cashFrTrAdActiv" : {
          "type" : "number",
          "description": "The financial details of the customer from the customer financials & Spreading is populated."
        },
        "cashPdForOpCosts" : {
          "type" : "number",
          "description": "The financial details of the customer from the customer financials & Spreading is populated."
        },
        "cashAfterOps" : {
          "type" : "number",
          "description": "The financial details of the customer from the customer financials & Spreading is populated."
        },
        "othInCandTaxEspd" : {
          "type" : "number",
          "description": "The financial details of the customer from the customer financials & Spreading is populated."
        },
        "netCashAfterOps" : {
          "type" : "number",
          "description": "The financial details of the customer from the customer financials & Spreading is populated."
        },
        "cashPdDivAndInt" : {
          "type" : "number",
          "description": "The financial details of the customer from the customer financials & Spreading is populated."
        },
        "netCashIncome" : {
          "type" : "number",
          "description": "The financial details of the customer from the customer financials & Spreading is populated."
        },
        "CpLtdPaid" : {
          "type" : "number",
          "description": "The financial details of the customer from the customer financials & Spreading is populated."
        },
        "cashAftDebtAmort" : {
          "type" : "number",
          "description": "The financial details of the customer from the customer financials & Spreading is populated."
        },
        "chgInFixedAssets" : {
          "type" : "number",
          "description": "The financial details of the customer from the customer financials & Spreading is populated."
        },
        "fixedAssetsToTnw" : {
          "type" : "number",
          "description": "The financial details of the customer from the customer financials & Spreading is populated."
        },
        "profitB4TaxToTnw" : {
          "type" : "number",
          "description": "The financial details of the customer from the customer financials & Spreading is populated."
        },
        "depAmortToSales" : {
          "type" : "number",
          "description": "The financial details of the customer from the customer financials & Spreading is populated."
        },
        "offrCompToSales" : {
          "type" : "number",
          "description": "The financial details of the customer from the customer financials & Spreading is populated."
        },
        "salesToAcctsRec" : {
          "type" : "number",
          "description": "The financial details of the customer from the customer financials & Spreading is populated."
        },
        "cogsToInventory" : {
          "type" : "number",
          "description": "The financial details of the customer from the customer financials & Spreading is populated."
        },
        "cogsToAcctsPay" : {
          "type" : "number",
          "description": "The financial details of the customer from the customer financials & Spreading is populated."
        },
        "pbtToNetSales" : {
          "type" : "number",
          "description": "The financial details of the customer from the customer financials & Spreading is populated."
        },
        "OtherCurAssets" : {
          "type" : "number",
          "description": "The financial details of the customer from the customer financials & Spreading is populated."
        },
        "otherCurLiabs" : {
          "type" : "number",
          "description": "The financial details of the customer from the customer financials & Spreading is populated."
        },
        "statementYear" : {
          "type" : "number",
          "description": "The financial details of the customer from the customer financials & Spreading is populated."
        },
        "cashAndEquivs" : {
          "type" : "number",
          "description": "The financial details of the customer from the customer financials & Spreading is populated."
        },
        "netProfitMargin" : {
          "type" : "number",
          "description": "The financial details of the customer from the customer financials & Spreading is populated."
        },
        "netIncDeprToCpLtd" : {
          "type" : "number",
          "description": "The financial details of the customer from the customer financials & Spreading is populated."
        },
        "acctsRecRelCo" : {
          "type" : "number",
          "description": "The financial details of the customer from the customer financials & Spreading is populated."
        },
        "overDraftsInt" : {
          "type" : "number",
          "description": "The financial details of the customer from the customer financials & Spreading is populated."
        },
        "ebiTdaToIntCpLtd" : {
          "type" : "number",
          "description": "The financial details of the customer from the customer financials & Spreading is populated."
        },
        "capInterest" : {
          "type" : "number",
          "description": "The financial details of the customer from the customer financials & Spreading is populated."
        },
        "ebit" : {
          "type" : "number",
          "description": "The financial details of the customer from the customer financials & Spreading is populated."
        },
        "accountingStandard" : {
          "type" : "number",
          "description": "The financial details of the customer from the customer financials & Spreading is populated."
        },
        "netCashFrmOperAcivInd" : {
          "type" : "string",
          "description": "The financial details of the customer from the customer financials & Spreading is populated."
        },
        "netCashFrmOperActivDirect" : {
          "type" : "number",
          "description": "The financial details of the customer from the customer financials & Spreading is populated."
        },
        "netCashUsedInInvestingActiv" : {
          "type" : "number",
          "description": "The financial details of the customer from the customer financials & Spreading is populated."
        },
        "netCashUsedInFinancingActiv" : {
          "type" : "number",
          "description": "The financial details of the customer from the customer financials & Spreading is populated."
        },
        "icfNetProfit" : {
          "type" : "number",
          "description": "The financial details of the customer from the customer financials & Spreading is populated."
        },
        "icfAmortization" : {
          "type" : "number",
          "description": "The financial details of the customer from the customer financials & Spreading is populated."
        },
        "icfAssetImpairment" : {
          "type" : "number",
          "description": "The financial details of the customer from the customer financials & Spreading is populated."
        },
        "icfDeferredIncomeTaxes" : {
          "type" : "number",
          "description": "The financial details of the customer from the customer financials & Spreading is populated."
        },
        "icfLossOnDispositionOfAsset" : {
          "type" : "number",
          "description": "The financial details of the customer from the customer financials & Spreading is populated."
        },
        "icfOtherOperatingActivities" : {
          "type" : "number",
          "description": "The financial details of the customer from the customer financials & Spreading is populated."
        },
        "icfChginAcctsNotesRecTrade" : {
          "type" : "number",
          "description": "The financial details of the customer from the customer financials & Spreading is populated."
        },
        "icfChgInAcctsNotesRecOther" : {
          "type" : "number",
          "description": "The financial details of the customer from the customer financials & Spreading is populated."
        },
        "icfChgInInventories" : {
          "type" : "number",
          "description": "The financial details of the customer from the customer financials & Spreading is populated."
        },
        "icfChgInOtherCurrentAssetsNet" : {
          "type" : "number",
          "description": "The financial details of the customer from the customer financials & Spreading is populated."
        },
        "icfChgInOtherAssetsNet" : {
          "type" : "number",
          "description": "The financial details of the customer from the customer financials & Spreading is populated."
        },
        "icfChgInAccountsPayableTrade" : {
          "type" : "number",
          "description": "The financial details of the customer from the customer financials & Spreading is populated."
        },
        "icfChgInAccountsPayableOther" : {
          "type" : "number",
          "description": "The financial details of the customer from the customer financials & Spreading is populated."
        },
        "icfChgInAccruedExpenses" : {
          "type" : "number",
          "description": "The financial details of the customer from the customer financials & Spreading is populated."
        },
        "icfChgInOtherCurrentLiabNet" : {
          "type" : "number",
          "description": "The financial details of the customer from the customer financials & Spreading is populated."
        },
        "icfChgInOtherLiabilitiesNet" : {
          "type" : "number",
          "description": "The financial details of the customer from the customer financials & Spreading is populated."
        },
        "icfOtherNonCashAdjustments" : {
          "type" : "number",
          "description": "The financial details of the customer from the customer financials & Spreading is populated."
        },
        "icfCashReceivedFromCustomers" : {
          "type" : "number",
          "description": "The financial details of the customer from the customer financials & Spreading is populated."
        },
        "icfRentalIncome" : {
          "type" : "number",
          "description": "The financial details of the customer from the customer financials & Spreading is populated."
        },
        "icfOtherOperatingCashPayments" : {
          "type" : "number",
          "description": "The financial details of the customer from the customer financials & Spreading is populated."
        },
        "icfCashPaidToSupplierEmpsGa" : {
          "type" : "number",
          "description": "The financial details of the customer from the customer financials & Spreading is populated."
        },
        "icfCashPaidToSupplierEmpCogs" : {
          "type" : "number",
          "description": "The financial details of the customer from the customer financials & Spreading is populated."
        },
        "icfIncomeTaxesPaid" : {
          "type" : "number",
          "description": "The financial details of the customer from the customer financials & Spreading is populated."
        },
        "icfInterestPaid" : {
          "type" : "number",
          "description": "The financial details of the customer from the customer financials & Spreading is populated."
        },
        "icfProceedsFromSaleOfPpe" : {
          "type" : "number",
          "description": "The financial details of the customer from the customer financials & Spreading is populated."
        },
        "icfCapitalExpenditureForPpe" : {
          "type" : "number",
          "description": "The financial details of the customer from the customer financials & Spreading is populated."
        },
        "icfAcquisitionOfBusinesses" : {
          "type" : "number",
          "description": "The financial details of the customer from the customer financials & Spreading is populated."
        },
        "icfDispositionOfSubsidiaries" : {
          "type" : "number",
          "description": "The financial details of the customer from the customer financials & Spreading is populated."
        },
        "icfSoftwareDevelopmentCosts" : {
          "type" : "number",
          "description": "The financial details of the customer from the customer financials & Spreading is populated."
        },
        "icfOtherInvestingActivities" : {
          "type" : "number",
          "description": "The financial details of the customer from the customer financials & Spreading is populated."
        },
        "icfProceedsCommStockIssuance" : {
          "type" : "number",
          "description": "The financial details of the customer from the customer financials & Spreading is populated."
        },
        "icfCommonStockRepurchased" : {
          "type" : "number",
          "description": "The financial details of the customer from the customer financials & Spreading is populated."
        },
        "icfDebtProceeds" : {
          "type" : "number",
          "description": "The financial details of the customer from the customer financials & Spreading is populated."
        },
        "icfDebtRepayments" : {
          "type" : "number",
          "description": "The financial details of the customer from the customer financials & Spreading is populated."
        },
        "icfCashDividendsPaid" : {
          "type" : "number",
          "description": "The financial details of the customer from the customer financials & Spreading is populated."
        },
        "icfOtherFinancingCashFlow" : {
          "type" : "number",
          "description": "The financial details of the customer from the customer financials & Spreading is populated."
        },
        "icfExchangeRateImpactOnCash" : {
          "type" : "number",
          "description": "The financial details of the customer from the customer financials & Spreading is populated."
        },
        "icfCashCashEquivAtBegOfYear" : {
          "type" : "number",
          "description": "The financial details of the customer from the customer financials & Spreading is populated."
        },
        "icfCashCashEquivAtEndOfYear" : {
          "type" : "number",
          "description": "The financial details of the customer from the customer financials & Spreading is populated."
        },
        "icfDirTotMovementCash" : {
          "type" : "number",
          "description": "The financial details of the customer from the customer financials & Spreading is populated."
        },
        "icfTotMovementCash" : {
          "type" : "number",
          "description": "The financial details of the customer from the customer financials & Spreading is populated."
        },
        "icfImpactChgExch" : {
          "type" : "number",
          "description": "The financial details of the customer from the customer financials & Spreading is populated."
        },
        "icfUnexplAdjToCash" : {
          "type" : "number",
          "description": "The financial details of the customer from the customer financials & Spreading is populated."
        },
        "icfDirUnexplAdjToCash" : {
          "type" : "number",
          "description": "The financial details of the customer from the customer financials & Spreading is populated."
        },
        "reconcileID" : {
          "type" : "number",
          "description": "The financial details of the customer from the customer financials & Spreading is populated."
        },
        "consolidated" : {
          "type" : "number",
          "description": "The financial details of the customer from the customer financials & Spreading is populated."
        }
      },
      "required" : [ "customerID", "statementDate", "auditMethod", "statementType", "totalAssets", "sales", "operatingProfit", "profitlossbeforeEOI", "netProfitLoss", "currentRatio", "workingCapital", "quickAssetRatio", "tangibleNetWorth", "totalBankBorrowings", "leverage", "interestCoverageRatio", "debtServiceCoverageRatio", "grossProfitMargin", "operatingProfitMargin", "tradeReceivables", "cashConversionCycleDays", "inventoryDays", "tradePayables", "netProfitMargin" ]
    },
    "applicationAreaType" : {
      "type" : "object",
      "properties" : {
        "correlationId" : {
          "type" : "string",
          "description": "Unique identifier used for identifying the transaction lifecycle",
          "example": "8134481cfe144e1e959cdaa3a569e120"
        },
        "countryOfOrigin" : {
          "type" : "string",
          "description": "Country of origination of the request. ISO 3166 country codes in two bytes format",
          "minLength" : 2,
          "maxLength" : 2,
          "example": "AE"
        },
        "creationDateTime" : {
          "type" : "object",
          "description": "Creation date of the service in ISO 8601 YYYY-MM-DDTHH:MM:SS:sssZ format. This is an optional field",
          "properties" : { }
        },
        "interfaceID" : {
          "type" : "string",
          "description": "Logical reference of the Interface that intiated the service. This is an optional field",
          "example": ""
        },
        "requiredExecutionDate" : {
          "type" : "string",
          "format" : "date-time",
          "description": "Date on which the transaction needs to be actually posted in ISO 8601 YYYY-MM-DDTHH:MM:SS:sssZ format. This is an optional field"
        },
        "senderUserId" : {
          "type" : "string",
          "description": "Sender's Branch ID. Information about a user who has initiated the transaction",
          "example": ""
        },
        "senderBranchId" : {
          "type" : "string",
          "description": "Sender's Branch ID. Information about a user who has initiated the transaction",
          "example": ""
        },
        "senderId" : {
          "type" : "string",
          "description": "Unique identification for the consumer. This will be agreed by Service owner at the time of setup. It will need to be passed in all requests",
          "example": "MOB"
        },
        "transactionDateTime" : {
          "type" : "string",
          "format" : "date-time",
          "description" : "The data and time the request is initiated in ISO 8601 format: YYYY-MM-DDTHH:MM:SS:sssZ"
        },
        "transactionId" : {
          "type" : "string",
          "example" : "WLT1254378DEFG",
          "description" : "Unique transaction reference id assigned by the Sender to identify the message"
        },
        "transactionTimeZone" : {
          "type" : "string",
          "description" : "Timezone in which transaction is initiated",
          "example" : ""
        },
        "senderAuthorizationID" : {
          "type" : "string",
          "description" : "Identification of the Authorizer who has authorized the transaction. This is an optional field",
          "example" : ""
        },
        "senderReferenceID" : {
          "type" : "string",
          "description" : "Reference ID from Sender to identify the event that cause the service invocation. This is an optional field",
          "example" : ""
        },
        "senderAuthorizationComments" : {
          "type" : "string",
          "description" : "Comments of the Authorizer on authorizing the transaction. This is an optional field",
          "example" : ""
        },
        "senderCompanyCode" : {
          "type" : "string",
          "description" : "Company Code for the Transaction. This is an optional field",
          "example" : ""
        }
      }
    },
    "securityAreaType" : {
      "type" : "object",
      "properties" : {
        "secToken" : {
          "type" : "string",
          "description" : "Security Token",
          "example" : ""
        },
        "userId" : {
          "type" : "string",
          "description" : "User ID",
          "example" : ""
        },
        "passwd" : {
          "type" : "string",
          "description" : "Password",
          "example" : ""
        }
      }
    },
    "FinancialsFetchRequestType" : {
      "type" : "object",
      "properties" : {
        "accessID" : {
          "type" : "string",
          "description" : "Access ID",
          "example" : ""
        },
        "password" : {
          "type" : "string",
          "description" : "Password",
          "example" : ""
        },
        "uid" : {
          "type" : "string",
          "description" : "Unique Identifier",
          "example" : ""
        },
        "acpid" : {
          "type" : "string"
        },
        "customerID" : {
          "type" : "string",
          "description" : "Customer Identifier",
          "example" : ""
        }
      }
    }
  },
  "schemes" : [ "https" ],
  "host" : "api.bankfab.com"
}