{
  "swagger" : "2.0",
  "info" : {
    "title" : "CorporateEmpLeaveDetails",
    "version" : "1.0.0",
    "description" : "The API caters to the notification of the Employee leaves to the Fraud Management System" 
  },
  "paths" : {
    "/leave/sync" : {
      "post" : {
        "tags": [
                  "syncEmpLeaves_EFMS"
                 ],
        "operationId" : "syncEmpLeaves_EFMS",
  "summary" : "Notifies Employee Leave to Fraud Management System",
        "responses" : {
          "200" : {
            "description" : "The operation was successful.",
            "schema" : {
              "$ref" : "#/definitions/syncEmpLeaves_EFMSRESP"
            }
          }
        },
        "consumes" : [ "application/json" ],
        "produces" : [ "application/json" ],
        "description" : "Notifies Employee Leave to Fraud Management System",
        "parameters" : [ {
          "name" : "body",
          "in" : "body",
          "schema" : {
            "$ref" : "#/definitions/syncEmpLeaves_EFMSREQ"
          },
          "description" : "The request body for the operation",
          "required" : true
        } ]
      }
    }
  },
  "basePath" : "/arrangement/employee/v1",
  "definitions" : {
    "syncEmpLeaves_EFMSREQ" : {
      "type" : "object",
      "properties" : {
        "applicationArea" : {
          "$ref" : "#/definitions/applicationArea"
        },
        "securityArea" : {
          "$ref" : "#/definitions/securityArea"
        },
        "employeeLeave" : {
          "$ref" : "#/definitions/employeeLeaveReq"
        }
      }
    },
    "employeeLeaveReq" : {
      "type" : "object",
      "properties" : {
        "versionNo" : {
          "type" : "string"
        },
        "deleteFlg" : {
          "type" : "string"
        },
        "createdDate" : {
          "type" : "string",
      "description": "Creation date of the leave record"
        },
        "lastupdateDate" : {
          "type" : "string",
      "description": "Last update date of the Leave record"
        },
        "empNo" : {
          "type" : "string",
      "description": "Employee Number"
        },
        "empName" : {
          "type" : "string",
      "description": "Name of the Employee "
        },
        "empDesignation" : {
          "type" : "string",
       "description": "Designation of the Employee "
        },
        "empOnLeave" : {
          "type" : "string"
        }
      },
      "required" : [ "versionNo", "createdDate", "lastupdateDate", "empNo", "empName", "empDesignation", "empOnLeave" ]
    },
    "applicationArea" : {
      "type" : "object",
      "properties" : {
        "transactionDateTime" : {
          "type" : "string",
      "description": "The data and time the request is initiated in ISO 8601 format YYYY-MM-DD HH:MM :SS format"
        },
        "senderId" : {
          "type" : "string",
      "description": "Unique identification for the consumer. This will be agreed by Service owner at the time of setup. It will need to be passed in all requests"
      
        },
        "countryOfOrigin" : {
          "type" : "string",
      "example" : "AE",
          "description": "Country of origination of the request. The representation is in ISO 3166 country codes in two bytes format"
        },
        "transactionId" : {
          "type" : "string",
      "description" : "Unique transaction reference id"
        }
      },
      "required" : [ "transactionDateTime", "senderId", "countryOfOrigin", "transactionId" ]
    },
    "syncEmpLeaves_EFMSRESP" : {
      "type" : "object",
      "properties" : {
        "applicationArea" : {
          "$ref" : "#/definitions/applicationArea"
        },
        "responseStatus" : {
          "$ref" : "#/definitions/employeeLeaveResp"
        }
      }
    },
    "employeeLeaveResp" : {
      "type" : "object",
      "properties" : {
        "errorDetails" : {
          "type" : "array",
          "items" : {
            "$ref" : "#/definitions/errorDetails_RDO"
          }
        }
      }
    },
    "securityArea" : {
      "type" : "object",
      "properties" : {
        "secToken" : {
          "type" : "string"
        },
        "userId" : {
          "type" : "string"
        },
        "passwd" : {
          "type" : "string"
        }
      }
    },
    "errorDetails_RDO" : {
      "type" : "object",
      "properties" : {
        "errorCode" : {
          "type" : "string"
        },
        "errorDesc" : {
          "type" : "string"
        }
      }
    }
  },
  "schemes" : [ "https" ],
  "host" : "api.bankfab.com"
}