{
  "swagger": "2.0",
  "info": {
    "description": "ArrangementCreditCardV1 service domain handles multiple maintenance operations on the Credit Card.",
    "version": "1.0.0",
    "title": "ArrangementCreditCardV1",
    "termsOfService": ""
  },
  "basePath": "/arrangement/creditcard/transaction/v1",
  "paths": {
    "/update/billingcycle": {
      "post": {
        "tags": [
          "updateBillingCycle"
        ],
        "summary": "Update card Billing cycle",
        "description": "Service to update billing cycle of a card",
        "operationId": "updateBillingcycle",
        "consumes": [
          "application/json"
        ],
        "produces": [
          "application/json"
        ],
        "parameters": [
          {
            "in": "body",
            "name": "body",
            "description": "The request body for the operation",
            "required": false,
            "schema": {
              "$ref": "#/definitions/updateBillingCycleRequest"
            }
          }
        ],
        "responses": {
          "200": {
            "description": "The operation was successful.",
            "schema": {
              "$ref": "#/definitions/updateBillingCycleResponse"
            }
          }
        }
      }
    },
    "/loan/plan/add": {
      "post": {
        "tags": [
          "addLoanPlan"
        ],        
        "operationId": "addLoanPlan",
        "responses": {
          "200": {
            "description": "Loan addition was successful.",
            "schema": {
              "$ref": "#/definitions/creditCardFinancialEntryResponse"
            }
          }
        },
        "consumes": [
          "application/json"
        ],
        "produces": [
          "application/json"
        ],
		"summary": "Create credit card loan plan",
        "description": "Service to Create a Loan Plan on Credit Card",
        "parameters": [
          {
            "name": "body",
            "in": "body",
            "schema": {
              "$ref": "#/definitions/creditCardLoanPlanRequest"
            },
            "description": "The request body for the operation",
            "required": true
          }
        ]
      }
    },
    "/cardaction": {
      "post": {
        "tags": [
          "postCardAction"
        ],
        "summary": "Update Action Code on a card",
        "description": "Updates the Action code (e.g. for Replacement, Reissue) on a card",
        "operationId": "postCardAction",
        "consumes": [
          "application/json"
        ],
        "produces": [
          "application/json"
        ],
        "parameters": [
          {
            "in": "body",
            "name": "body",
            "description": "The request body for the operation",
            "required": false,
            "schema": {
              "$ref": "#/definitions/postCardActionRequest"
            }
          }
        ],
        "responses": {
          "200": {
            "description": "The operation was successful.",
            "schema": {
              "$ref": "#/definitions/postCardActionResponse"
            }
          }
        }
      }
    },
    "/cardspendlimit": {
      "post": {
        "tags": [
          "updateCardSpendLimit"
        ],
        "summary": "Update spend limit on credit card",
        "description": "Service to update ATM and POS spend limit on credit card",
        "operationId": "updateCardSpendLimit",
        "consumes": [
          "application/json"
        ],
        "produces": [
          "application/json"
        ],
        "parameters": [
          {
            "in": "body",
            "name": "body",
            "description": "The request body for the operation",
            "required": false,
            "schema": {
              "$ref": "#/definitions/updateCardSpendLimitRequest"
            }
          }
        ],
        "responses": {
          "200": {
            "description": "update spend limit for credit cards",
            "schema": {
              "$ref": "#/definitions/updateCardSpendLimitResponse"
            }
          }
        }
      }
    },
    "/chargeprofile": {
      "post": {
        "tags": [
          "updateChargeProfile"
        ],
        "summary": "Update Pricing ControlSet for a Card",
        "description": "Update Pricing control for a Card in card management system",
        "operationId": "updateChargeProfile",
        "consumes": [
          "application/json"
        ],
        "produces": [
          "application/json"
        ],
        "parameters": [
          {
            "in": "body",
            "name": "body",
            "description": "Update pricing control in first data",
            "required": false,
            "schema": {
              "$ref": "#/definitions/updateChargeProfileRequest"
            }
          }
        ],
        "responses": {
          "200": {
            "description": "The operation was successful.",
            "schema": {
              "$ref": "#/definitions/updateChargeProfileResponse"
            }
          }
        }
      }
    },
    "/chargewaiver": {
      "post": {
        "tags": [
          "updateChargeWaiver"
        ],
        "summary": "Update Charge waiver parameter",
        "description": "Service to update charge waive parameter for a card in Card Management System",
        "operationId": "updateChargeWaiver",
        "consumes": [
          "application/json"
        ],
        "produces": [
          "application/json"
        ],
        "parameters": [
          {
            "in": "body",
            "name": "body",
            "description": "waive of the charge on Card in First Data",
            "required": false,
            "schema": {
              "$ref": "#/definitions/updateChargeWaiverRequest"
            }
          }
        ],
        "responses": {
          "200": {
            "description": "The operation was successful.",
            "schema": {
              "$ref": "#/definitions/updateChargeWaiverResponse"
            }
          }
        }
      }
    },
    "/easyBuy": {},
    "/easyBuy/installment": {
      "post": {
        "tags": [
          "addEPPPlan"
        ],
        "summary": "Create installment plan",
        "description": "Service to create loan plan on a credit card in Card Management System",
        "operationId": "addEPPPlan",
        "consumes": [
          "application/json"
        ],
        "produces": [
          "application/json"
        ],
        "parameters": [
          {
            "in": "body",
            "name": "body",
            "description": "add credit card loan plan",
            "required": false,
            "schema": {
              "$ref": "#/definitions/createEasyBuyInstalmentRequest"
            }
          }
        ],
        "responses": {
          "200": {
            "description": "The operation was successful.",
            "schema": {
              "$ref": "#/definitions/createEasyBuyInstalmentResponse"
            }
          }
        }
      }
    },
    "/embosser": {
      "post": {
        "tags": [
          "updateEmbosserDetails"
        ],
        "summary": "Update Embosser Name ",
        "description": "Update Card Holder Name to be printed on Plastic Card, in Card Management System",
        "operationId": "updateEmbosserDetails",
        "consumes": [
          "application/json"
        ],
        "produces": [
          "application/json"
        ],
        "parameters": [
          {
            "in": "body",
            "name": "body",
            "description": "Update Embosser Details",
            "required": false,
            "schema": {
              "$ref": "#/definitions/updateEmbosserRequest"
            }
          }
        ],
        "responses": {
          "200": {
            "description": "The operation was successful.",
            "schema": {
              "$ref": "#/definitions/updateEmbosserResponse"
            }
          }
        }
      }
    },
    "/financialentry": {
      "post": {
        "tags": [
          "postCreditCardFinancialEntry"
        ],
        "summary": "Post Financial Entry",
        "description": "Post a financial entry against Credit Card in card system",
        "operationId": "postCreditCardFinancialEntry",
        "consumes": [
          "application/json"
        ],
        "produces": [
          "application/json"
        ],
        "parameters": [
          {
            "in": "body",
            "name": "body",
            "description": "Post Financial Entry Request for Credit Card",
            "required": false,
            "schema": {
              "$ref": "#/definitions/postcreditCardFinancialEntryRequest"
            }
          }
        ],
        "responses": {
          "200": {
            "description": "Post Financial Entry Response for Credit Card",
            "schema": {
              "$ref": "#/definitions/creditCardFinancialEntryResponse"
            }
          },
          "default": {
            "description": "Unexpected error",
            "schema": {
              "$ref": "#/definitions/errorDetails"
            }
          }
        }
      }
    },
    "/loyalty/points/adjustment": {
      "post": {
        "tags": [
          "loyaltyPointsAdjustment"
        ],
        "summary": "Adjust the loyalty points for Credit card",
        "description": "Executes a loyalty points adjustment against credit card in card management system",
        "operationId": "loyaltyPointsAdjustment",
        "consumes": [
          "application/json"
        ],
        "produces": [
          "application/json"
        ],
        "parameters": [
          {
            "in": "body",
            "name": "body",
            "description": "adjust the points for Credit card",
            "required": false,
            "schema": {
              "$ref": "#/definitions/loyaltyPointsAdjustmentRequest"
            }
          }
        ],
        "responses": {
          "200": {
            "description": "The operation was successful.",
            "schema": {
              "$ref": "#/definitions/loyaltyPointsAdjustmentResponse"
            }
          }
        }
      }
    },
    "/loyalty/points/redemption": {
      "post": {
        "tags": [
          "loyaltyPointsRedemption"
        ],
        "summary": "Loyalty point redemption in card system",
        "description": "Redeems the loyalty points against the card in card system",
        "operationId": "loyaltyPointsRedemption",
        "consumes": [
          "application/json"
        ],
        "produces": [
          "application/json"
        ],
        "parameters": [
          {
            "in": "body",
            "name": "body",
            "description": "loyalty points redemption",
            "required": false,
            "schema": {
              "$ref": "#/definitions/loyaltyPointsRedemptionRequest"
            }
          }
        ],
        "responses": {
          "200": {
            "description": "The operation was successful.",
            "schema": {
              "$ref": "#/definitions/loyaltyPointsRedemptionResponse"
            }
          }
        }
      }
    },
    "/memoline": {
      "post": {
        "tags": [
          "updateMemoLineDetails"
        ],
        "summary": "Captures Additional information for card",
        "description": "The operation will capture card level details for customer in card system",
        "operationId": "updateMemoLineDetails",
        "consumes": [
          "application/json"
        ],
        "produces": [
          "application/json"
        ],
        "parameters": [
          {
            "in": "body",
            "name": "body",
            "description": "The request body for the operation",
            "required": false,
            "schema": {
              "$ref": "#/definitions/updateMemoLineDetailsRequest"
            }
          }
        ],
        "responses": {
          "200": {
            "description": "The operation was successful.",
            "schema": {
              "$ref": "#/definitions/updateMemoLineDetailsResponse"
            }
          }
        }
      }
    }
  },
  "definitions": {
    "creditCardLoanPlanRequest": {
      "type": "object",
      "properties": {
        "applicationArea": {
          "$ref": "#/definitions/applicationArea"
        },
        "dataArea": {
          "type": "object",
          "properties": {
            "cardIdentifier": {
              "type": "string",
              "description": "credit card number",
              "example": "434142********12"
            },
            "transactionAmount": {
              "type": "string",
              "description": "Transaction amount which is to be converted to installment",
              "example": "2500"
            },
            "planNumber": {
              "type": "string",
              "description": "Plan number",
              "example": "10002"
            },
            "term": {
              "type": "string",
              "description": "instalment tenure",
              "example": "6"
            },
            "planDescription": {
              "type": "string",
              "description": "Instalment plan description",
              "example": "EPP @ 3.5% tenure 6 months"
            },
            "customerIdentifier": {
              "type": "string",
              "description": "customrr ID",
              "example": "1234567"
            },
            "interestRate": {
              "type": "string",
              "description": "Interest rate at which transaction is converted to instalements",
              "example": "3.5"
            },
            "narration": {
              "type": "string",
              "description": "Loan convertion description",
              "example": "Transaction 2500 AED converted to EPP @ 3.5% interest rate for 6 months tenure"
            }
          }
        }
      }
    },
    "updateBillingCycleResponse": {
      "type": "object",
      "properties": {
        "applicationArea": {
          "$ref": "#/definitions/applicationArea"
        },
        "responseStatus": {
          "$ref": "#/definitions/responseStatus"
        }
      }
    },
    "creditCardFinancialEntryResponse": {
      "type": "object",
      "properties": {
        "applicationArea": {
          "$ref": "#/definitions/applicationArea"
        },
        "responseStatus": {
          "$ref": "#/definitions/responseStatus"
        }
      }
    },
    "updateCardSpendLimitResponse": {
      "type": "object",
      "properties": {
        "applicationArea": {
          "$ref": "#/definitions/applicationArea"
        },
        "responseStatus": {
          "$ref": "#/definitions/responseStatus"
        }
      }
    },
    "loyaltyDetail_RDO": {
      "type": "object",
      "properties": {
        "program": {
          "type": "string",
          "description": "Loyalty Program Name",
          "example": "First Cashback"
        },
        "programCode": {
          "type": "string",
          "description": "loyalty program indicator",
          "example": "5"
        },
        "points": {
          "type": "string",
          "description": "Program balance",
          "example": "250"
        },
        "amount": {
          "type": "string",
          "description": "equivalant currency amount of loyalty points",
          "example": "250"
        }
      }
    },
    "serviceChage_RDO": {
      "type": "object",
      "properties": {
        "serviceCharge": {
          "type": "string"
        }
      }
    },
    "easyBuyInstalment_RDO": {
      "type": "object",
      "required": [
        "accountNumber",
        "amount"
      ],
      "properties": {
        "accountNumber": {
          "type": "string",
          "description": "Card/Account number",
          "example": "434142********12"
        },
        "customerIdentifier": {
          "type": "string",
          "description": "customer ID",
          "example": "1234567"
        },
        "cardNumber": {
          "type": "string",
          "description": "Card/Account number",
          "example": "434142********12"
        },
        "amount": {
          "type": "number",
          "description": "Transaction amount which is to be converted to easy buy",
          "example": "2500"
        },
        "planNumber": {
          "type": "string",
          "description": "Plan number",
          "example": "10002"
        },
        "eppPlanNumber": {
          "type": "string",
          "description": "Easy Payment Plan number",
          "example": "83417"
        },
        "term": {
          "type": "number",
          "format": "double",
          "description": "Tenure of the instalments",
          "example": "6"
        },
        "interestRate": {
          "type": "number",
          "description": "Rate of interest at which transaction is converted to easy paymnet plan",
          "example": "3.5%"
        }
      }
    },
    "billingCycle_RDO": {
      "type": "object",
      "properties": {
        "cardNumber": {
          "type": "string",
          "description": "Card number",
          "example": "434142********12"
        },
        "billingCycle": {
          "type": "string",
          "description": "billing cycle",
          "example": "5"
        }
      }
    },
    "postCardActionResponse": {
      "type": "object",
      "properties": {
        "applicationArea": {
          "$ref": "#/definitions/applicationArea"
        },
        "responseStatus": {
          "$ref": "#/definitions/responseStatus"
        }
      }
    },
    "createEasyBuyInstalmentRequest": {
      "type": "object",
      "properties": {
        "applicationArea": {
          "$ref": "#/definitions/applicationArea"
        },
        "dataArea": {
          "$ref": "#/definitions/easyBuyInstalment_RDO"
        }
      }
    },
    "loyaltyPointsRedemptionResponse": {
      "type": "object",
      "properties": {
        "applicationArea": {
          "$ref": "#/definitions/applicationArea"
        },
        "responseStatus": {
          "$ref": "#/definitions/responseStatus"
        }
      }
    },
    "loyaltyPointsAdjustment_RDO": {
      "type": "object",
      "properties": {
        "customerIdentifier": {
          "type": "string",
          "description": "customer ID",
          "example": "1XXXXX7"
        },
        "cardNumber": {
          "type": "string",
          "description": "credit card number",
          "example": "434142********12"
        },
        "transactionCode": {
          "type": "string",
          "description": "transaction code of loyalty points adjustment",
          "example": "51"
        },
        "transactionReference": {
          "type": "string",
          "description": "loyalty adjustment reference number",
          "example": "ISG000000001234"
        },
        "narration": {
          "type": "string",
          "description": "loyalty adjustment narration",
          "example": "Accelerator Points adjustments"
        },
        "loyaltyDetails": {
          "$ref": "#/definitions/loyaltyDetail_RDO"
        }
      }
    },
    "loyaltyPointsAdjustmentRequest": {
      "type": "object",
      "properties": {
        "applicationArea": {
          "$ref": "#/definitions/applicationArea"
        },
        "dataArea": {
          "$ref": "#/definitions/loyaltyPointsAdjustment_RDO"
        }
      }
    },
    "updateMemoLineDetailsResponse": {
      "type": "object",
      "properties": {
        "applicationArea": {
          "$ref": "#/definitions/applicationArea"
        },
        "responseStatus": {
          "$ref": "#/definitions/responseStatus"
        }
      }
    },
    "updateChargeProfileRequest": {
      "type": "object",
      "properties": {
        "applicationArea": {
          "$ref": "#/definitions/applicationArea"
        },
        "dataArea": {
          "$ref": "#/definitions/chargeProfile_RDO"
        }
      }
    },
    "updateCardSpendLimitRDO": {
      "type": "object",
      "required": [
        "cardNumber",
        "customerIdentifier"
      ],
      "properties": {
        "customerIdentifier": {
          "type": "string",
          "description": "customer ID",
          "example": "1234567"
        },
        "cardNumber": {
          "type": "string",
          "description": "card number",
          "example": "434142********12"
        },
        "limitDetails": {
          "$ref": "#/definitions/limitDetails_RDO"
        }
      }
    },
    "updateChargeWaiverRequest": {
      "type": "object",
      "properties": {
        "applicationArea": {
          "$ref": "#/definitions/applicationArea"
        },
        "dataArea": {
          "$ref": "#/definitions/chargeWaiver_RDO"
        }
      }
    },
    "acquirer_RDO": {
      "type": "object",
      "properties": {
        "batch": {
          "type": "string",
          "description": "Settlement Batch ID"
        },
        "date": {
          "type": "string",
          "description": "transaction date",
          "example": "10042020"
        },
        "id": {
          "type": "string",
          "description": "user ID",
          "example": "RB0748A"
        },
        "merchantId": {
          "type": "string",
          "description": "merchant identifier",
          "example": "123XXX7890"
        },
        "settlementDate": {
          "type": "string",
          "description": "settlement date",
          "example": "12042020"
        },
        "timeZone": {
          "type": "string",
          "description": "time zone to be considered"
        },
        "transactionId": {
          "type": "string",
          "description": "transaction identifier"
        }
      }
    },
    "chargeWaiver_RDO": {
      "type": "object",
      "properties": {
        "customerIdentifier": {
          "type": "string",
          "description": "customer ID",
          "example": "1234567"
        },
        "cardNumber": {
          "type": "string",
          "description": "card number",
          "example": "434142********12"
        },
        "waiverType": {
          "$ref": "#/definitions/waiverFlags_RDO"
        }
      }
    },
    "applicationArea": {
      "type": "object",
      "properties": {
        "correlationId": {
          "type": "string",
          "description": "correlation ID"
        },
        "countryOfOrigin": {
          "type": "string",
          "description": "Request origination country",
          "example": "IND"
        },
        "creationDateTime": {
          "type": "string",
          "description": "request creation date & time"
        },
        "interfaceID": {
          "type": "string",
          "description": "Interface ID"
        },
        "requiredExecutionDate": {
          "type": "string",
          "description": "Required Execution Date"
        },
        "senderUserId": {
          "type": "string",
          "description": "Consumer User ID"
        },
        "senderBranchId": {
          "type": "string",
          "description": "Consumer Branch Id"
        },
        "senderId": {
          "type": "string",
          "description": "Consumer Identifier"
        },
        "transactionDateTime": {
          "type": "string",
          "description": "Transaction Date & time"
        },
        "transactionId": {
          "type": "string",
          "description": "transaction ID"
        },
        "transactionTimeZone": {
          "type": "string",
          "description": "transaction time zone"
        },
        "senderAuthorizationID": {
          "type": "string",
          "description": "consumer auth ID"
        },
        "senderReferenceID": {
          "type": "string",
          "description": "consumer reference ID"
        },
        "senderAuthorizationComments": {
          "type": "string",
          "description": "Consumer authorization comments"
        }
      }
    },
    "creditCardFinancialEntryRequest": {
      "type": "object",
      "properties": {
        "cardNumber": {
          "type": "string",
          "description": "credit card number",
          "example": "434142********12"
        },
        "cardType": {
          "type": "string",
          "description": "Card Type",
          "example": "VISA"
        },
        "transaction": {
          "$ref": "#/definitions/transaction_RDO"
        },
        "actionCode": {
          "type": "string",
          "description": "transaction type: credit/debit",
          "example": "C/D"
        },
        "narration": {
          "type": "string",
          "description": "transaction description",
          "example": "Credit Card Payment"
        },
        "planNumber": {
          "type": "string",
          "description": "Plan number",
          "example": "10002"
        },
        "planSeqNumber": {
          "type": "string",
          "description": "plan sequence number",
          "example": "0001"
        },
        "effectiveDate": {
          "type": "string",
          "description": "transaction efective date",
          "example": "12042020"
        },
        "cardSeqNumber": {
          "type": "string",
          "description": "card sequence number",
          "example": "0001"
        },
        "customerIdentifier": {
          "type": "string",
          "description": "customer ID",
          "example": "1XXXXX7"
        }
      }
    },
    "postcreditCardFinancialEntryRequest": {
      "type": "object",
      "properties": {
        "applicationArea": {
          "$ref": "#/definitions/applicationArea"
        },
        "dataArea": {
          "$ref": "#/definitions/creditCardFinancialEntryRequest"
        }
      }
    },
    "chargeProfile_RDO": {
      "type": "object",
      "required": [
        "cardNumber",
        "priceControlId"
      ],
      "properties": {
        "customerIdentifier": {
          "type": "string",
          "description": "customer ID",
          "example": "1XXXXX7"
        },
        "cardNumber": {
          "type": "string",
          "description": "card number",
          "example": "434142********12"
        },
        "priceControlId": {
          "type": "string",
          "description": "procing control ID",
          "example": "C56"
        }
      }
    },
    "limitDetails_RDO": {
      "type": "object",
      "required": [
        "totalTransactionAmount"
      ],
      "properties": {
        "cashWithdrawalAmount": {
          "type": "string",
          "format": "double",
          "description": "Cashwithdrawal limit on card",
          "example": "15000"
        },
        "retailPurchaseAmount": {
          "type": "string",
          "format": "double",
          "description": "Purchase limit on card",
          "example": "25000"
        },
        "totalTransactionAmount": {
          "type": "string",
          "format": "double",
          "description": "Total transaction limit on card",
          "example": "40000"
        },
        "frequency": {
          "type": "number",
          "description": "Limit refresh frequency: Daily, Monthly, Cycle",
          "example": "C"
        }
      }
    },
    "updateChargeWaiverResponse": {
      "type": "object",
      "properties": {
        "applicationArea": {
          "$ref": "#/definitions/applicationArea"
        },
        "responseStatus": {
          "$ref": "#/definitions/responseStatus"
        }
      }
    },
    "createEasyBuyInstalmentResponse": {
      "type": "object",
      "properties": {
        "applicationArea": {
          "$ref": "#/definitions/applicationArea"
        },
        "responseStatus": {
          "$ref": "#/definitions/responseStatus"
        }
      }
    },
    "updateChargeProfileResponse": {
      "type": "object",
      "properties": {
        "applicationArea": {
          "$ref": "#/definitions/applicationArea"
        },
        "responseStatus": {
          "$ref": "#/definitions/responseStatus"
        }
      }
    },
    "loyaltyPointsRedemptionRequest": {
      "type": "object",
      "properties": {
        "applicationArea": {
          "$ref": "#/definitions/applicationArea"
        },
        "dataArea": {
          "$ref": "#/definitions/loyaltyPointsRedemption_RDO"
        }
      }
    },
    "memoLine_RDO": {
      "type": "object",
      "required": [
        "cardNumber",
        "memoLine2",
        "nameLine1"
      ],
      "properties": {
        "customerIdentifier": {
          "type": "string",
          "description": "customer ID",
          "example": "1XXXXX7"
        },
        "cardNumber": {
          "type": "string",
          "description": "card number",
          "example": "434142********12"
        },
        "ownerType": {
          "type": "string",
          "description": "Customer type: Owner(1) or Co-owner(2)",
          "example": "1"
        },
        "nameLine1": {
          "type": "string",
          "description": "Customer Name"
        },
        "memoLine2": {
          "type": "string",
          "description": "Narrtion to be updated on Memo Line 2"
        }
      }
    },
    "responseStatus": {
      "type": "object",
      "properties": {
        "status": {
          "type": "string",
          "description": "Response status",
          "example": "successful"
        },
        "errorDetails": {
          "type": "array",
          "items": {
            "$ref": "#/definitions/errorDetails"
          }
        }
      }
    },
    "waiverFlags_RDO": {
      "type": "object",
      "properties": {
        "interestCharge": {
          "type": "string",
          "description": "Flag to waive interest charges",
          "example": "1"
        },
        "lateCharge": {
          "type": "string",
          "description": "Flag to waive late charges",
          "example": "1"
        },
        "lateNotice": {
          "type": "string",
          "description": "Flag to waive late notice charges",
          "example": "1"
        },
        "memberShipFee": {
          "type": "string",
          "description": "Flag to waive Membership fee charges",
          "example": "1"
        },
        "overLimitFee": {
          "type": "string",
          "description": "Flag to waive overlimit charges",
          "example": "1"
        },
        "overLimitNotice": {
          "type": "string",
          "description": "Flag to waive overlimit notice charges",
          "example": "1"
        },
        "nonSufficientFundFee": {
          "type": "string",
          "description": "Flag to waive nonsufficient fund charges",
          "example": "1"
        },
        "serviceChargeList": {
          "type": "array",
          "items": {
            "$ref": "#/definitions/serviceChage_RDO"
          }
        }
      }
    },
    "transaction_RDO": {
      "type": "object",
      "properties": {
        "acquirer": {
          "$ref": "#/definitions/acquirer_RDO"
        },
        "amount": {
          "type": "string",
          "description": "transaction amount",
          "example": "150"
        },
        "authorizationCode": {
          "type": "string",
          "description": "auth code of transaction",
          "example": "12345"
        },
        "currency": {
          "type": "string",
          "description": "transaction currency",
          "example": "AED"
        },
        "frequency": {
          "type": "string",
          "description": "transaction frequency"
        },
        "id": {
          "type": "string",
          "description": "channel ID"
        },
        "receipt": {
          "type": "string",
          "description": "receipt number",
          "example": "56784902134"
        },
        "source": {
          "type": "string",
          "description": "transaction source"
        },
        "terminal": {
          "type": "string",
          "description": "transaction terminal ID",
          "example": "123XXX789"
        },
        "type": {
          "type": "string",
          "description": "transaction type: credit/debit",
          "example": "D"
        },
        "code": {
          "type": "string",
          "description": "transaction code"
        }
      }
    },
    "updateCardSpendLimitRequest": {
      "type": "object",
      "properties": {
        "applicationArea": {
          "$ref": "#/definitions/applicationArea"
        },
        "dataArea": {
          "$ref": "#/definitions/updateCardSpendLimitRDO"
        }
      }
    },
    "updateBillingCycleRequest": {
      "type": "object",
      "properties": {
        "applicationArea": {
          "$ref": "#/definitions/applicationArea"
        },
        "dataArea": {
          "$ref": "#/definitions/billingCycle_RDO"
        }
      }
    },
    "postCardActionRequest": {
      "type": "object",
      "properties": {
        "applicationArea": {
          "$ref": "#/definitions/applicationArea"
        },
        "dataArea": {
          "$ref": "#/definitions/cardAction"
        }
      }
    },
    "loyaltyPointsRedemption_RDO": {
      "type": "object",
      "properties": {
        "customerIdentifier": {
          "type": "string",
          "description": "customer ID",
          "example": "1XXXXX7"
        },
        "cardNumber": {
          "type": "string",
          "description": "card number",
          "example": "434142********12"
        },
        "transactionReference": {
          "type": "string",
          "description": "transaction reference number"
        },
        "narration": {
          "type": "string",
          "description": "transaction narration"
        },
        "loyaltyDetails": {
          "$ref": "#/definitions/loyaltyDetail_RDO"
        }
      }
    },
    "cardAction": {
      "type": "object",
      "properties": {
        "cardNumber": {
          "type": "string",
          "description": "card number",
          "example": "434142********12"
        },
        "actionType": {
          "type": "string",
          "description": "card action: replacement (3), reissue(7,8,9)",
          "example": "3"
        },
        "numberOfRequestedCards": {
          "type": "string",
          "description": "number of cards requested",
          "example": "1"
        },
        "customerIdentifier": {
          "type": "string",
          "description": "customer ID",
          "example": "1XXXXX7"
        },
        "cardIssuanceProcess": {
          "type": "string",
          "description": "card to be issued in normal mode(0) or SDP mode(1)",
          "example": "1"
        }
      }
    },
    "loyaltyPointsAdjustmentResponse": {
      "type": "object",
      "properties": {
        "applicationArea": {
          "$ref": "#/definitions/applicationArea"
        },
        "responseStatus": {
          "$ref": "#/definitions/responseStatus"
        }
      }
    },
    "updateEmbosserResponse": {
      "type": "object",
      "properties": {
        "applicationArea": {
          "$ref": "#/definitions/applicationArea"
        },
        "responseStatus": {
          "$ref": "#/definitions/responseStatus"
        }
      }
    },
    "updateEmbosserRequest": {
      "type": "object",
      "properties": {
        "applicationArea": {
          "$ref": "#/definitions/applicationArea"
        },
        "dataArea": {
          "$ref": "#/definitions/embosser_RDO"
        }
      }
    },
    "updateMemoLineDetailsRequest": {
      "type": "object",
      "properties": {
        "applicationArea": {
          "$ref": "#/definitions/applicationArea"
        },
        "dataArea": {
          "$ref": "#/definitions/memoLine_RDO"
        }
      }
    },
    "errorDetails": {
      "type": "object",
      "properties": {
        "errorCode": {
          "type": "string",
          "description": "error message code",
          "example": "SYS001"
        },
        "errorDesc": {
          "type": "string",
          "description": "error message description",
          "example": "Card number not present"
        }
      }
    },
    "embosser_RDO": {
      "type": "object",
      "required": [
        "cardNumber",
        "embosserName1",
        "embosserName2"
      ],
      "properties": {
        "customerIdentifier": {
          "type": "string",
          "description": "customer ID",
          "example": "1XXXXX7"
        },
        "cardNumber": {
          "type": "string",
          "description": "card number",
          "example": "434142********12"
        },
        "embosserName1": {
          "type": "string",
          "description": "Embosser Name line 1 to be printed on physical plastic"
        },
        "embosserName2": {
          "type": "string",
          "description": "Embosser Name line 2 to be printed on physical plastic"
        },
        "cardHolderFlag": {
          "type": "string",
          "description": "Card holder flag: 0(primary), 1(supplementary)",
          "example": "0"
        }
      }
    }
  },
  "schemes": [
    "https"
  ],
  "host": "api.bankfab.com"
}