{
  "swagger" : "2.0",
  "info" : {
    "description" : "This Service domain facilitates the processing of MOL (Ministry OF Labour) and Non-MOL (Ministry Of labour) salary files for Corporates. MOL salary files are integrated with Central Bank Wage Protection System and NON Ministry files are processed via the Fund Transfer system.",
    "version" : "1.0.0",
    "title" : "Arrangement Corporate",
    "contact" : { }
  },
  "host" : "api.bankfab.com",
  "basePath" : "/arrangementcorporate/v1",
  "schemes" : [ "https" ],
  "consumes" : [ "application/json" ],
  "produces" : [ "application/json" ],
  "paths" : {
    "/molpayrollprocessing" : {
      "post" : {
        "tags" : [ "Payroll-Processing" ],
        "operationId" : "molpayrollprocessing_executeMolPayrollProcessing",
        "consumes" : [ "application/json" ],
        "produces" : [ "application/json" ],
        "description" : "Corporate MOL salary/payroll request. Channels will use this service to send and process a salary through FAB WPS system.Channels application should use the following API to know the MOL salary process status",
        "parameters" : [ {
          "in" : "body",
          "name" : "request",
          "required" : true,
          "schema" : {
            "$ref" : "#/definitions/MolPayrollProcessingStatusRes"
          }
        } ],
        "responses" : {
          "201" : {
            "description" : "If the response is successs, means salary  records were successfully accepted by FAB WPS system.These records will be sent to central bank WPS system for further process. ",
            "schema" : {
              "$ref" : "#/definitions/responseStatus"
            }
          },
          "400" : {
            "description" : "If the response is failure, means salary  records were not accepted by FAB WPS system. Refer error description for the further details",
            "schema" : {
              "$ref" : "#/definitions/Error"
            }
          },
          "401" : {
            "description" : "If the response is Unauthorized means corporate is not authorised to process the MOL salary file. Refer error description for the further details ",
            "schema" : {
              "$ref" : "#/definitions/Error"
            }
          },
          "403" : {
            "description" : "If the response is forbidden means corporate is not authorised to process the MOL salary file.Refer error description for the further details ",
            "schema" : {
              "$ref" : "#/definitions/Error"
            }
          },
          "500" : {
            "description" : "If the response is Internal Server Error means either request is timed out or connectinon error with FAB WPS system. Refer error description for the further details ",
            "schema" : {
              "$ref" : "#/definitions/Error"
            }
          }
        }
      }
    },
    "/molpayrollprocessing/{filename}" : {
      "post" : {
        "tags" : [ "Payroll-Processing" ],
        "operationId" : "molpayrollprocessing_getMolPayrollProcessingStatus",
        "consumes" : [ "application/json" ],
        "produces" : [ "application/json" ],
        "description": "Process corporate MOL salary/payroll file request. The MOL file will be uploaded in the corporate channels and channel will use this service to send and process a salary through FAB WPS system. Channels application should use the following API to know the MOL salary file process status",
        "parameters" : [ {
          "in" : "body",
          "name" : "request",
          "required" : true,
          "schema" : {
            "$ref" : "#/definitions/MolPayrollProcessingStatus"
          }
        }, {
          "in" : "path",
          "name" : "filename",
          "required" : true,
          "type" : "string",
          "description" : "MOL Salary file name"
        } ],
        "responses" : {
          "201" : {
            "description" : "If the resposne is Created means the MOL salary file is accepted by FAB WPS system. This file will be uploaded to central Bank in a respective format",
            "schema" : {
              "$ref" : "#/definitions/MolPayrollProcessingStatusRes"
            }
          },
          "400" : {
            "description" : "If the response is failure / Bad Request means the MOL salary file is not processed by FAB WPS system",
            "schema" : {
              "$ref" : "#/definitions/Error"
            }
          },
          "401" : {
            "description" : "If the response is Unauthorizedmeans the corporate is not authorized to upload the MOL salary file",
            "schema" : {
              "$ref" : "#/definitions/Error"
            }
          },
          "500" : {
            "description" : "if the resposne is Internal Server Error means either timeout or connection failed with the FAB WPS system",
            "schema" : {
              "$ref" : "#/definitions/Error"
            }
          },
          "503" : {
            "description" : "If the response is Service Unavilable means the FAB WPS system is down",
            "schema" : {
              "$ref" : "#/definitions/Error"
            }
          }
        }
      }
    },
    "/nonmolpayrollprocessing" : {
      "post" : {
        "tags" : [ "Payroll-Processing" ],
        "operationId" : "nonmolpayrollprocessing_executeNonMolPayrollProcessing",
        "consumes" : [ "application/json" ],
        "produces" : [ "application/json" ],
        "description": "Corporate NON MOL salary/payroll request. The NON MOL file will be uploaded in the corporate channels and channel will use this servvice to send and process a salary through FAB WPS system.These records will be sent to central bank FTS system for further process",
        "parameters" : [ {
          "in" : "body",
          "name" : "request",
          "required" : true,
          "schema" : {
            "$ref" : "#/definitions/NonMolPayrollProcessing"
          }
        } ],
        "responses" : {
          "201" : {
            "description" : "If the response is success / Created means Non MOL file has been accepted by FAB WPS system",
            "schema" : {
              "$ref" : "#/definitions/NonMolPayrollProcessingRes"
            }
          },
          "400" : {
            "description" : "If the response is Bad Request means the Non MOL salary file is not processed by FAB WPS system",
            "schema" : {
              "$ref" : "#/definitions/Error"
            }
          },
          "404" : {
            "description" : "Not Found",
            "schema" : {
              "$ref" : "#/definitions/Error"
            }
          },
          "403" : {
            "description" : "Forbidden",
            "schema" : {
              "$ref" : "#/definitions/Error"
            }
          },
          "405" : {
            "description" : "Method Not Allowed",
            "schema" : {
              "$ref" : "#/definitions/Error"
            }
          },
          "500" : {
            "description" : "If the resposne is Internal Server Erro r means either timeout or connection lost with FAB WPS system",
            "schema" : {
              "$ref" : "#/definitions/Error"
            }
          }
        }
      }
    },
    "/updatesifresponse" : {
      "post" : {
        "tags" : [ "Payroll-Processing" ],
        "operationId" : "updatesifresponse_updateSIFResponse",
        "consumes" : [ "application/json" ],
        "produces" : [ "application/json" ],
        "description":"Update MOL Salary file status to Nafura",
        "parameters" : [ {
          "in" : "body",
          "name" : "request",
          "required" : true,
          "schema" : {
            "$ref" : "#/definitions/UpdateSIFStatus"
          }
        } ],
        "responses" : {
          "201" : {
            "description" : "If the resposne is Created means the service has provided a status of MOL salary file",
            "schema" : {
              "$ref" : "#/definitions/responseStatus"
            }
          },
          "400" : {
            "description" : "If the resposne is failure / bad request means the service has not  provided a status of MOL salary file",
            "schema" : {
              "$ref" : "#/definitions/Error"
            }
          },
          "500" : {
            "description" : "If the resposne is internal server error means there is a timeout or connection error with FAB WPS system.",
            "schema" : {
              "$ref" : "#/definitions/Error"
            }
          },
          "503" : {
            "description" : "If the resposne is internal server error means there is a timeout or connection error with FAB WPS system.",
            "schema" : {
              "$ref" : "#/definitions/Error"
            }
          }
        }
      }
    },
    "/nonmolbatchprocessingstatus" : {
      "post" : {
        "tags" : [ "Payroll-Processing" ],
        "operationId" : "nonmolbatchprocessingstatus_getNonMolBatchProcessingStatus",
        "consumes" : [ "application/json" ],
        "produces" : [ "application/json" ],
        "description":"Get NON MOL salary file status being uplaoded by channels",
        "parameters" : [ {
          "in" : "body",
          "name" : "request",
          "required" : true,
          "schema" : {
            "$ref" : "#/definitions/DataAreaBatchProcessingStatus"
          }
        } ],
        "responses" : {
          "201" : {
            "description" : "If the response is Created means FAB WPS system has provided a Non MOL salary file status",
            "schema" : {
              "$ref" : "#/definitions/DataAreaBatchProcessingStatus"
            }
          },
          "400" : {
            "description" : "If the response is Bad Request means there is a failure response from FAB WPS system ",
            "schema" : {
              "$ref" : "#/definitions/Error"
            }
          },
          "401" : {
            "description" : "If the response is Unauthorized means there is a failure response from FAB WPS system",
            "schema" : {
              "$ref" : "#/definitions/Error"
            }
          },
          "500" : {
            "description" : "If the response is Internal Server Error means there is a timeout or connection lost with FAB WPS system",
            "schema" : {
              "$ref" : "#/definitions/Error"
            }
          },
          "503" : {
            "description" : "If the response is Service Unavailable means the service is not avaialable in FAB WPS system",
            "schema" : {
              "$ref" : "#/definitions/Error"
            }
          }
        }
      }
    },
    "/nonmoltransactionprocessingstatus" : { },
    "/nonmoltransactionprocessingstatus/{batchIdentifier}" : {
      "post" : {
        "tags" : [ "Payroll-Processing" ],
        "operationId" : "nonmoltransactionprocessingstatus_getNONMOLTransactionProcessingStatus",
        "consumes" : [ "application/json" ],
        "produces" : [ "application/json" ],
        "description":"Get Non MOL salary file batch process status",
        "parameters" : [ {
          "in" : "body",
          "name" : "request",
          "required" : true,
          "schema" : {
            "$ref" : "#/definitions/NONMOLTransactionProcessingStatus"
          }
        }, {
          "in" : "path",
          "name" : "batchIdentifier",
          "required" : true,
          "type" : "string",
          "description":"WPS transaction id received as a response when file has been updated" 
        } ],
        "responses" : {
          "201" : {
            "description" : "If response is success / Created, file status has been provided by FAB WPS system",
            "schema" : {
              "$ref" : "#/definitions/NONMOLTransactionProcessingStatus"
            }
          },
          "400" : {
            "description" : "If the response is Bad Request means there is a failure response from FAB WPS system ",
            "schema" : {
              "$ref" : "#/definitions/Error"
            }
          },
          "401" : {
            "description" : "If the response is Unauthorized means there is a failure response from FAB WPS system",
            "schema" : {
              "$ref" : "#/definitions/Error"
            }
          },
          "500" : {
            "description" : "If the response is Internal Server Error means there is a timeout or connection lost with FAB WPS system",
            "schema" : {
              "$ref" : "#/definitions/Error"
            }
          },
          "503" : {
            "description" : "If the response is Service Unavailable means the service is not avaialable in FAB WPS system",
            "schema" : {
              "$ref" : "#/definitions/Error"
            }
          }
        }
      }
    },
    "/customerwithrmdetails" : { },
    "/customerwithrmdetails/{accountnumber}" : {
      "post" : {
        "tags" : [ "Customer-Details-From-Core" ],
        "operationId" : "customerwithrmdetails_getCustomerWithRMDetails",
        "consumes" : [ "application/json" ],
        "produces" : [ "application/json" ],
        "parameters" : [ {
          "in" : "body",
          "name" : "request",
          "required" : true,
          "schema" : {
            "$ref" : "#/definitions/customerDetails"
          }
        }, {
          "in" : "path",
          "name" : "accountnumber",
          "required" : true,
          "type" : "string"
        } ],
        "responses" : {
          "201" : {
            "description" : "Created",
            "schema" : {
              "$ref" : "#/definitions/customerDetailsRes"
            }
          },
          "400" : {
            "description" : "Bad Request",
            "schema" : {
              "$ref" : "#/definitions/Error"
            }
          },
          "404" : {
            "description" : "Not Found",
            "schema" : {
              "$ref" : "#/definitions/Error"
            }
          },
          "204" : {
            "description" : "No Content"
          },
          "401" : {
            "description" : "Unauthorized",
            "schema" : {
              "$ref" : "#/definitions/Error"
            }
          },
          "403" : {
            "description" : "Forbidden",
            "schema" : {
              "$ref" : "#/definitions/Error"
            }
          },
          "500" : {
            "description" : "Internal Server Error",
            "schema" : {
              "$ref" : "#/definitions/Error"
            }
          }
        }
      }
    },
    "/glcmscustomerdetails" : { },
    "/getT24CompanyCode" : {
      "post" : {
        "tags" : [
          "Company-Code"
        ],  
        "operationId" : "getT24CompanyCode",
        "responses" : {
          "201" : {
            "description" : "The operation was successful.",
            "schema" : {
              "$ref" : "#/definitions/getT24CompanyCodeRes"
            }
          },
          "500" : {
            "description" : "Internal Server Error",
            "schema" : {
              "$ref" : "#/definitions/Error"
            }
          },
          "403" : {
            "description" : "Forbidden",
            "schema" : {
              "$ref" : "#/definitions/Error"
            }
          },
          "400" : {
            "description" : "Bad Request"
          },
          "401" : {
            "description" : "Unauthorized"
          }
        },
        "consumes" : [ "application/json" ],
        "produces" : [ "application/json" ],
        "description" : "Insert a getT24CompanyCode",
        "parameters" : [ {
          "name" : "body",
          "in" : "body",
          "schema" : {
            "$ref" : "#/definitions/getT24CompanyCodeReq"
          },
          "description" : "The request body for the operation",
          "required" : true
        } ]
      }
    }
  },
  "definitions" : {
    "ApplicationArea" : {
      "type" : "object",
      "required" : [ "context" ],
      "properties" : {
        "context" : {
          "$ref" : "#/definitions/Context"
        }
      }
    },
    "BaseError" : {
      "type" : "object",
      "required" : [ "code", "level", "message" ],
      "properties" : {
        "code" : {
          "type" : "string"
        },
        "level" : {
          "type" : "string",
          "description" : "The severity of the error",
          "enum" : [ "error", "warning", "info" ]
        },
        "message" : {
          "type" : "string"
        },
        "more_info" : {
          "type" : "string"
        }
      }
    },
    "Context" : {
      "type" : "object",
      "required" : [ "correlationId", "countryOfOrigin", "transactionDateTime", "transactionId" ],
      "properties" : {
        "correlationId" : {
          "type" : "string",
		  "description": "Unique identifier used for identifiing the transaction lifecycle"
        },
        "countryOfOrigin" : {
          "type" : "string",
		  "example" : "AE",
          "description": "Country of origination of the request. The representation is in ISO 3166 country codes in two bytes format"
        },
        "creationDateTime" : {
          "type" : "string",
          "format" : "date-time",
          "description": "Creation date of the service in ISO 8601 YYYY-MM-DD HH:MM :SS format. This is an optional field"
        },
        "interfaceID" : {
          "type" : "string",
		  "description": "Logical reference of the Interface that intiated the service. This is an optional field"
        },
        "requiredExecutionDate" : {
          "type" : "string",
          "format" : "date-time",
          "description": "Date on which the transaction needs to be actually posted in ISO 8601 YYYY-MM-DD HH:MM:SS format. This is an optional field"
        },
        "senderUserId" : {
          "type" : "string",
		   "description": "Sender's User ID. Information about a user who has initiated the transaction"
        },
        "senderBranchId" : {
          "type" : "string",
		  "description": "Sender's Branch ID. Information about a user who has initiated the transaction"
        },
        "senderID" : {
          "type" : "string",
		  "description": "Unique identification for the consumer. This will be agreed by Service owner at the time of setup. It will need to be passed in all requests"
        },
        "transactionDateTime" : {
          "type" : "string",
          "format" : "date-time",
		  "example" : "2020-08-20 14:22:00",
          "description": "The data and time the request is initiated in ISO 8601 format YYYY-MM-DD HH:MM :SS format"
        },
        "transactionId" : {
          "type" : "string",
		  "description" : "Unique transaction reference id"
        },
        "transactionTimeZone" : {
          "type" : "string",
		  "description": "Timezone in which transaction is initiated"
        },
        "senderAuthorizationID" : {
          "type" : "string",
		  "description" : "Identification of the Authorizer who has authorized the transaction. This is an optional field"
        },
        "senderReferenceID" : {
          "type" : "string",
		  "description" : "Reference ID from Sender to identify the event that cause the service invocation. This is an optional field"
		  
        },
        "senderAuthorizationComments" : {
          "type" : "string",
		  "description" : "Comments of the Authorizer on authorizing the transaction. This is an optional field"
        }
      }
    },
    "DataAreaBatchProcessingStatus" : {
      "type" : "object",
      "required" : [ "applicationArea" ],
      "properties" : {
        "applicationArea" : {
          "$ref" : "#/definitions/ApplicationArea"
        },
        "batchId" : {
          "type" : "string",
          "description" : "WPS tranasaction id"
        },
        "batchStatus" : {
          "type" : "string",
          "description" : "WPS MOL / Non MOL file status"
        }
      }
    },
    "DataAreaPayrollProcessingRes" : {
      "type" : "object",
      "required" : [ "applicationArea" ],
      "properties" : {
        "uploadFile" : {
          "$ref" : "#/definitions/DocumentationForm"
        },
        "applicationArea" : {
          "$ref" : "#/definitions/ApplicationArea"
        },
        "wpsTransactionId" : {
          "type" : "string",
          "description" : "WPS transaction id received as a response to the MOL/Non MOL salary file upload" 
        },
        "referenceNumber" : {
          "type" : "string",
          "description": "Core banking posting reference number"
        },
        "response" : {
          "$ref" : "#/definitions/responseStatus"
        }
      }
    },
    "DataAreaPayrollProcessing" : {
      "type" : "object",
      "properties" : {
        "uploadFile" : {
          "$ref" : "#/definitions/DocumentationForm"
        },
        "channelId" : {
          "type" : "string",
          "description":"MOL or Non MOL salary file uploaded channel id",
          "example":"Nafura channel id"
        },
        "userId" : {
          "type" : "string"
        }
      }
    },
    "DataAreaUpdateSIFStatus" : {
      "type" : "object",
      "properties" : {
        "transactionStatus" : {
          "$ref" : "#/definitions/responseStatus"
        },
        "uploadFile" : {
          "$ref" : "#/definitions/DocumentationForm"
        }
      }
    },
    "DocumentationForm" : {
      "type" : "object",
      "properties" : {
        "documentType" : {
          "type" : "string",
          "description" : "The type of DocumentationForm. For example Physical Document, Electronic Document."
        },
        "documentIdentifier" : {
          "type" : "string",
    "description" : "Document identifier. as primary id"
        },
        "documentName" : {
          "type" : "string",
    "description" : "Name of the document"
        },
        "objectName" : {
          "type" : "string",
          "description" : "Document object name"
        },
        "uploadDate" : {
          "type" : "string",
          "format" : "date",
    "description" : "Document uploaded date"
        },
        "accountIdentifier" : {
          "type" : "string",
    "description" : "Document attached account number"
        },
        "uploadedBy" : {
          "type" : "string",
          "description" : "Document uploaded user"
        },
        "content" : {
          "type" : "array",
          "items" : {
            "type" : "string",
            "format" : "binary",
            "description" : "Document content in binary format"
          }
        },
        "fileLocation" : {
          "type" : "string",
          "description" : "The location of this document in terms of Domain, path name, and used file name and so on."
        },
        "searchIndexes" : {
          "type" : "string",
          "description" : "The string of characters that can be used to search for and retrieve this stored document."
        },
        "isOnFile" : {
          "type" : "boolean",
          "description" : "Indicates whether or not the physical document has been filed by the modeled Organization.\n"
        },
        "generatedDocument" : {
          "type" : "boolean",
          "description" : "Identifies a DocumentationForm that is the generated output from a DocumentTemplate.\n\nThe generated document itself is not necessarily stored in electronic format.\n\nOnly a reference to the generated document is kept in order to re-generate the document at a later time if necessary.\n\nA Generated Document is always generated in a particular context. For example, a maturity notification letter is generated for a particular arrangement at a particular time. This contextual information needs to be recorded in order for the generated document to be re-generated at a later point in time (on demand) and still return the same content."
        }
      }
    },
    "Error" : {
      "allOf" : [ {
        "$ref" : "#/definitions/BaseError"
      } ],
      "properties" : {
        "errors" : {
          "type" : "array",
          "items" : {
            "$ref" : "#/definitions/FieldError"
          }
        }
      }
    },
    "FieldError" : {
      "allOf" : [ {
        "$ref" : "#/definitions/BaseError"
      } ],
      "required" : [ "field" ],
      "properties" : {
        "field" : {
          "type" : "string",
          "description" : "Field error description"

        }
      }
    },
    "MolPayrollProcessingStatusRes" : {
      "type" : "object",
      "required" : [ "applicationArea", "dataAreaMolPayrollProcessingStatus" ],
      "properties" : {
        "applicationArea" : {
          "$ref" : "#/definitions/ApplicationArea"
        },
        "dataAreaMolPayrollProcessingStatus" : {
          "$ref" : "#/definitions/UpdateSIFStatus"
        }
      }
    },
    "MolPayrollProcessingStatus" : {
      "type" : "object",
      "required" : [ "applicationArea" ],
      "properties" : {
        "applicationArea" : {
          "$ref" : "#/definitions/ApplicationArea"
        }
      }
    },
    "MolPayrollProcessing" : {
      "type" : "object",
      "required" : [ "applicationArea", "dataAreaMolPayrollProcessing" ],
      "properties" : {
        "applicationArea" : {
          "$ref" : "#/definitions/ApplicationArea"
        },
        "dataAreaMolPayrollProcessing" : {
          "$ref" : "#/definitions/DataAreaPayrollProcessing"
        }
      }
    },
    "NONMOLTransactionProcessingStatus" : {
      "type" : "object",
      "required" : [ "applicationArea", "dataAreaTransactionProcessingStatus" ],
      "properties" : {
        "applicationArea" : {
          "$ref" : "#/definitions/ApplicationArea"
        },
        "dataAreaTransactionProcessingStatus" : {
          "$ref" : "#/definitions/TransactionProcessingStatus"
        }
      }
    },
    "NonMolPayrollProcessingRes" : {
      "type" : "object",
      "required" : [ "applicationArea", "dataAreaNonMolPayrollProcessing" ],
      "properties" : {
        "applicationArea" : {
          "$ref" : "#/definitions/ApplicationArea"
        },
        "dataAreaNonMolPayrollProcessing" : {
          "$ref" : "#/definitions/DataAreaPayrollProcessingRes"
        }
      }
    },
    "NonMolPayrollProcessing" : {
      "type" : "object",
      "required" : [ "applicationArea", "dataAreaMolPayrollProcessing" ],
      "properties" : {
        "applicationArea" : {
          "$ref" : "#/definitions/ApplicationArea"
        },
        "dataAreaMolPayrollProcessing" : {
          "$ref" : "#/definitions/DataAreaPayrollProcessing"
        }
      }
    },
    "TransactionProcessingStatus" : {
      "type" : "array",
      "items" : {
        "type" : "object",
        "properties" : {
          "employeeNumber" : {
            "type" : "string",
			 "maxLength" : 34,
			 "description" : "MOL Employee Id",
			 "example" :"100XXXXXX04"
          },
          "errorList" : {
            "type" : "array",
            "items" : {
              "$ref" : "#/definitions/errorDetails"
            }
          },
          "accountNumber" : {
            "type" : "string",
            "description" : "Employer / corporate Account Number"
          },
          "postingStatus" : {
            "type" : "string",
      "description" : "Core Banking Posting status" 
          },
          "coreBankingReference" : {
            "type" : "string",
      "description" : "Core banking posting reference number"
          }
        }
      }
    },
    "UpdateSIFStatus" : {
      "type" : "object",
      "required" : [ "applicationArea", "dataAreaUpdateStatus" ],
      "properties" : {
        "applicationArea" : {
          "$ref" : "#/definitions/ApplicationArea"
        },
        "dataAreaUpdateStatus" : {
          "$ref" : "#/definitions/DataAreaUpdateSIFStatus"
        }
      }
    },
    "errorDetails" : {
      "type" : "object",
      "properties" : {
        "errorCode" : {
          "type" : "string",
          "description" : "<p>Error Status Code</p>"
        },
        "errorLine" : {
          "type" : "string",
    "description" : "Provides the line details which has error"
        },
        "errorDesc" : {
          "type" : "string",
          "description" : "<p>Error message</p>"
        }
      }
    },
    "responseStatus" : {
      "type" : "object",
      "required" : [ "status" ],
      "properties" : {
        "status" : {
          "type" : "string",
          "enum" : [ "SUCCESS", "ERROR", "WARNING" ]
        },
        "errorDetails" : {
          "type" : "array",
          "items" : {
            "$ref" : "#/definitions/errorDetails"
          }
        },
        "result" : {
          "type" : "object",
          "properties" : {
            "resultCode" : {
              "type" : "string",
              "description": "Response Code of the result"  
            },
            "resultDescription" : {
              "type" : "string",
        "description" : "Response Code description"
            }
          }
        }
      }
    },
    "AccountOfficer" : {
      "type" : "array",
      "items" : {
        "type" : "object",
        "required" : [ "name" ],
        "properties" : {
          "name" : {
            "type" : "string",
      "description" : "Account officer name"
          },
          "email" : {
            "type" : "array",
            "items" : {
              "type" : "string",
              "description" : "Account officer email"
            }
          }
        }
      }
    },
    "ContactPoint" : {
      "type" : "object",
      "properties" : {
        "validity" : {
          "type" : "string",
          "description" : "The conclusion of the most recent validity check.\nThe possible outcomes of this check are: Valid, Invalid but accepted, Invalid.\n\n\n",
          "enum" : [ "Valid", "Invalid", "Invalid_But_Accepted" ]
        },
        "type" : {
          "type" : "string",
          "description" : "The type of Contact Point."
        }
      }
    },
    "CustomerWithRMDetails" : {
      "type" : "object",
      "required" : [ "involvedpartyIdentifier" ],
      "properties" : {
        "legalAddress" : {
          "$ref" : "#/definitions/PostalAddress"
        },
        "involvedpartyIdentifier" : {
          "type" : "string",
          "description": "Identifies the customer identification number",
          "example": "1XXXXX7"
        },
        "branchCode" : {
          "type" : "string",
          "description": "POSCODE",
          "example": ""
        },
        "accountName" : {
          "type" : "string",
          "description": "Account Name",
          "example": ""
        },
        "branchDescription" : {
          "type" : "string",
          "description": "POS Description",
          "example": ""
        },
        "primaryRelationshipManager" : {
          "type" : "array",
          "items" : {
            "$ref" : "#/definitions/AccountOfficer"
          }
        },
        "secondaryRelationshipManager" : {
          "type" : "array",
          "items" : {
            "$ref" : "#/definitions/AccountOfficer"
          }
        },
        "industryCode" : {
          "type" : "string",
          "description": "Industry Code",
          "example":"1030"
        },
        "industryDescription" : {
          "type" : "string",
          "description": "Industry Description",
          "example": "Fishing"
        },
        "currency" : {
          "type" : "string",
          "description": "Currency Code CCY",
          "example": "USD"
        },
        "customerType" : {
          "type" : "string",
          "description": "Identifies the customer type",
          "example": "Corporate"
        },
        "customerTypeDescription" : {
          "type" : "string",
          "description": "provides the description for customer type",
          "example": "Corporate"
        },
        "accountIdentifier" : {
          "type" : "string",
          "description": "Identifies the Account Number of the customer",
          "example": "12XXXXXXXXXXXX20"
        },
        "virtualAccountFlag" : {
          "type" : "string"
        }
      } 
    },
    "PostalAddress" : {
      "allOf" : [ {
        "$ref" : "#/definitions/ContactPoint"
      } ],
      "properties" : {
        "buildingName" : {
          "type" : "string",
          "description" : "Identifies the name of a building at which or within which an address exists.",
          "example": "P2480"
        },
        "city" : {
          "type" : "string",
          "description" : "Identifies the city within which address is located.",
          "example": "Sample City"
        },
        "subRegion" : {
          "type" : "string",
          "description" : "Identifies a component of a region within which an address is located (such as a district).",
          "example": "Sample Region"
        },
        "street" : {
          "type" : "string",
          "description" : "Identifies the street on which an address is located.",
          "example": "Sample Street"
        },
        "houseNumber" : {
          "type" : "string",
          "description" : "Identifies the house number of an address.",
          "example": "1503"
        },
        "postalCode" : {
          "type" : "string",
          "description" : "Identifies a postal code for an address.",
          "example": "6316"
        },
        "boxNumber" : {
          "type" : "string",
          "description" : "Identifies a postal box number for an address.",
          "example": "77"
        },
        "unitNumber" : {
          "type" : "string",
          "description" : "Identifies the unit number within a complex at which an address is located.",
          "example": "4565"
        },
        "floorNumber" : {
          "type" : "string",
          "description" : "Identifies the floor of a building on which an address resides.",
          "example": "15"
        },
        "country" : {
          "type" : "string",
          "description" : "Identifies the country within which the address is located.",
          "example": "AE"
        },
        "region" : {
          "type" : "string",
          "description" : "Identifies the region within a country (such as a state or county) within which an address is located.",
          "example": "Emirate"
        },
        "addressLines" : {
          "type" : "array",
          "items" : {
            "type" : "string",
            "description" : "Identifies a number of free-text lines within an address.",
            "example": "Sample Address"
          }
        },
        "departmentName" : {
          "type" : "string",
          "description" : "Identification of a division of a large organisation or building.",
          "example": "Finance"
        },
        "subDepartmentName" : {
          "type" : "string",
          "description" : "Identifies the name of a sub-division of a large organisation or building.",
          "example": "Finance"
        }
      }
    },
     "customerDetailsRes" : {
      "type" : "object",
      "required" : [ "applicationArea", "dataAreaCustomer" ],
      "properties" : {
        "applicationArea" : {
          "$ref" : "#/definitions/ApplicationArea"
        },
        "dataAreaCustomer" : {
          "$ref" : "#/definitions/CustomerWithRMDetails"
        }
      }
    },
    "customerDetails" : {
      "type" : "object",
      "required" : [ "applicationArea", "acountingUnitIdentifier" ],
      "properties" : {
        "applicationArea" : {
          "$ref" : "#/definitions/ApplicationArea"
        },
        "acountingUnitIdentifier" : {
          "type" : "string",
          "description": "T24 Target System Code for respective instance (BNK, HNI, ISB)",
          "example": "AE0010001"
        }
      }
    },
    "getT24CompanyCodeReq" : {
      "type" : "object",
      "properties" : {
        "applicationArea" : {
          "$ref" : "#/definitions/ApplicationArea"
        },
        "dataAreaCompanyCodeReq" : {
          "type" : "object",
          "properties" : {
            "accounts" : {
              "type" : "array",
              "items" : {
                "type" : "object",
                "properties" : {
                  "arrangementId" : {
                    "type" : "string",
                    "description": "T24 Account Number/INTELLECT Account Number/IBAN     /OLD_IBAN",
                    "example": "12XXXXXXXXXXXX20"
                  }
                }
              }
            }
          }
        }
      }
    },
   "getT24CompanyCodeRes" : {
      "type" : "object",
      "properties" : {
        "applicationArea" : {
          "$ref" : "#/definitions/ApplicationArea"
        },
        "dataAreaCompanyCodeRes" : {
          "type" : "object",
          "properties" : {
            "accounts" : {
              "type" : "array",
              "items" : {
                "type" : "object",
                "properties" : {
                  "arrangementId" : {
                    "type" : "string",
                    "description": "T24 Account Number/INTELLECT Account Number/IBAN     /OLD_IBAN",
                    "example": "12XXXXXXXXXXXX20"
                  },
                  "accountingUnitIdentifier" : {
                    "type" : "string",
                    "description": "Core Banking Target System Code for respective instance (BNK, HNI, ISB)",
                    "example": "AE0010001"
                  }
                }
              }
            }
          }
        }
      }
    }
  }
}