{
  "swagger" : "2.0",
  "info" : {
    "title" : "Utility Biller Services",
    "version" : "2.0.0",
    "description" : "Utility Biller Services facilitates bill payments to UAE utility service providers"
  },
  "host" : "api.bankfab.com",
  "schemes" : [ "https" ],
  "basePath" : "/utilitybiller/v1",
  "paths" : {
    "/balance" : {
      "post" : {
        "tags": [
          "Utility-Services"
        ],
        "operationId" : "balanceEnquiry",
        "responses" : {
          "200" : {
            "description" : "Utility Bill Balance Enquiry operation",
            "schema" : {
              "$ref" : "#/definitions/billerBalanceEnquiryResponse"
            }
          }
        },
        "consumes" : [ "application/json" ],
        "produces" : [ "application/json" ],
        "summary" : "Retrieve Balance",
		"description" : "Intiate a Balance Enquiry with the Service Provider",
		"parameters" : [ {
          "name" : "body",
          "in" : "body",
          "schema" : {
            "$ref" : "#/definitions/billerBalanceRequest"
          },
          "description" : "The request body for the operation",
          "required" : true
        } ]
      }
    },
    "/payment/byaccount" : {
      "post" : {
        "tags": [
          "Utility-Services"
        ],
        "operationId" : "accountPayment",
        "responses" : {
          "200" : {
            "description" : "Biller Payment by Account operation was successful.",
            "schema" : {
              "$ref" : "#/definitions/commonPaymentResponse"
            }
          }
        },
        "consumes" : [ "application/json" ],
        "produces" : [ "application/json" ],
        "summary" : "Post Bill Payment by Account",
        "description" : "Executes a payment with the service provider from a CASA account",
        "parameters" : [ {
          "name" : "body",
          "in" : "body",
          "schema" : {
            "$ref" : "#/definitions/billerAccountPaymentReq"
          },
          "description" : "The request body for the operation",
          "required" : true
        } ]
      }
    },
    "/payment/bycreditcard" : {
      "post" : {
        "tags": [
          "Utility-Services"
        ],
        "operationId" : "creditCardPayment",
        "responses" : {
          "200" : {
            "description" : "Biller Payment by Card.",
            "schema" : {
              "$ref" : "#/definitions/commonPaymentResponse"
            }
          }
        },
        "consumes" : [ "application/json" ],
        "produces" : [ "application/json" ],
        "summary" : "Post Bill Payment by Credit card",
        "description" : "Executes a payment with the service provider by using credit card",
        "parameters" : [ {
          "name" : "body",
          "in" : "body",
          "schema" : {
            "$ref" : "#/definitions/billerCardPaymentRequest"
          },
          "description" : "The request body for the operation",
          "required" : true
        } ]
      }
    },
    "/payment/byprepaidcard" : {
      "post" : {
        "tags": [
          "Utility-Services"
        ],
        "operationId" : "prepaidCardPayment",
        "responses" : {
          "200" : {
            "description" : "Biller Payment by Prepaid Card.",
            "schema" : {
              "$ref" : "#/definitions/commonPaymentResponse"
            }
          }
        },
        "consumes" : [ "application/json" ],
        "produces" : [ "application/json" ],
        "summary" : "Post Bill Payment by Prepaid card",
        "description" : "Executes a payment with the service provider by using prepaid card",
        "parameters" : [ {
          "name" : "body",
          "in" : "body",
          "schema" : {
            "$ref" : "#/definitions/billerCardPaymentRequest"
          },
          "description" : "The request body for the operation",
          "required" : true
        } ]
      }
    }
  },
  "definitions" : {
    "responseStatus" : {
      "type" : "object",
      "properties" : {
        "status" : {
          "type" : "string",
          "example" : "SUCCESS/ERROR",
          "description" : "Response details"
        },
        "error" : {
          "type" : "object",
          "properties" : {
            "code" : {
              "type" : "string",
              "example" : "SYS001",
              "description" : "error code"
            },
            "description" : {
              "type" : "string",
              "example" : "Host Unavailable.",
              "description" : "Error code description"
            }
          }
        }
      },
      "required" : [ "status" ]
    },
    "genericError" : {
      "type" : "object",
      "properties" : {
        "responseStatus" : {
          "$ref" : "#/definitions/diResponseStatus"
        }
      }
    },
    "diResponseStatus" : {
      "type" : "array",
      "items" : {
        "type" : "object",
        "properties" : {
          "status" : {
            "type" : "string",
            "example" : "SUCCESS/ERROR",
            "description" : "Response details"
          },
          "errorCode" : {
            "type" : "string",
            "example" : "sys001",
            "description" : "error code"
          },
          "errorDesc" : {
            "type" : "string",
            "example" : "<system unavailable>",
            "description" : "error code description"
          }
        }
      }
    },
    "billerBalanceRequest" : {
      "type" : "object",
      "properties" : {
        "applicationArea" : {
          "$ref" : "#/definitions/applicationArea"
        },
        "customerIdentifier" : {
          "type" : "string",
          "example" : "1XXXXX7",
          "description": "Persistent unique identifier associated with an account"
        },
        "agency" : {
          "type" : "string",
          "example" : "AADC/ADDC/DEWA/DU/ETISALAT/FEWA/SALIK/SEWA",
          "description": "Utility/service provider Name"
        },
        "agencySubType" : {
          "type" : "string",
          "example" : "PREPAID/POSTPAID/WASELRENEWAL/MT/MC/MD/MI",
          "description": "Utility/service provider -type of service"
        },
        "consumerNo" : {
          "type" : "string",
          "example" : "999XXXX742",
          "description": "Uniqe consumer number of the service provider"
        },
        "consumerPinNo" : {
          "type" : "string",
          "example" : "1234",
          "description": "4 digits PIN number for authentication Applicable for Salik only"
        }
      }
    },
    "billerBalanceEnquiryResponse" : {
      "type" : "object",
      "properties" : {
        "applicationArea" : {
          "$ref" : "#/definitions/applicationArea"
        },
        "responseStatus" : {
          "$ref" : "#/definitions/respStatus_RDO"
        },
        "amountDue" : {
          "type" : "string",
          "example" : 2000.0,
          "description": "Total Due amount"
        },
        "minimumAmount" : {
          "type" : "string",
          "example" : "50",
          "description": "Minimum amount allowed for payment"
        },
        "maximumAmount" : {
          "type" : "string",
          "example" : "2500",
          "description": "Maximum amount allowed for payment"
        },
        "inMultiplesOf" : {
          "type" : "string",
          "example" : "10",
          "description": "Multiple of amount allowed for payment"
        },
        "agencySubType" : {
          "type" : "string",
          "example" : "PREPAID/POSTPAID/WASELRENEWAL/MT/MC/MD/MI",
          "description": "Utility/service provider -type of service"
        },
        "balanceReferenceId" : {
          "type" : "string",
          "example" : "12XXX6",
          "description": "Balance enquiry reference number"
        },
        "availableBalance" : {
          "type" : "string",
          "example" : "123456.00",
          "description": "Available Balance"
        }
      }
    },
    "cardPaymentRequest" : {
      "type" : "object",
      "properties" : {
        "accountingUnitIdentifier" : {
          "type" : "string",
          "example" : "AEXX1XXX1"
        },
        "creditCardNo" : {
          "type" : "string",
          "example" : "410038XXXXXX7144"
        },
        "prepaidCardNo" : {
          "type" : "string",
          "example" : "410038XXXXXX7144"
        },
        "currencyCode" : {
          "type" : "string",
          "example" : "AED"
        },
        "transactionAmount" : {
          "type" : "string",
          "example" : "3315.0",
          "description" : "Transaction amount"
        },
        "transactionId" : {
          "type" : "string",
          "example" : "36378XXXXX4172705"
        },
        "amountDue" : {
          "type" : "string",
          "example" : "3315.0",
          "description" : "Amount Due"
        },
        "availableBalance" : {
          "type" : "string",
          "example" : "3315.0",
          "description" : "Available Balance"
        },
        "txnRefNo" : {
          "type" : "string",
          "example" : "ATM123658",
          "description" : "Transaction ref number"
        },
        "paymentDetails" : {
          "type" : "string",
          "example" : "UtilityService",
          "description" : "Payment description details"
        },
        "reqDetails" : {
          "type" : "string",
          "example" : "UtilityService"
        }
      },
      "required" : [ "currencyCode", "transactionAmount" ]
    },
    "billerAccountPaymentReq" : {
      "type" : "object",
      "properties" : {
        "applicationArea" : {
          "$ref" : "#/definitions/applicationArea"
        },
        "agency" : {
          "type" : "string",
          "example" : "AADC/ADDC/DEWA/DU/ETISALAT/FEWA/SALIK/SEWA",
          "description": "Service provider Name"
        },
        "agencySubType" : {
          "type" : "string",
          "example" : "PREPAID/POSTPAID/WASELRENEWAL/MT/MC/MD/MI",
          "description": "Service provider sub type"
        },
        "consumerNo" : {
          "type" : "string",
          "example" : "056XXXXXXX",
          "description": "Consumer number"
        },
        "consumerPinNo" : {
          "type" : "string",
          "example" : "1234",
          "description": "Consumer PIN number if consumer is selected as Salik"
        },
        "customerIdentifier" : {
          "type" : "string",
          "example" : "1XXXXX7",
          "description": "Persistent unique identifier associated with an account"
        },
        "accountNo" : {
          "type" : "string",
          "example" : "12XXXXXXXXXXXX20",
          "description" : "Account number (source account)"
        },
        "drCrRef" : {
          "type" : "string",
          "example" : "12XXX93",
          "description" : "Debit credit ref number"
        },
        "accountingUnitIdentifier" : {
          "type" : "string",
          "example" : "AEXX1XXX1",
          "description" : "Company code of the customer (Islamic/Coventional)"
        },
        "transactionCurrency" : {
          "type" : "string",
          "example" : "AED",
          "description": "The currency code of the transaction in ISO 4217 format"
        },
        "transactionAmount" : {
          "type" : "string",
          "example" : "3315.0",
          "description" : "Transaction amount"
        },
        "amountDue" : {
          "type" : "string",
          "example" : "3315.0",
          "description" : "Amount Due"
        },
        "balanceReferenceId" : {
          "type" : "string",
          "example" : "3315.0",
          "description" : "Balance enquiry ref number"
        },
        "paymentDetails" : {
          "type" : "string",
          "example" : "biller payments by account",
          "description" : "Payment description details"
        },
        "atmTxnRefNo" : {
          "type" : "string",
          "example" : "ATM123658",
          "description" : "ATM Transaction ref number"
        },
        "atmReqDetails" : {
          "type" : "string",
          "example" : "ATM54321",
          "description" : "ATM ID details with unique request ID"
        },
        "atmUtilRefNo" : {
          "type" : "string",
          "example" : "ATM23533",
          "description" : "Unique Utility ref number"
        },
        "billerCode" : {
          "type" : "string",
          "description": "Service provider biller code"
        }
      }
    },
    "billerCardPaymentRequest" : {
      "type" : "object",
      "properties" : {
        "applicationArea" : {
          "$ref" : "#/definitions/applicationArea"
        },
        "agency" : {
          "type" : "string",
          "example" : "AADC/ADDC/DEWA/DU/ETISALAT/FEWA/SALIK/SEWA",
          "description": "Service provider Name"
        },
        "agencySubType" : {
          "type" : "string",
          "example" : "PREPAID/POSTPAID/WASELRENEWAL/MT/MC/MD/MI",
          "description": "Service provider sub type"
        },
        "consumerNo" : {
          "type" : "string",
          "example" : "056XXXXXXX",
          "description": "Consumer number"
        },
        "customerIdentifier" : {
          "type" : "string",
          "example" : "1X34X48",
          "description": "Persistent unique identifier associated with an account"
        },
        "creditCardNo" : {
          "type" : "string",
          "example" : "4622090016XXXX25",
          "description" : "Credit card number (source account)"
        },
        "prepaidCardNo" : {
          "type" : "string",
          "example" : "46220XXXXX648025",
          "description" : "Prepaid card number (source account)"
        },
        "drCrRef" : {
          "type" : "string",
          "example" : "123456",
          "description" : "Debit credit ref number"
        },
        "accountingUnitIdentifier" : {
          "type" : "string",
          "example" : "AEXX1XXX1",
          "description" : "Company code of the customer (Islamic/Coventional)"
        },
        "transactionCurrency" : {
          "type" : "string",
          "example" : "AED",
          "description": "The currency code of the transaction in ISO 4217 format"
        },
        "transactionAmount" : {
          "type" : "string",
          "example" : "3315.0",
          "description" : "Transaction amount"
        },
        "amountDue" : {
          "type" : "string",
          "example" : "3315.0",
          "description" : "Amount Due"
        },
        "balanceReferenceId" : {
          "type" : "string",
          "example" : "12XXX6",
          "description" : "Balance enquiry ref number"
        },
        "paymentDetails" : {
          "type" : "string",
          "example" : "biller payment by card",
          "description" : "Payment description details"
        },
        "atmTxnRefNo" : {
          "type" : "string",
          "example" : "ATM123658",
          "description" : "ATM Transaction ref number"
        },
        "atmReqDetails" : {
          "type" : "string",
          "example" : "ATM54321",
          "description" : "ATM ID details with unique request ID"
        },
        "atmUtilRefNo" : {
          "type" : "string",
          "example" : "ATM23533",
          "description" : "Unique Utility ref number"
        }
      }
    },
    "commonPaymentResponse" : {
      "type" : "object",
      "properties" : {
        "applicationArea" : {
          "$ref" : "#/definitions/applicationArea"
        },
        "responseStatus" : {
          "$ref" : "#/definitions/respStatus_RDO"
        },
        "fgbTransactionRefNo" : {
          "type" : "string",
          "example" : "FT1XXXXXX828",
          "description" : "transaction Id to uniquely identify the transaction within an account"
        },
        "transactionDateTime" : {
          "type" : "string",
          "example" : "2017-12-6 00:22:16",
          "description" :"Transaction date in ISO 8601 YYYY-MM-DD HH : MM: SS format"
        },
        "availableBalance" : {
          "type" : "string",
          "example" : "102.0",
          "description" : "Available Balance"
        }
      }
    },
    "applicationArea" : {
      "type" : "object",
      "required" : [ "correlationId", "countryOfOrigin", "transactionDateTime", "transactionId" ],
      "properties" : {
        "correlationId" : {
          "type" : "string",
          "description" : "Unique reference id"
        },
        "countryOfOrigin" : {
          "type" : "string",
          "minLength" : 2,
          "maxLength" : 2,
          "description": "ISO 3166 country codes in two bytes format."
        },
        "creationDateTime" : {
          "type" : "string",
          "format" : "date-time",
          "description" :"Creation date in ISO 8601 YYYY-MM-DD HH : MM: SS format"
        },
        "interfaceID" : {
          "type" : "string",
          "description" : "Unique reference id"
        },
        "senderLocation" : {
          "type" : "string"
        },
        "requiredExecutionDate" : {
          "type" : "string",
          "format" : "date-time",
          "description" :"execution date in ISO 8601 YYYY-MM-DD HH : MM: SS format"
        },
        "senderUserId" : {
          "type" : "string",
          "description" : "Unique reference id"
        },
        "senderBranchId" : {
          "type" : "string",
          "description" : "Unique reference id"
        },
        "senderId" : {
          "type" : "string"
        },
        "transactionDateTime" : {
          "type" : "string",
          "format" : "date-time",
          "description" :"Date merchant did the sale to the customer in ISO 8601 YYYY-MM-DD HH : MM: SS format"
        },
        "transactionId" : {
          "type" : "string",
          "description" : "Unique Transaction id"
        },
        "transactionTimeZone" : {
          "type" : "string",
          "description" :"time zone in ISO 8601 HH : MM: SS format"
        },
        "senderAuthorizationID" : {
          "type" : "string",
          "description" : "Unique reference id"
        },
        "senderReferenceID" : {
          "type" : "string",
          "description" : "Unique reference id"
        },
        "senderAuthorizationComments" : {
          "type" : "string",
          "description" : "Authorization comments"
        },
        "language" : {
          "type" : "string",
          "description" : "Language details",
          "example" : " English or Arabic"
        }
      }
    },
    "respStatus_RDO" : {
      "type" : "object",
      "properties" : {
        "status" : {
          "type" : "string",
          "example" : "SUCCESS/ERROR/WARNING",
          "description" : "response status message"
        },
        "statusMessage" : {
          "type" : "string",
          "example" : "SUCCESS/ERROR/WARNING",
          "description" : "response status message"
        },
        "errorDetails" : {
          "type" : "array",
          "items" : {
            "$ref" : "#/definitions/errorDetails_RDO"
          }
        },
        "metaData" : {
          "type" : "object",
          "properties" : {
            "dateFormat" : {
              "type" : "string",
              "example" : "YYYY-MM-DD",
              "description" : "Date in YYYY-MM-DD format"
            }
          }
        }
      }
    },
    "errorDetails_RDO" : {
      "type" : "object",
      "properties" : {
        "errorCode" : {
          "type" : "string",
          "description" : "Error Status Code",
          "example" : "SYS001"
        },
        "errorDesc" : {
          "type" : "string",
          "example" : "System is not Available",
          "description" : "Error detail descriptions"
        }
      }
    }
  }
}