{
  "swagger" : "2.0",
  "info" : {
    "description" : "External API with addtional services handles operations linked to the Emirates Digital Wallet platform. ",
    "version" : "2.0.0",
    "title" : "Digital Wallet"
  },
  "host" : "api.bankfab.com",
  "basePath" : "/services/wallet/v1",
  "schemes" : [ "https" ],
  "produces" : [ "application/json" ],
  "paths" : {
    "/outward/transfer" : {
      "post" : {
        "tags" : [ "Wallet-Services" ],
        "summary" : "Top Up funds in Digital wallet Account from Bank wallet Account",
        "description" : "Consumer applications can call this service to load the funds from their Bank wallet account to their Stored value account in EDW central platform. ",
        "operationId" : "processWalletOutwardTransfer",
        "consumes" : [ "application/json" ],
        "produces" : [ "application/json" ],
        "parameters" : [ {
          "in" : "body",
          "name" : "processWalletOutwardTransfer, the service first debits the funds from Customer Account and load the fund onto his account in EDW platform",
          "description" : "wallet outward transfer",
          "required" : true,
          "schema" : {
            "$ref" : "#/definitions/processWalletOutwardTransferRequest"
          }
        } ],
        "responses" : {
          "200" : {
            "description" : "wallet outward transfer",
            "schema" : {
              "$ref" : "#/definitions/processWalletOutwardTransferResponse"
            }
          },
          "default" : {
            "description" : "Unexpected error",
            "schema" : {
              "$ref" : "#/definitions/Error"
            }
          }
        }
      }
    },
    "/outward/credit" : {
      "post" : {
        "tags" : [ "Wallet-Services" ],
        "summary" : "Credit funds to customer's accounts in EDW platform",
        "description" : "Process Wallet Credit function is used to credit the funds on to the customer's accounts in EDW platform.",
        "operationId" : "processWalletCredit",
        "consumes" : [ "application/json" ],
        "produces" : [ "application/json" ],
        "parameters" : [ {
          "in" : "body",
          "name" : "processWalletCredit",
          "description" : "wallet credit",
          "required" : true,
          "schema" : {
            "$ref" : "#/definitions/processWalletCreditRequest"
          }
        } ],
        "responses" : {
          "200" : {
            "description" : "wallet credit",
            "schema" : {
              "$ref" : "#/definitions/processWalletCreditResponse"
            }
          },
          "default" : {
            "description" : "Unexpected error",
            "schema" : {
              "$ref" : "#/definitions/Error"
            }
          }
        }
      }
    },
    "/outward/transfer/cancel" : {
      "post" : {
        "tags" : [ "Wallet-Services" ],
        "summary" : "Reverse the funds back to Customer Account",
        "description" : "For any error encountered from EDW, Middle-ware will reverse the funds back to Customer Account",
        "operationId" : "cancelWalletOutwardTransfer",
        "consumes" : [ "application/json" ],
        "produces" : [ "application/json" ],
        "parameters" : [ {
          "in" : "body",
          "name" : "cancelWalletOutwardTransfer",
          "description" : "cancel wallet outward transfer",
          "required" : true,
          "schema" : {
            "$ref" : "#/definitions/cancelWalletOutwardTransferRequest"
          }
        } ],
        "responses" : {
          "200" : {
            "description" : "wallet credit",
            "schema" : {
              "$ref" : "#/definitions/cancelWalletOutwardTransferResponse"
            }
          },
          "default" : {
            "description" : "Unexpected error",
            "schema" : {
              "$ref" : "#/definitions/Error"
            }
          }
        }
      }
    },
    "/outward/debit" : {
      "post" : {
        "tags" : [ "Wallet-Services" ],
        "summary" : "Debit funds from customer's account in EDW platform",
        "description" : "Process Wallet debit function is used to debit the funds on to the customer's accounts in EDW platform.",
        "operationId" : "processWalletDebit",
        "consumes" : [ "application/json" ],
        "produces" : [ "application/json" ],
        "parameters" : [ {
          "in" : "body",
          "name" : "processWalletDebit",
          "description" : "wallet Debit",
          "required" : true,
          "schema" : {
            "$ref" : "#/definitions/processWalletDebitRequest"
          }
        } ],
        "responses" : {
          "200" : {
            "description" : "wallet Debit",
            "schema" : {
              "$ref" : "#/definitions/processWalletDebitResponse"
            }
          },
          "default" : {
            "description" : "Unexpected error",
            "schema" : {
              "$ref" : "#/definitions/Error"
            }
          }
        }
      }
    },
    "/customerprofile" : {
      "post" : {
        "tags" : [ "Wallet-Services" ],
        "summary" : "Gets the Customer Profile",
        "description" : "This service retrieves the Customer Profile details which includes personal details, account details, KYC Status and transaction limits etc.",
        "operationId" : "getWalletCustomerProfile",
        "consumes" : [ "application/json" ],
        "produces" : [ "application/json" ],
        "parameters" : [ {
          "in" : "body",
          "name" : "processWalletDebit",
          "description" : "wallet Debit",
          "required" : true,
          "schema" : {
            "$ref" : "#/definitions/getWalletCustomerProfileRequest"
          }
        } ],
        "responses" : {
          "200" : {
            "description" : "Customer Profile",
            "schema" : {
              "$ref" : "#/definitions/getWalletCustomerProfileResponse"
            }
          },
          "default" : {
            "description" : "Unexpected error",
            "schema" : {
              "$ref" : "#/definitions/Error"
            }
          }
        }
      }
    },
    "/getbalance" : {
      "post" : {
        "tags" : [ "Wallet-Services" ],
        "summary" : "Get balance of the request account from EDW",
        "description" : "This service retrieves the Customer Digital Wallet balances of the requested account from the EDW platform.",
        "operationId" : "getbalance",
        "consumes" : [ "application/json" ],
        "produces" : [ "application/json" ],
        "parameters" : [ {
          "in" : "body",
          "name" : "getbalance",
          "description" : "get balance",
          "required" : true,
          "schema" : {
            "$ref" : "#/definitions/getbalanceRequest"
          }
        } ],
        "responses" : {
          "200" : {
            "description" : "get balance",
            "schema" : {
              "$ref" : "#/definitions/getbalanceResponse"
            }
          },
          "default" : {
            "description" : "Unexpected error",
            "schema" : {
              "$ref" : "#/definitions/Error"
            }
          }
        }
      }
    }
  },
  "definitions" : {
    "getWalletCustomerProfileRequest" : {
      "type" : "object",
      "properties" : {
        "applicationArea" : {
          "$ref" : "#/definitions/applicationArea"
        },
        "dataArea" : {
          "$ref" : "#/definitions/dataAreaCustomerProfileRequestObject"
        }
      }
    },
    "getWalletCustomerProfileResponse" : {
      "type" : "object",
      "properties" : {
        "applicationArea" : {
          "$ref" : "#/definitions/applicationArea"
        },
        "dataArea" : {
          "$ref" : "#/definitions/dataAreaCustomerProfileResponseObject"
        }
      }
    },
    "getbalanceRequest" : {
      "type" : "object",
      "properties" : {
        "applicationArea" : {
          "$ref" : "#/definitions/applicationArea"
        },
        "dataArea" : {
          "$ref" : "#/definitions/dataAreaGetbalanceRequestObject"
        }
      }
    },
    "getbalanceResponse" : {
      "type" : "object",
      "properties" : {
        "applicationArea" : {
          "$ref" : "#/definitions/applicationArea"
        },
        "dataArea" : {
          "$ref" : "#/definitions/dataAreaGetbalanceResponseObject"
        }
      }
    },
    "dataAreaGetbalanceRequestObject" : {
      "type" : "object",
      "required" : [ "bankCode", "customerType", "networkCode", "programCode", "requestId" ],
      "properties" : {
        "bankCode" : {
          "type" : "string",
          "description" : "Bank Code given by EDW to each Bank",
          "example" : "EDW123"
        },
        "networkCode" : {
          "type" : "string",
          "description" : "Network code configured in EDW defined by EDW",
          "example" : "02"
        },
        "programCode" : {
          "type" : "string",
          "description" : "Program Code of Customer or Merchant as defined by EDW",
          "example" : "001"
        },
        "transactionType" : {
          "type" : "string",
          "description" : "Transaction Type O - Original R-Reversal",
          "example" : "O"
        },
        "customerType" : {
          "type" : "string",
          "description" : "Type of EDW Customer CONSUMER or MERCHANT",
          "example" : "CONSUMER"
        },
        "requestId" : {
          "type" : "number",
          "description" : "EDW echo back unique 6 digits identifier to be stored in the consumer application",
          "example" : "123456"
        },
        "identity" : {
          "type" : "array",
          "items" : {
            "$ref" : "#/definitions/identityObject"
          }
        }
      }
    },
    "dataAreaGetbalanceResponseObject" : {
      "type" : "object",
      "required" : [ "pan" ],
      "properties" : {
        "balance" : {
          "type" : "number",
          "format" : "double",
		  "description" : "EDW Account Balance",
          "example" : "Active"
        },
        "svaStatus" : {
          "type" : "string",
          "description" : "EDW Account Status",
          "example" : "Active"
        },
        "currency" : {
          "type" : "string",
          "description" : "Transaction currency in ISO 4217 format",
          "example" : "AED"
        },
        "pan" : {
          "type" : "string",
          "description" : "Pseudo PAN Id of Customer or Merchant provided by EDW on Registration to EDW platform",
          "example" : "98XXXX32d10"
        },
        "consumerType" : {
          "type" : "string",
          "description" : "Consumer Type in given by EDW central platform",
          "example" : "MERCHANT"
        },
        "userType" : {
          "type" : "string",
          "description" : "User Type MOB or POS in EDW",
          "example" : "MOB"
        },
        "title" : {
          "type" : "string",
          "description" : "Title of the Customer",
          "example" : "Dr"
        },
        "firstName" : {
          "type" : "string",
          "description" : "First name of the Customer in EDW central platform",
          "example" : "Ratan"
        },
        "lastName" : {
          "type" : "string",
          "description" : "Last Name of the Customer in EDW central platform",
          "example" : "Tata"
        },
        "gender" : {
          "type" : "string",
          "description" : "Gender of the customer",
          "example" : "Male"
        },
        "dateOfBirth" : {
          "type" : "string",
          "description" : "Date of birth of the customer while registering the customer to EDW platform in DD-MMM-YYYY format",
          "example" : "01-JUL-1991"
        },
        "kycStatus" : {
          "type" : "string",
          "description" : "KYC Status of the customer while registering the customer to EDW platform",
          "example" : "Y"
        },
        "cardNumberAlias" : {
          "type" : "string",
          "description" : "EDW Unique ID of the SVA account holder with the issuing bank",
          "example" : "979XXXXXXXXXX78787"
        },
        "topupEnable" : {
          "type" : "string",
          "description" : "EDW top-up enable option, Y Enable, N Disable",
          "example" : "Y"
        },
        "topupThreshold" : {
          "type" : "string",
          "description" : "Maximum Top up threshold amount, Transaction amount limit max scale to 12 digits",
          "example" : "987654577"
        },
        "merchantCategoryCode" : {
          "type" : "string",
          "description" : "merchantCategoryCode while registering the customer to EDW platform",
          "example" : "merchantCategoryCode001"
        },
        "terminalId" : {
          "type" : "string",
          "description" : "terminal id provided by EDW and is Applicable for Merchant",
          "example" : "00000001"
        },
        "brandId" : {
          "type" : "string",
          "description" : "Brand id while registering the customer to EDW platform and Applicable for Merchant",
          "example" : "XYZ LLC"
        },
        "businessDesc" : {
          "type" : "string",
          "description" : "Business Description while registering the customer to EDW platform and Applicable for Merchant",
          "example" : "ABCDEWXYZ"
        },
        "identity" : {
          "type" : "array",
          "items" : {
            "$ref" : "#/definitions/identityObject"
          }
        },
        "address" : {
          "type" : "array",
          "items" : {
            "$ref" : "#/definitions/address_Obj"
          }
        },
        "contactPoints" : {
          "type" : "array",
          "items" : {
            "$ref" : "#/definitions/contactPoints_Obj"
          }
        },
        "companyId" : {
          "type" : "string",
          "description" : "Company ID while registering the customer to EDW platform. Applicable only for merchant",
          "example" : "COMP1234"
        },
        "companyName" : {
          "type" : "string",
          "description" : "Name of the Company while registering the customer to EDW platform, Applicable for Merchant",
          "example" : "FAB LLC"
        },
        "merchantIdentification" : {
          "type" : "string",
          "description" : "Indicates about the type of Identification for merchant in EDW",
          "example" : "144XXX99"
        },
        "activationDate" : {
          "type" : "string",
          "description" : "Activation Date for SVA in in ISO 8601 YYYY-MM-DD HH : MM: SS format",
          "example" : "2017-12-6 00:22:16"
        },
        "transactionPlanAfterKYC" : {
          "type" : "string",
          "description" : "Additional capability such as REFUND",
          "example" : "XYZABCDE"
        },
        "transactionPlanBeforeKYC" : {
          "type" : "string",
          "description" : "Additional capability such as REFUND",
          "example" : "XYZABCDE"
        }
      }
    },
    "contactPoints_Obj" : {
      "type" : "object",
      "properties" : {
        "email" : {
          "type" : "string",
           "description" : "email id of the customer while registering the customer to EDW platform",
          "example" : "abc@abc.com"
        },
        "mobileNumber" : {
          "type" : "string",
           "description" : "Mobile Number with country code of the customer while registering the customer to EDW platform",
          "example" : "+97154XXXXXXX"
        },
        "alternateMobileNumber" : {
          "type" : "string",
           "description" : "Alternate Mobile Number with country code of the customer while registering the customer to EDW platform",
          "example" : "97154XXXXXXX"
        }
      }
    },
    "address_Obj" : {
      "type" : "object",
      "properties" : {
        "addressLine1" : {
          "type" : "string",
          "description" : "addressLine1 of the customer while registering the customer to EDW platform",
          "example" : "Address Line 1"
        },
        "addressLine2" : {
          "type" : "string",
          "description" : "addressLine2 of the customer while registering the customer to EDW platform",
          "example" : "Address Line 2"
        },
        "addressLine3" : {
          "type" : "string",
          "description" : "addressLine3 of the customer while registering the customer to EDW platform",
          "example" : "Address Line 3"
        },
        "country" : {
          "type" : "string",
          "description" : "Country of the customer while registering the customer to EDW platform",
          "example" : "UAE"
        },
        "city" : {
          "type" : "string",
          "description" : "City of the customer while registering the customer to EDW platform",
          "example" : "Abu Dhabi"
        },
        "postalCode" : {
          "type" : "string",
          "description" : "Postal Code of the customer while registering the customer to EDW platform",
          "example" : "54897"
        },
        "state" : {
          "type" : "string",
          "description" : "State of the customer while registering the customer to EDW platform",
          "example" : "Abu Dhabi"
        }
      }
    },
    "dataAreaCustomerProfileRequestObject" : {
      "type" : "object",
      "required" : [ "bankCode", "customerType", "networkCode", "programCode", "requestId" ],
      "properties" : {
        "bankCode" : {
          "type" : "string",
          "description" : "Unique Identification of Bank provided by EDW",
          "example" : "FABBNK"
        },
        "networkCode" : {
          "type" : "string",
          "description" : "Network code configured in the system provided by EDW",
          "example" : "02"
        },
        "programCode" : {
          "type" : "string",
          "description" : "Program Code 001 CONSUMER 002 MERCHANT as per EDW Platform",
          "example" : "001"
        },
        "customerType" : {
          "type" : "string",
          "description" : "Type of EDW Customer CONSUMER or MERCHANT",
          "example" : "MERCHANT"
        },
        "requestId" : {
          "type" : "number",
          "description" : "EDW echo back unique 6 digits identifier to be stored in the consumer application",
          "example" : "123456"
        },
        "identity" : {
          "type" : "array",
          "items" : {
            "$ref" : "#/definitions/identityObject"
          }
        }
      }
    },
    "dataAreaCustomerProfileResponseObject" : {
      "type" : "object",
      "required" : [ "pan" ],
      "properties" : {
        "balance" : {
          "type" : "number",
          "format" : "double",
		  "description" : "EDW Account Balance",
          "example" : "Active"
        },
        "svaStatus" : {
          "type" : "string",
          "description" : "SVA Account Status in EDW",
          "example" : "ACTIVE"
        },
        "currency" : {
          "type" : "string",
          "description" : "Transaction currency in ISO 4217 format",
          "example" : "AED"
        },
        "pan" : {
          "type" : "string",
          "description" : "Pseudo PAN Id of Customer or Merchant provided by EDW on Registration to EDW platform",
          "example" : "210XXXXXXXXXX567"
        },
        "consumerType" : {
          "type" : "string",
          "description" : "Consumer Type in given by EDW central platform",
          "example" : "CONSUMER"
        },
        "userType" : {
          "type" : "string",
          "description" : "User Type MOB or POS in EDW",
          "example" : "MOB"
        },
        "title" : {
          "type" : "string",
          "description" : "Title of the Customer",
          "example" : "DR"
        },
        "firstName" : {
          "type" : "string",
          "description" : "First name of the Customer in EDW central platform",
          "example" : "Ratan"
        },
        "lastName" : {
          "type" : "string",
          "description" : "First name of the Customer in EDW central platform",
          "example" : "Tata"
        },
        "gender" : {
          "type" : "string",
          "description" : "Gender of the Customer",
          "example" : "Male"
        },
        "dateOfBirth" : {
          "type" : "string",
          "description" : "Date of Birth of the customer while registering the customer to EDW platform in DD-MMM-YYYY format",
          "example" : "03-JAN-1981"
        },
        "kycStatus" : {
          "type" : "string",
          "description" : "KYC Status of the customer while registering the customer to EDW platform",
          "example" : "Y"
        },
        "cardNumberAlias" : {
          "type" : "string",
          "description" : "Unique ID of the SVA account holder with the issuing bank while registering the customer to EDW platform",
          "example" : "454XXXXX45"
        },
        "topupEnable" : {
          "type" : "string",
          "description" : "EDW top-up enable option, Y Enable, N Disable",
          "example" : "Y"
        },
        "topupThreshold" : {
          "type" : "string",
          "description" : "Maximum Top up threshold amount, Transaction amount limit max scale to 12 digits",
          "example" : "456663"
        },
        "merchantCategoryCode" : {
          "type" : "string",
          "description" : "merchantCategoryCode while registering the customer to EDW platform",
          "example" : "ABC"
        },
        "terminalId" : {
          "type" : "string",
          "description" : "terminal id provided by EDW and is Applicable for Merchant",
          "example" : "00000001"
        },
        "brandId" : {
          "type" : "string",
          "description" : "Brand id while registering the customer to EDW platform and Applicable for Merchant",
          "example" : "ABCXYX"
        },
        "businessDesc" : {
          "type" : "string",
          "description" : "Business Description while registering the customer to EDW platform and Applicable for Merchant",
          "example" : "ABCxyz"
        },
        "identity" : {
          "type" : "array",
          "items" : {
            "$ref" : "#/definitions/identityObject"
          }
        },
        "address" : {
          "type" : "array",
          "items" : {
            "$ref" : "#/definitions/address_Obj"
          }
        },
        "contactPoints" : {
          "type" : "array",
          "items" : {
            "$ref" : "#/definitions/contactPoints_Obj"
          }
        },
        "companyId" : {
          "type" : "string",
          "description" : "Company ID while registering the customer to EDW platform. Applicable only for merchant",
          "example" : "123456"
        },
        "companyName" : {
          "type" : "string",
          "description" : "Name of the Company while registering the customer to EDW platform, Applicable for Merchant",
          "example" : "ABCxyz"
        },
        "merchantIdentification" : {
          "type" : "string",
          "description" : "Indicates about the type of Identification for merchant in EDW",
          "example" : "201XXXXXXX3257"
        },
        "activationDate" : {
          "type" : "string",
          "description" : "Activation Date for SVA in in ISO 8601 YYYY-MM-DD HH : MM: SS format",
          "example" : "2017-12-6 00:22:16"
        },
        "transactionPlanAfterKYC" : {
          "type" : "string",
          "description" : "Additional capability such as REFUND",
          "example" : "TXNPl1"
        },
        "transactionPlanBeforeKYC" : {
          "type" : "string",
          "description" : "Additional capability such as REFUND",
          "example" : "TXNPl1"
        }
      }
    },
    "processWalletDebitRequest" : {
      "type" : "object",
      "properties" : {
        "applicationArea" : {
          "$ref" : "#/definitions/applicationArea"
        },
        "dataArea" : {
          "$ref" : "#/definitions/dataAreaWalletCreditRequestObject"
        }
      }
    },
    "processWalletDebitResponse" : {
      "type" : "object",
      "properties" : {
        "applicationArea" : {
          "$ref" : "#/definitions/applicationArea"
        },
        "responseStatus" : {
          "$ref" : "#/definitions/respStatus_RDO"
        },
        "dataArea" : {
          "$ref" : "#/definitions/dataAreaWalletCreditResponseObject"
        }
      }
    },
    "cancelWalletOutwardTransferRequest" : {
      "type" : "object",
      "properties" : {
        "applicationArea" : {
          "$ref" : "#/definitions/applicationArea"
        },
        "dataArea" : {
          "$ref" : "#/definitions/dataAreacancelWalletOutwardTransferRequestObject"
        }
      }
    },
    "cancelWalletOutwardTransferResponse" : {
      "type" : "object",
      "properties" : {
        "applicationArea" : {
          "$ref" : "#/definitions/applicationArea"
        },
        "responseStatus" : {
          "$ref" : "#/definitions/respStatus_RDO"
        }
      }
    },
    "processWalletOutwardTransferRequest" : {
      "type" : "object",
      "properties" : {
        "applicationArea" : {
          "$ref" : "#/definitions/applicationArea"
        },
        "dataArea" : {
          "$ref" : "#/definitions/dataAreaWalletOutwardTransferRequestObject"
        }
      }
    },
    "processWalletOutwardTransferResponse" : {
      "type" : "object",
      "properties" : {
        "applicationArea" : {
          "$ref" : "#/definitions/applicationArea"
        },
        "responseStatus" : {
          "$ref" : "#/definitions/respStatus_RDO"
        },
        "dataArea" : {
          "$ref" : "#/definitions/dataAreaWalletOutwardTransferResponseObject"
        }
      }
    },
    "processWalletCreditRequest" : {
      "type" : "object",
      "properties" : {
        "applicationArea" : {
          "$ref" : "#/definitions/applicationArea"
        },
        "dataArea" : {
          "$ref" : "#/definitions/dataAreaWalletCreditRequestObject"
        }
      }
    },
    "processWalletCreditResponse" : {
      "type" : "object",
      "properties" : {
        "applicationArea" : {
          "$ref" : "#/definitions/applicationArea"
        },
        "responseStatus" : {
          "$ref" : "#/definitions/respStatus_RDO"
        },
        "dataArea" : {
          "$ref" : "#/definitions/dataAreaWalletCreditResponseObject"
        }
      }
    },
    "dataAreacancelWalletOutwardTransferRequestObject" : {
      "type" : "object",
      "properties" : {
        "crossReferenceId" : {
          "type" : "string",
          "description" : "correlationID of FT request generated by Middle-ware while performing EDW P2P and P2M transactions",
          "example" : "779878XXXXXXXXX88787"
        },
        "transactionDetails" : {
          "$ref" : "#/definitions/transactionDetailsObject"
        },
        "identity" : {
          "type" : "array",
          "items" : {
            "$ref" : "#/definitions/identityObject"
          }
        }
      }
    },
    "dataAreaWalletOutwardTransferRequestObject" : {
      "type" : "object",
      "required" : [ "creditAccountNumber", "debitAccountNumber", "edwId" ],
      "properties" : {
        "transactionDetails" : {
          "$ref" : "#/definitions/transactionDetailsObject"
        },
        "identity" : {
          "type" : "array",
          "items" : {
            "$ref" : "#/definitions/identityObject"
          }
        },
        "edwId" : {
          "type" : "string",
          "description" : "EDW ID of the Customer generated by EDW while on boarding the customer to the EDW Platform ",
          "example" : "77XXXXXX798"
        },
        "merchantId" : {
          "type" : "string",
          "description" : "Merchant Id generated by EDW while on boarding the customer to the EDW Platform",
          "example" : "77XXXXXX798"
        },
        "terminalId" : {
          "type" : "string",
          "description" : "terminal id provided by EDW and is Applicable for Merchant",
          "example" : "0000099"
        },
        "debitAccountNumber" : {
          "type" : "string",
          "description" : "Debtor SVA Account Number while performing EDW P2P or P2M Payment",
          "example" : "50XXXXXXX7"
        },
        "debitReference" : {
          "type" : "string",
          "description" : "Debit Reference in Core banking while performing EDW P2P or P2M Payment",
          "example" : "EDW P2P Payment"
        },
        "debitEffectiveDate" : {
          "type" : "string",
          "format" : "Date",
          "description" : "Debit Effective Date in ISO 8601 YYYY-MM-DD HH : MM: SS format while performing EDW P2P or P2M Payment",
          "example" : "2016-02-25"
        },
        "creditAccountNumber" : {
          "type" : "string",
          "description" : "Creditor EDW Account Number while performing EDW P2P or P2M Payment",
          "example" : "05XXXXXXX7"
        },
        "creditReference" : {
          "type" : "string",
          "description" : "Credit Reference in Core banking while performing EDW P2P or P2M Payment",
          "example" : "EDW P2P Payment"
        },
        "creditEffectiveDate" : {
          "type" : "string",
          "format" : "Date",
          "description" : "Credit Effective Date while performing EDW P2P or P2M Payment",
          "example" : "2016-02-25"
        },
        "charge" : {
          "type" : "array",
          "items" : {
            "$ref" : "#/definitions/chargeDetailsObject"
          }
        }
      }
    },
    "dataAreaWalletOutwardTransferResponseObject" : {
      "type" : "object",
      "properties" : {
        "coreReferenceId" : {
          "type" : "string",
          "description" : "transactionIdentifier, for wallet channel pass first FT core referencenumber",
          "example" : "FTXXXXXX678"
        },
        "crossReferenceId" : {
          "type" : "string",
          "description" : "Correlation id of FT to be passed , used for auto reversals",
          "example" : "787XXXXXX909"
        },
        "authorizationCode" : {
          "type" : "string",
          "description" : "Alphanumeric authorization code of the transaction.",
          "example" : "78XXXXX087"
        }
      }
    },
    "dataAreaWalletCreditRequestObject" : {
      "type" : "object",
      "properties" : {
        "transactionDetails" : {
          "$ref" : "#/definitions/transactionDetailsObject"
        },
        "identity" : {
          "type" : "array",
          "items" : {
            "$ref" : "#/definitions/identityObject"
          }
        }
      }
    },
    "dataAreaWalletCreditResponseObject" : {
      "type" : "object",
      "properties" : {
        "requestId" : {
          "type" : "number",
          "description" : "field will echo back the requestId in the request in EDW P2P and P2M transactions",
          "example" : "123456"
        },
        "authorizationCode" : {
          "type" : "string",
          "description" : "Alphanumeric authorization code of the transaction",
          "example" : "tOCnKq"
        }
      }
    },
    "transactionDetailsObject" : {
      "type" : "object",
      "required" : [ "bankCode", "customerType", "networkCode", "programCode", "requestId", "transactionAmount", "transactionCurrencyCode", "transactionType" ],
      "properties" : {
        "bankCode" : {
          "type" : "string",
          "description" : "Unique to each Bank , given by EDW",
          "example" : "MSQBNK"
        },
        "networkCode" : {
          "type" : "string",
          "description" : "Network code for each bank given by EDW",
          "example" : "02"
        },
        "programCode" : {
          "type" : "string",
          "description" : "Program Code of Customer or Merchant",
          "example" : "01"
        },
        "transactionType" : {
          "type" : "string",
          "description" : "Transaction Type O - Original R-Reversal",
          "example" : "R"
        },
        "customerType" : {
          "type" : "string",
          "description" : "CONSUMER or MERCHANT",
          "example" : "CONSUMER"
        },
        "requestId" : {
          "type" : "number",
          "description" : "echo back unique identifier 6 digits",
          "example" : "123456"
        },
        "originalRequestId" : {
          "type" : "number",
          "description" : "Present in case of reversal transaction",
          "example" : "876567"
        },
        "originalTransactionDateTime" : {
          "type" : "string",
          "format" : "date-time",
          "description" : "Date and time of transaction Format - YYYYMMDDHH24MISS, Present in case of reversal transaction",
          "example" : "20191231235959"
        },
        "reversalReason" : {
          "type" : "string",
          "description" : "Reason for Reversal from Customer",
          "example" : "Not Satisfied"
        },
        "transactionAmount" : {
          "type" : "number",
          "format" : "double",
          "description" : "Transaction Amount",
          "example" : "1500"
        },
        "transactionCurrencyCode" : {
          "type" : "string",
          "description" : "Currency Code in ISO 4217 format",
          "example" : "AED"
        },
        "remarks" : {
          "type" : "string",
          "description" : "Remarks of the original transaction. Not applicable for POS",
          "example" : "AED"
        }
      }
    },
    "identityObject" : {
      "type" : "object",
      "required" : [ "identityNumber", "identityType" ],
      "properties" : {
        "identityType" : {
          "type" : "string",
          "description" : "Identification Type MOB or POS",
          "example" : "MOB"
        },
        "identityNumber" : {
          "type" : "string",
          "description" : "Identity number is wallet registered mobile number",
          "example" : "+97154XXXXXXX"
        },
        "identityExpiryDate" : {
          "type" : "string",
          "description" : "Expiry Date in ISO 8601 format",
          "example" : "01-APR-2020"
        }
      }
    },
    "accountsObject" : {
      "type" : "object",
      "properties" : {
        "accountStatus" : {
          "type" : "string",
          "description" : "Account Status in EDW central platform",
          "example" : "ACTIVE"
        },
        "currency" : {
          "type" : "string",
          "description" : "ISO Currency Code in 4217 format",
          "example" : "AED"
        },
        "balance" : {
          "type" : "string",
          "description" : "SVA Account Balance",
          "example" : "10500"
        }
      }
    },
    "chargeDetailsObject" : {
      "type" : "object",
      "properties" : {
        "chargeType" : {
          "type" : "string",
          "description" : "Charge Type to be applied for EDW P2P, P2M transaction ",
          "example" : "FEE"
        },
        "chargeAmount" : {
          "type" : "number",
          "format" : "double",
          "description" : "Charge Amount for EDW P2P, P2M transaction",
          "example" : "10"
        },
        "chargeCurrencyCode" : {
          "type" : "string",
          "description" : "ISO 4217 Currency Code for Charge Amount",
          "example" : "AED"
        },
        "chargeBorneBy" : {
          "type" : "string",
          "description" : "Type charge born by example SHA or OUR",
          "example" : "SHA"
        }
      }
    },
    "Error" : {
      "type" : "object",
      "properties" : {
        "responseStatus" : {
          "$ref" : "#/definitions/respStatus_RDO"
        }
      }
    },
    "respStatus_RDO" : {
      "type" : "object",
      "properties" : {
        "status" : {
          "type" : "string",
          "example" : "SUCCESS/ERROR/WARNING"
        },
        "statusMessage" : {
          "type" : "string",
          "example" : "Status Message"
        },
        "errorDetails" : {
          "type" : "array",
          "items" : {
            "$ref" : "#/definitions/errorDetails_RDO"
          }
        },
        "metaData" : {
          "$ref" : "#/definitions/respStatus_RDO_metaData"
        }
      }
    },
    "errorDetails_RDO" : {
      "type" : "object",
      "properties" : {
        "errorCode" : {
          "type" : "string",
          "example" : "SYS001",
          "description" : "Error Status Code"
        },
        "errorDesc" : {
          "type" : "string",
          "example" : "Error message"
        }
      }
    },
    "applicationArea" : {
      "type" : "object",
      "required" : [ "correlationId", "countryOfOrigin", "transactionDateTime", "transactionId" ],
      "properties" : {
        "correlationId" : {
          "type" : "string",
          "description": "Unique identifier used for identifying the transaction lifecycle",
          "example": "8134481cfe144e1e959cdaa3a569e120"
        },
        "countryOfOrigin" : {
          "type" : "string",
          "description": "Country of origination of the request. ISO 3166 country codes in two bytes format",
          "minLength" : 2,
          "maxLength" : 2,
          "example": "AE"
        },
        "creationDateTime" : {
          "type" : "string",
          "format" : "date-time",
          "description": "Creation date of the service in ISO 8601 YYYY-MM-DDTHH:MM:SS:sssZ format. This is an optional field"
        },
        "interfaceID" : {
          "type" : "string",
          "description": "Logical reference of the Interface that intiated the service. This is an optional field",
          "example": ""
        },
        "requiredExecutionDate" : {
          "type" : "string",
          "format" : "date-time",
          "description": "Date on which the transaction needs to be actually posted in ISO 8601 YYYY-MM-DDTHH:MM:SS:sssZ format. This is an optional field"
        },
        "senderUserId" : {
          "type" : "string",
          "description": "Sender's Branch ID. Information about a user who has initiated the transaction",
          "example": "WLT"
        },
        "senderBranchId" : {
          "type" : "string",
          "description": "Sender's Branch ID. Information about a user who has initiated the transaction",
          "example": ""
        },
        "senderId" : {
          "type" : "string",
          "description": "Unique identification for the consumer. This will be agreed by Service owner at the time of setup. It will need to be passed in all requests",
          "example": "WLT"
        },
        "transactionDateTime" : {
          "type" : "string",
          "format" : "date-time",
          "description" : "The data and time the request is initiated in ISO 8601 format: YYYY-MM-DDTHH:MM:SS:sssZ"
        },
        "transactionId" : {
          "type" : "string",
          "example" : "WLT1254378DEFG",
          "description" : "Unique transaction reference id assigned by the Sender to identify the message"
        },
        "transactionTimeZone" : {
          "type" : "string",
          "description" : "Timezone in which transaction is initiated",
          "example" : ""
        },
        "senderAuthorizationID" : {
          "type" : "string",
          "description" : "Identification of the Authorizer who has authorized the transaction. This is an optional field",
          "example" : "IBMB8XXX489"
        },
        "senderReferenceID" : {
          "type" : "string",
          "description" : "Reference ID from Sender to identify the event that cause the service invocation. This is an optional field",
          "example" : "IBMB"
        },
        "senderAuthorizationComments" : {
          "type" : "string",
          "description" : "Comments of the Authorizer on authorizing the transaction. This is an optional field",
          "example" : "EDW Transfer"
        }
      }
    },
    "respStatus_RDO_metaData" : {
      "properties" : {
        "dateFormat" : {
          "type" : "string",
		  "example" : "2017-12-6 00:22:16",
		  "description" :"ISO 8601 YYYY-MM-DD HH : MM: SS format"
        }
      }
    }
  }
}